line,101_CT_1,101_CT_2,101_STEAM_3,101_STEAM_4,102_CT_1,102_CT_2,102_STEAM_3,102_STEAM_4,107_CC_1,113_CT_1,113_CT_2,113_CT_3,113_CT_4,115_STEAM_1,115_STEAM_2,115_STEAM_3,116_STEAM_1,118_CC_1,122_WIND_1,123_CT_1,123_CT_4,123_CT_5,123_STEAM_2,123_STEAM_3,201_CT_1,201_CT_2,201_STEAM_3,202_CT_1,202_CT_2,202_STEAM_3,202_STEAM_4,207_CT_1,207_CT_2,212_CSP_1,213_CC_3,213_CT_1,213_CT_2,215_CT_4,215_CT_5,216_STEAM_1,218_CC_1,221_CC_1,223_CT_4,223_CT_5,223_CT_6,223_STEAM_1,223_STEAM_2,223_STEAM_3,301_CT_1,301_CT_2,301_CT_3,301_CT_4,302_CT_1,302_CT_2,302_CT_3,302_CT_4,303_WIND_1,307_CT_1,307_CT_2,309_WIND_1,313_CC_1,315_CT_6,315_CT_7,315_CT_8,315_STEAM_1,315_STEAM_2,315_STEAM_3,315_STEAM_4,315_STEAM_5,316_STEAM_1,317_WIND_1,318_CC_1,321_CC_1,322_CT_5,322_CT_6,323_CC_1,323_CC_2
A1,0.000000,0.000000,0.000000,0.000000,-0.942885,-0.942885,-0.942885,-0.942885,-0.442530,-0.436340,-0.436340,-0.436340,-0.436340,-0.410124,-0.410124,-0.410124,-0.416607,-0.414049,-0.413911,-0.429184,-0.429184,-0.429184,-0.429184,-0.429184,-0.433017,-0.433017,-0.433017,-0.432954,-0.432954,-0.432954,-0.432954,-0.432394,-0.432394,-0.431607,-0.431425,-0.431425,-0.431425,-0.432682,-0.432682,-0.431932,-0.431902,-0.432147,-0.430159,-0.430159,-0.430159,-0.430159,-0.430159,-0.430159,-0.421239,-0.421239,-0.421239,-0.421239,-0.421224,-0.421224,-0.421224,-0.421224,-0.421704,-0.421094,-0.421094,-0.421147,-0.420722,-0.422641,-0.422641,-0.422641,-0.422641,-0.422641,-0.422641,-0.422641,-0.422641,-0.422292,-0.423199,-0.423679,-0.423313,-0.423269,-0.423269,-0.419900,-0.419900
A2,0.000000,0.000000,0.000000,0.000000,-0.022602,-0.022602,-0.022602,-0.022602,-0.229785,-0.242660,-0.242660,-0.242660,-0.242660,-0.297185,-0.297185,-0.297185,-0.283699,-0.289020,-0.289308,-0.257542,-0.257542,-0.257542,-0.257542,-0.257542,-0.249570,-0.249570,-0.249570,-0.249702,-0.249702,-0.249702,-0.249702,-0.250865,-0.250865,-0.252502,-0.252882,-0.252882,-0.252882,-0.250268,-0.250268,-0.251827,-0.251890,-0.251380,-0.255514,-0.255514,-0.255514,-0.255514,-0.255514,-0.255514,-0.274066,-0.274066,-0.274066,-0.274066,-0.274097,-0.274097,-0.274097,-0.274097,-0.273099,-0.274368,-0.274368,-0.274258,-0.275141,-0.271150,-0.271150,-0.271150,-0.271150,-0.271150,-0.271150,-0.271150,-0.271150,-0.271876,-0.269989,-0.268993,-0.269752,-0.269845,-0.269845,-0.276852,-0.276852
A3,0.000000,0.000000,0.000000,0.000000,-0.034513,-0.034513,-0.034513,-0.034513,-0.327685,-0.321000,-0.321000,-0.321000,-0.321000,-0.292692,-0.292692,-0.292692,-0.299693,-0.296931,-0.296781,-0.313274,-0.313274,-0.313274,-0.313274,-0.313274,-0.317413,-0.317413,-0.317413,-0.317344,-0.317344,-0.317344,-0.317344,-0.316740,-0.316740,-0.315890,-0.315693,-0.315693,-0.315693,-0.317050,-0.317050,-0.316241,-0.316208,-0.316473,-0.314326,-0.314326,-0.314326,-0.314326,-0.314326,-0.314326,-0.304695,-0.304695,-0.304695,-0.304695,-0.304679,-0.304679,-0.304679,-0.304679,-0.305197,-0.304538,-0.304538,-0.304595,-0.304137,-0.306209,-0.306209,-0.306209,-0.306209,-0.306209,-0.306209,-0.306209,-0.306209,-0.305832,-0.306811,-0.307329,-0.306934,-0.306886,-0.306886,-0.303248,-0.303248
A4,0.000000,0.000000,0.000000,0.000000,0.028540,0.028540,0.028540,0.028540,-0.242949,-0.240987,-0.240987,-0.240987,-0.240987,-0.232677,-0.232677,-0.232677,-0.234732,-0.233922,-0.233878,-0.238719,-0.238719,-0.238719,-0.238719,-0.238719,-0.239934,-0.239934,-0.239934,-0.239913,-0.239913,-0.239913,-0.239913,-0.239736,-0.239736,-0.239487,-0.239429,-0.239429,-0.239429,-0.239827,-0.239827,-0.239590,-0.239580,-0.239658,-0.239028,-0.239028,-0.239028,-0.239028,-0.239028,-0.239028,-0.236200,-0.236200,-0.236200,-0.236200,-0.236196,-0.236196,-0.236196,-0.236196,-0.236348,-0.236154,-0.236154,-0.236171,-0.236037,-0.236645,-0.236645,-0.236645,-0.236645,-0.236645,-0.236645,-0.236645,-0.236645,-0.236534,-0.236822,-0.236974,-0.236858,-0.236844,-0.236844,-0.235776,-0.235776
A5,0.000000,0.000000,0.000000,0.000000,0.028576,0.028576,0.028576,0.028576,-0.199581,-0.195353,-0.195353,-0.195353,-0.195353,-0.177446,-0.177446,-0.177446,-0.181875,-0.180128,-0.180033,-0.190466,-0.190466,-0.190466,-0.190466,-0.190466,-0.193084,-0.193084,-0.193084,-0.193040,-0.193040,-0.193040,-0.193040,-0.192658,-0.192658,-0.192121,-0.191996,-0.191996,-0.191996,-0.192854,-0.192854,-0.192343,-0.192322,-0.192489,-0.191131,-0.191131,-0.191131,-0.191131,-0.191131,-0.191131,-0.185039,-0.185039,-0.185039,-0.185039,-0.185029,-0.185029,-0.185029,-0.185029,-0.185357,-0.184940,-0.184940,-0.184976,-0.184686,-0.185997,-0.185997,-0.185997,-0.185997,-0.185997,-0.185997,-0.185997,-0.185997,-0.185758,-0.186378,-0.186705,-0.186456,-0.186425,-0.186425,-0.184124,-0.184124
A6,0.000000,0.000000,0.000000,0.000000,-0.015451,-0.015451,-0.015451,-0.015451,-0.116236,-0.088868,-0.088868,-0.088868,-0.088868,0.027024,0.027024,0.027024,-0.001639,0.009669,0.010281,-0.057238,-0.057238,-0.057238,-0.057238,-0.057238,-0.074182,-0.074182,-0.074182,-0.073901,-0.073901,-0.073901,-0.073901,-0.071428,-0.071428,-0.067949,-0.067141,-0.067141,-0.067141,-0.072699,-0.072699,-0.069385,-0.069251,-0.070335,-0.061547,-0.061547,-0.061547,-0.061547,-0.061547,-0.061547,-0.022115,-0.022115,-0.022115,-0.022115,-0.022050,-0.022050,-0.022050,-0.022050,-0.024172,-0.021473,-0.021473,-0.021707,-0.019831,-0.028314,-0.028314,-0.028314,-0.028314,-0.028314,-0.028314,-0.028314,-0.028314,-0.026771,-0.030780,-0.032899,-0.031284,-0.031086,-0.031086,-0.016194,-0.016194
A7,0.000000,0.000000,0.000000,0.000000,-0.007152,-0.007152,-0.007152,-0.007152,-0.113549,-0.153792,-0.153792,-0.153792,-0.153792,-0.324209,-0.324209,-0.324209,-0.282060,-0.298688,-0.299589,-0.200304,-0.200304,-0.200304,-0.200304,-0.200304,-0.175388,-0.175388,-0.175388,-0.175801,-0.175801,-0.175801,-0.175801,-0.179437,-0.179437,-0.184553,-0.185741,-0.185741,-0.185741,-0.177569,-0.177569,-0.182442,-0.182639,-0.181044,-0.193968,-0.193968,-0.193968,-0.193968,-0.193968,-0.193968,-0.251951,-0.251951,-0.251951,-0.251951,-0.252047,-0.252047,-0.252047,-0.252047,-0.248927,-0.252895,-0.252895,-0.252551,-0.255310,-0.242836,-0.242836,-0.242836,-0.242836,-0.242836,-0.242836,-0.242836,-0.242836,-0.245105,-0.239209,-0.236094,-0.238468,-0.238759,-0.238759,-0.260658,-0.260658
A8,0.000000,0.000000,0.000000,0.000000,0.028540,0.028540,0.028540,0.028540,-0.242949,-0.240987,-0.240987,-0.240987,-0.240987,-0.232677,-0.232677,-0.232677,-0.234732,-0.233922,-0.233878,-0.238719,-0.238719,-0.238719,-0.238719,-0.238719,-0.239934,-0.239934,-0.239934,-0.239913,-0.239913,-0.239913,-0.239913,-0.239736,-0.239736,-0.239487,-0.239429,-0.239429,-0.239429,-0.239827,-0.239827,-0.239590,-0.239580,-0.239658,-0.239028,-0.239028,-0.239028,-0.239028,-0.239028,-0.239028,-0.236200,-0.236200,-0.236200,-0.236200,-0.236196,-0.236196,-0.236196,-0.236196,-0.236348,-0.236154,-0.236154,-0.236171,-0.236037,-0.236645,-0.236645,-0.236645,-0.236645,-0.236645,-0.236645,-0.236645,-0.236645,-0.236534,-0.236822,-0.236974,-0.236858,-0.236844,-0.236844,-0.235776,-0.235776
A9,0.000000,0.000000,0.000000,0.000000,-0.034513,-0.034513,-0.034513,-0.034513,-0.327685,-0.321000,-0.321000,-0.321000,-0.321000,-0.292692,-0.292692,-0.292692,-0.299693,-0.296931,-0.296781,-0.313274,-0.313274,-0.313274,-0.313274,-0.313274,-0.317413,-0.317413,-0.317413,-0.317344,-0.317344,-0.317344,-0.317344,-0.316740,-0.316740,-0.315890,-0.315693,-0.315693,-0.315693,-0.317050,-0.317050,-0.316241,-0.316208,-0.316473,-0.314326,-0.314326,-0.314326,-0.314326,-0.314326,-0.314326,-0.304695,-0.304695,-0.304695,-0.304695,-0.304679,-0.304679,-0.304679,-0.304679,-0.305197,-0.304538,-0.304538,-0.304595,-0.304137,-0.306209,-0.306209,-0.306209,-0.306209,-0.306209,-0.306209,-0.306209,-0.306209,-0.305832,-0.306811,-0.307329,-0.306934,-0.306886,-0.306886,-0.303248,-0.303248
A10,0.000000,0.000000,0.000000,0.000000,0.028576,0.028576,0.028576,0.028576,-0.199581,-0.195353,-0.195353,-0.195353,-0.195353,-0.177446,-0.177446,-0.177446,-0.181875,-0.180128,-0.180033,-0.190466,-0.190466,-0.190466,-0.190466,-0.190466,-0.193084,-0.193084,-0.193084,-0.193040,-0.193040,-0.193040,-0.193040,-0.192658,-0.192658,-0.192121,-0.191996,-0.191996,-0.191996,-0.192854,-0.192854,-0.192343,-0.192322,-0.192489,-0.191131,-0.191131,-0.191131,-0.191131,-0.191131,-0.191131,-0.185039,-0.185039,-0.185039,-0.185039,-0.185029,-0.185029,-0.185029,-0.185029,-0.185357,-0.184940,-0.184940,-0.184976,-0.184686,-0.185997,-0.185997,-0.185997,-0.185997,-0.185997,-0.185997,-0.185997,-0.185997,-0.185758,-0.186378,-0.186705,-0.186456,-0.186425,-0.186425,-0.184124,-0.184124
A11,0.000000,0.000000,0.000000,0.000000,-0.000654,-0.000654,-0.000654,-0.000654,0.671146,0.064078,0.064078,0.064078,0.064078,0.061772,0.061772,0.061772,0.062714,0.066680,0.066895,0.075936,0.075936,0.075936,0.075936,0.075936,0.238488,0.238488,0.238488,0.236227,0.236227,0.236227,0.236227,0.216359,0.216359,0.195471,0.187579,0.187579,0.187579,0.146549,0.146549,0.149070,0.137762,0.140526,0.163176,0.163176,0.163176,0.163176,0.163176,0.163176,0.112757,0.112757,0.112757,0.112757,0.112674,0.112674,0.112674,0.112674,0.115387,0.111937,0.111937,0.112235,0.109836,0.120683,0.120683,0.120683,0.120683,0.120683,0.120683,0.120683,0.120683,0.118710,0.123837,0.126545,0.124481,0.124228,0.124228,0.105186,0.105186
AB1,0.000000,0.000000,0.000000,0.000000,0.000654,0.000654,0.000654,0.000654,0.328854,-0.064078,-0.064078,-0.064078,-0.064078,-0.061772,-0.061772,-0.061772,-0.062714,-0.066680,-0.066895,-0.075936,-0.075936,-0.075936,-0.075936,-0.075936,-0.238488,-0.238488,-0.238488,-0.236227,-0.236227,-0.236227,-0.236227,-0.216359,-0.216359,-0.195471,-0.187579,-0.187579,-0.187579,-0.146549,-0.146549,-0.149070,-0.137762,-0.140526,-0.163176,-0.163176,-0.163176,-0.163176,-0.163176,-0.163176,-0.112757,-0.112757,-0.112757,-0.112757,-0.112674,-0.112674,-0.112674,-0.112674,-0.115387,-0.111937,-0.111937,-0.112235,-0.109836,-0.120683,-0.120683,-0.120683,-0.120683,-0.120683,-0.120683,-0.120683,-0.120683,-0.118710,-0.123837,-0.126545,-0.124481,-0.124228,-0.124228,-0.105186,-0.105186
A12-1,0.000000,0.000000,0.000000,0.000000,-0.002257,-0.002257,-0.002257,-0.002257,0.318521,0.013119,0.013119,0.013119,0.013119,0.004054,0.004054,0.004054,0.006482,0.007693,0.007759,0.016888,0.016888,0.016888,0.016888,0.016888,0.099321,0.099321,0.099321,0.098172,0.098172,0.098172,0.098172,0.088069,0.088069,0.077387,0.073386,0.073386,0.073386,0.053251,0.053251,0.054285,0.048622,0.050078,0.060803,0.060803,0.060803,0.060803,0.060803,0.060803,0.032902,0.032902,0.032902,0.032902,0.032855,0.032855,0.032855,0.032855,0.034357,0.032447,0.032447,0.032612,0.031285,0.037288,0.037288,0.037288,0.037288,0.037288,0.037288,0.037288,0.037288,0.036195,0.039033,0.040532,0.039389,0.039249,0.039249,0.028712,0.028712
A13-2,0.000000,0.000000,0.000000,0.000000,0.001603,0.001603,0.001603,0.001603,0.352625,0.050959,0.050959,0.050959,0.050959,0.057718,0.057718,0.057718,0.056232,0.058987,0.059137,0.059047,0.059047,0.059047,0.059047,0.059047,0.139167,0.139167,0.139167,0.138055,0.138055,0.138055,0.138055,0.128290,0.128290,0.118084,0.114193,0.114193,0.114193,0.093299,0.093299,0.094785,0.089140,0.090448,0.102373,0.102373,0.102373,0.102373,0.102373,0.102373,0.079856,0.079856,0.079856,0.079856,0.079818,0.079818,0.079818,0.079818,0.081030,0.079489,0.079489,0.079623,0.078551,0.083396,0.083396,0.083396,0.083396,0.083396,0.083396,0.083396,0.083396,0.082514,0.084804,0.086014,0.085092,0.084979,0.084979,0.076474,0.076474
A14,0.000000,0.000000,0.000000,0.000000,0.005599,0.005599,0.005599,0.005599,-0.016232,-0.151127,-0.151127,-0.151127,-0.151127,-0.118105,-0.118105,-0.118105,-0.134180,-0.125487,-0.125016,-0.119738,-0.119738,-0.119738,-0.119738,-0.119738,-0.100731,-0.100731,-0.100731,-0.101156,-0.101156,-0.101156,-0.101156,-0.104888,-0.104888,-0.108681,-0.110190,-0.110190,-0.110190,-0.120721,-0.120721,-0.118477,-0.119700,-0.120021,-0.114392,-0.114392,-0.114392,-0.114392,-0.114392,-0.114392,-0.118903,-0.118903,-0.118903,-0.118903,-0.118911,-0.118911,-0.118911,-0.118911,-0.118668,-0.118977,-0.118977,-0.118950,-0.119165,-0.118194,-0.118194,-0.118194,-0.118194,-0.118194,-0.118194,-0.118194,-0.118194,-0.118371,-0.117912,-0.117669,-0.117854,-0.117877,-0.117877,-0.119581,-0.119581
A15,0.000000,0.000000,0.000000,0.000000,0.005233,0.005233,0.005233,0.005233,-0.024431,-0.165608,-0.165608,-0.165608,-0.165608,-0.083494,-0.083494,-0.083494,-0.095710,-0.091073,-0.090822,-0.159330,-0.159330,-0.159330,-0.159330,-0.159330,-0.114063,-0.114063,-0.114063,-0.114487,-0.114487,-0.114487,-0.114487,-0.118207,-0.118207,-0.121368,-0.122994,-0.122994,-0.122994,-0.138555,-0.138555,-0.136213,-0.140509,-0.139894,-0.125380,-0.125380,-0.125380,-0.125380,-0.125380,-0.125380,-0.106511,-0.106511,-0.106511,-0.106511,-0.106480,-0.106480,-0.106480,-0.106480,-0.107495,-0.106204,-0.106204,-0.106316,-0.105418,-0.109477,-0.109477,-0.109477,-0.109477,-0.109477,-0.109477,-0.109477,-0.109477,-0.108739,-0.110658,-0.111671,-0.110899,-0.110804,-0.110804,-0.103677,-0.103677
A16,0.000000,0.000000,0.000000,0.000000,-0.001984,-0.001984,-0.001984,-0.001984,-0.083222,-0.225456,-0.225456,-0.225456,-0.225456,-0.223516,-0.223516,-0.223516,-0.231903,-0.226243,-0.225936,-0.202550,-0.202550,-0.202550,-0.202550,-0.202550,-0.178999,-0.178999,-0.178999,-0.179499,-0.179499,-0.179499,-0.179499,-0.183895,-0.183895,-0.188620,-0.190346,-0.190346,-0.190346,-0.199386,-0.199386,-0.198031,-0.199290,-0.199320,-0.196048,-0.196048,-0.196048,-0.196048,-0.196048,-0.196048,-0.211135,-0.211135,-0.211135,-0.211135,-0.211160,-0.211160,-0.211160,-0.211160,-0.210348,-0.211381,-0.211381,-0.211291,-0.212009,-0.208763,-0.208763,-0.208763,-0.208763,-0.208763,-0.208763,-0.208763,-0.208763,-0.209354,-0.207820,-0.207009,-0.207627,-0.207703,-0.207703,-0.213401,-0.213401
A17,0.000000,0.000000,0.000000,0.000000,-0.002350,-0.002350,-0.002350,-0.002350,-0.091420,-0.239937,-0.239937,-0.239937,-0.239937,-0.188905,-0.188905,-0.188905,-0.193433,-0.191829,-0.191742,-0.242142,-0.242142,-0.242142,-0.242142,-0.242142,-0.192331,-0.192331,-0.192331,-0.192830,-0.192830,-0.192830,-0.192830,-0.197213,-0.197213,-0.201307,-0.203150,-0.203150,-0.203150,-0.217220,-0.217220,-0.215768,-0.220100,-0.219194,-0.207037,-0.207037,-0.207037,-0.207037,-0.207037,-0.207037,-0.198743,-0.198743,-0.198743,-0.198743,-0.198729,-0.198729,-0.198729,-0.198729,-0.199175,-0.198608,-0.198608,-0.198657,-0.198262,-0.200047,-0.200047,-0.200047,-0.200047,-0.200047,-0.200047,-0.200047,-0.200047,-0.199722,-0.200565,-0.201011,-0.200671,-0.200630,-0.200630,-0.197497,-0.197497
A18,0.000000,0.000000,0.000000,0.000000,0.000597,0.000597,0.000597,0.000597,-0.086874,-0.381457,-0.381457,-0.381457,-0.381457,-0.056375,-0.056375,-0.056375,-0.055259,-0.062604,-0.063002,-0.193167,-0.193167,-0.193167,-0.193167,-0.193167,-0.204102,-0.204102,-0.204102,-0.204523,-0.204523,-0.204523,-0.204523,-0.208226,-0.208226,-0.209836,-0.211758,-0.211758,-0.211758,-0.252153,-0.252153,-0.237192,-0.238084,-0.242510,-0.209670,-0.209670,-0.209670,-0.209670,-0.209670,-0.209670,-0.133031,-0.133031,-0.133031,-0.133031,-0.132904,-0.132904,-0.132904,-0.132904,-0.137028,-0.131784,-0.131784,-0.132237,-0.128590,-0.145079,-0.145079,-0.145079,-0.145079,-0.145079,-0.145079,-0.145079,-0.145079,-0.142079,-0.149872,-0.153989,-0.150852,-0.150467,-0.150467,-0.121522,-0.121522
A19,0.000000,0.000000,0.000000,0.000000,0.003019,0.003019,0.003019,0.003019,-0.012580,0.004873,0.004873,0.004873,0.004873,-0.285245,-0.285245,-0.285245,-0.310823,-0.289125,-0.287950,-0.129121,-0.129121,-0.129121,-0.129121,-0.129121,-0.075628,-0.075628,-0.075628,-0.076131,-0.076131,-0.076131,-0.076131,-0.080557,-0.080557,-0.087465,-0.088777,-0.088777,-0.088777,-0.067954,-0.067954,-0.079316,-0.080906,-0.076832,-0.100770,-0.100770,-0.100770,-0.100770,-0.100770,-0.100770,-0.197007,-0.197007,-0.197007,-0.197007,-0.197167,-0.197167,-0.197167,-0.197167,-0.191988,-0.198574,-0.198574,-0.198004,-0.202583,-0.181878,-0.181878,-0.181878,-0.181878,-0.181878,-0.181878,-0.181878,-0.181878,-0.185645,-0.175859,-0.170689,-0.174629,-0.175112,-0.175112,-0.211459,-0.211459
A20,0.000000,0.000000,0.000000,0.000000,0.001238,0.001238,0.001238,0.001238,-0.072527,-0.356115,-0.356115,-0.356115,-0.356115,-0.116945,-0.116945,-0.116945,-0.122581,-0.122828,-0.122841,-0.123881,-0.123881,-0.123881,-0.123881,-0.123881,-0.180771,-0.180771,-0.180771,-0.181194,-0.181194,-0.181194,-0.181194,-0.184918,-0.184918,-0.187634,-0.189350,-0.189350,-0.189350,-0.220943,-0.220943,-0.206153,-0.201668,-0.207731,-0.190439,-0.190439,-0.190439,-0.190439,-0.190439,-0.190439,-0.154717,-0.154717,-0.154717,-0.154717,-0.154658,-0.154658,-0.154658,-0.154658,-0.156580,-0.154136,-0.154136,-0.154347,-0.152647,-0.160333,-0.160333,-0.160333,-0.160333,-0.160333,-0.160333,-0.160333,-0.160333,-0.158935,-0.162567,-0.164486,-0.163024,-0.162844,-0.162844,-0.149353,-0.149353
A21,0.000000,0.000000,0.000000,0.000000,0.001645,0.001645,0.001645,0.001645,-0.043324,-0.049431,-0.049431,-0.049431,-0.049431,-0.155454,-0.155454,-0.155454,-0.166562,-0.160074,-0.159723,-0.277591,-0.277591,-0.277591,-0.277591,-0.277591,-0.125624,-0.125624,-0.125624,-0.126122,-0.126122,-0.126122,-0.126122,-0.130503,-0.130503,-0.135041,-0.136794,-0.136794,-0.136794,-0.134832,-0.134832,-0.145828,-0.158941,-0.151357,-0.141978,-0.141978,-0.141978,-0.141978,-0.141978,-0.141978,-0.150537,-0.150537,-0.150537,-0.150537,-0.150551,-0.150551,-0.150551,-0.150551,-0.150090,-0.150676,-0.150676,-0.150625,-0.151033,-0.149191,-0.149191,-0.149191,-0.149191,-0.149191,-0.149191,-0.149191,-0.149191,-0.149526,-0.148656,-0.148196,-0.148546,-0.148589,-0.148589,-0.151822,-0.151822
A22,0.000000,0.000000,0.000000,0.000000,0.001151,0.001151,0.001151,0.001151,-0.008289,0.141364,0.141364,0.141364,0.141364,-0.108801,-0.108801,-0.108801,-0.118076,-0.110707,-0.110307,-0.241150,-0.241150,-0.241150,-0.241150,-0.241150,-0.040328,-0.040328,-0.040328,-0.040650,-0.040650,-0.040650,-0.040650,-0.043480,-0.043480,-0.047040,-0.048048,-0.048048,-0.048048,-0.028430,-0.028430,-0.048850,-0.065946,-0.054144,-0.053227,-0.053227,-0.053227,-0.053227,-0.053227,-0.053227,-0.082478,-0.082478,-0.082478,-0.082478,-0.082527,-0.082527,-0.082527,-0.082527,-0.080953,-0.082955,-0.082955,-0.082782,-0.084173,-0.077880,-0.077880,-0.077880,-0.077880,-0.077880,-0.077880,-0.077880,-0.077880,-0.079025,-0.076051,-0.074479,-0.075676,-0.075824,-0.075824,-0.086871,-0.086871
AB2,0.000000,0.000000,0.000000,0.000000,0.000683,0.000683,0.000683,0.000683,-0.151112,0.121064,0.121064,0.121064,0.121064,-0.064519,-0.064519,-0.064519,-0.059764,-0.074725,-0.075535,-0.075898,-0.075898,-0.075898,-0.075898,-0.075898,-0.344545,-0.344545,-0.344545,-0.345068,-0.345068,-0.345068,-0.345068,-0.349664,-0.349664,-0.350430,-0.353060,-0.353060,-0.353060,-0.444665,-0.444665,-0.394495,-0.373806,-0.396098,-0.346882,-0.346882,-0.346882,-0.346882,-0.346882,-0.346882,-0.205270,-0.205270,-0.205270,-0.205270,-0.205035,-0.205035,-0.205035,-0.205035,-0.212655,-0.202965,-0.202965,-0.203803,-0.197064,-0.227531,-0.227531,-0.227531,-0.227531,-0.227531,-0.227531,-0.227531,-0.227531,-0.221989,-0.236389,-0.243996,-0.238200,-0.237488,-0.237488,-0.184004,-0.184004
A23,0.000000,0.000000,0.000000,0.000000,0.003019,0.003019,0.003019,0.003019,-0.012580,0.004873,0.004873,0.004873,0.004873,-0.285245,-0.285245,-0.285245,-0.310823,-0.289125,-0.287950,-0.129121,-0.129121,-0.129121,-0.129121,-0.129121,-0.075628,-0.075628,-0.075628,-0.076131,-0.076131,-0.076131,-0.076131,-0.080557,-0.080557,-0.087465,-0.088777,-0.088777,-0.088777,-0.067954,-0.067954,-0.079316,-0.080906,-0.076832,-0.100770,-0.100770,-0.100770,-0.100770,-0.100770,-0.100770,-0.197007,-0.197007,-0.197007,-0.197007,-0.197167,-0.197167,-0.197167,-0.197167,-0.191988,-0.198574,-0.198574,-0.198004,-0.202583,-0.181878,-0.181878,-0.181878,-0.181878,-0.181878,-0.181878,-0.181878,-0.181878,-0.185645,-0.175859,-0.170689,-0.174629,-0.175112,-0.175112,-0.211459,-0.211459
A24,0.000000,0.000000,0.000000,0.000000,-0.005340,-0.005340,-0.005340,-0.005340,-0.060208,-0.109541,-0.109541,-0.109541,-0.109541,0.504563,0.504563,0.504563,-0.264656,0.119390,0.140200,-0.157008,-0.157008,-0.157008,-0.157008,-0.157008,-0.063221,-0.063221,-0.063221,-0.063032,-0.063032,-0.063032,-0.063032,-0.061377,-0.061377,-0.055878,-0.055964,-0.055964,-0.055964,-0.088564,-0.088564,-0.082809,-0.095776,-0.093507,-0.043006,-0.043006,-0.043006,-0.043006,-0.043006,-0.043006,0.102823,0.102823,0.102823,0.102823,0.103065,0.103065,0.103065,0.103065,0.095218,0.105197,0.105197,0.104334,0.111273,0.079899,0.079899,0.079899,0.079899,0.079899,0.079899,0.079899,0.079899,0.085607,0.070778,0.062944,0.068913,0.069646,0.069646,0.124723,0.124723
A25-1,0.000000,0.000000,0.000000,0.000000,-0.000906,-0.000906,-0.000906,-0.000906,-0.026670,-0.022125,-0.022125,-0.022125,-0.022125,0.085614,0.085614,0.085614,-0.008702,-0.209039,-0.219895,-0.021648,-0.021648,-0.021648,-0.021648,-0.021648,-0.056083,-0.056083,-0.056083,-0.056384,-0.056384,-0.056384,-0.056384,-0.059030,-0.059030,-0.064337,-0.064888,-0.064888,-0.064888,-0.044503,-0.044503,-0.049816,-0.043432,-0.043769,-0.075481,-0.075481,-0.075481,-0.075481,-0.075481,-0.075481,-0.177387,-0.177387,-0.177387,-0.177387,-0.177556,-0.177556,-0.177556,-0.177556,-0.172073,-0.179046,-0.179046,-0.178443,-0.183292,-0.161367,-0.161367,-0.161367,-0.161367,-0.161367,-0.161367,-0.161367,-0.161367,-0.165356,-0.154993,-0.149519,-0.153690,-0.154203,-0.154203,-0.192690,-0.192690
A25-2,0.000000,0.000000,0.000000,0.000000,-0.000906,-0.000906,-0.000906,-0.000906,-0.026670,-0.022125,-0.022125,-0.022125,-0.022125,0.085614,0.085614,0.085614,-0.008702,-0.209039,-0.219895,-0.021648,-0.021648,-0.021648,-0.021648,-0.021648,-0.056083,-0.056083,-0.056083,-0.056384,-0.056384,-0.056384,-0.056384,-0.059030,-0.059030,-0.064337,-0.064888,-0.064888,-0.064888,-0.044503,-0.044503,-0.049816,-0.043432,-0.043769,-0.075481,-0.075481,-0.075481,-0.075481,-0.075481,-0.075481,-0.177387,-0.177387,-0.177387,-0.177387,-0.177556,-0.177556,-0.177556,-0.177556,-0.172073,-0.179046,-0.179046,-0.178443,-0.183292,-0.161367,-0.161367,-0.161367,-0.161367,-0.161367,-0.161367,-0.161367,-0.161367,-0.165356,-0.154993,-0.149519,-0.153690,-0.154203,-0.154203,-0.192690,-0.192690
A26,0.000000,0.000000,0.000000,0.000000,0.007152,0.007152,0.007152,0.007152,0.113549,0.153792,0.153792,0.153792,0.153792,0.324209,0.324209,0.324209,0.282060,0.298688,0.299589,0.200304,0.200304,0.200304,0.200304,0.200304,0.175388,0.175388,0.175388,0.175801,0.175801,0.175801,0.175801,0.179437,0.179437,0.184553,0.185741,0.185741,0.185741,0.177569,0.177569,0.182442,0.182639,0.181044,0.193968,0.193968,0.193968,0.193968,0.193968,0.193968,0.251951,0.251951,0.251951,0.251951,0.252047,0.252047,0.252047,0.252047,0.248927,0.252895,0.252895,0.252551,0.255310,0.242836,0.242836,0.242836,0.242836,0.242836,0.242836,0.242836,0.242836,0.245105,0.239209,0.236094,0.238468,0.238759,0.238759,0.260658,0.260658
A27,0.000000,0.000000,0.000000,0.000000,0.000940,0.000940,0.000940,0.000940,-0.005740,0.015765,0.015765,0.015765,0.015765,-0.088795,-0.088795,-0.088795,0.082519,-0.476498,-0.452603,0.032588,0.032588,0.032588,0.032588,0.032588,-0.033904,-0.033904,-0.033904,-0.034268,-0.034268,-0.034268,-0.034268,-0.037465,-0.037465,-0.044628,-0.045145,-0.045145,-0.045145,-0.013677,-0.013677,-0.020935,-0.010130,-0.011246,-0.060125,-0.060125,-0.060125,-0.060125,-0.060125,-0.060125,-0.211527,-0.211527,-0.211527,-0.211527,-0.211779,-0.211779,-0.211779,-0.211779,-0.203632,-0.213992,-0.213992,-0.213097,-0.220300,-0.187727,-0.187727,-0.187727,-0.187727,-0.187727,-0.187727,-0.187727,-0.187727,-0.193653,-0.178257,-0.170124,-0.176322,-0.177082,-0.177082,-0.234264,-0.234264
A28,0.000000,0.000000,0.000000,0.000000,-0.003261,-0.003261,-0.003261,-0.003261,-0.067048,-0.120433,-0.120433,-0.120433,-0.120433,0.308112,0.308112,0.308112,0.342001,0.306763,0.304853,-0.318718,-0.318718,-0.318718,-0.318718,-0.318718,-0.104945,-0.104945,-0.104945,-0.104896,-0.104896,-0.104896,-0.104896,-0.104469,-0.104469,-0.098716,-0.099596,-0.099596,-0.099596,-0.142841,-0.142841,-0.141190,-0.166552,-0.159092,-0.083651,-0.083651,-0.083651,-0.083651,-0.083651,-0.083651,0.117344,0.117344,0.117344,0.117344,0.117678,0.117678,0.117678,0.117678,0.106862,0.120616,0.120616,0.119427,0.128990,0.085748,0.085748,0.085748,0.085748,0.085748,0.085748,0.085748,0.085748,0.093615,0.073176,0.062379,0.070606,0.071616,0.071616,0.147528,0.147528
A29,0.000000,0.000000,0.000000,0.000000,0.000813,0.000813,0.000813,0.000813,-0.004965,0.013636,0.013636,0.013636,0.013636,-0.076807,-0.076807,-0.076807,0.071379,-0.477171,-0.051502,0.028189,0.028189,0.028189,0.028189,0.028189,-0.029327,-0.029327,-0.029327,-0.029642,-0.029642,-0.029642,-0.029642,-0.032407,-0.032407,-0.038603,-0.039051,-0.039051,-0.039051,-0.011831,-0.011831,-0.018109,-0.008763,-0.009728,-0.052008,-0.052008,-0.052008,-0.052008,-0.052008,-0.052008,-0.182971,-0.182971,-0.182971,-0.182971,-0.183189,-0.183189,-0.183189,-0.183189,-0.176142,-0.185103,-0.185103,-0.184329,-0.190560,-0.162384,-0.162384,-0.162384,-0.162384,-0.162384,-0.162384,-0.162384,-0.162384,-0.167510,-0.154193,-0.147157,-0.152518,-0.153176,-0.153176,-0.202639,-0.202639
A30,0.000000,0.000000,0.000000,0.000000,0.000127,0.000127,0.000127,0.000127,-0.000775,0.002128,0.002128,0.002128,0.002128,-0.011987,-0.011987,-0.011987,0.011140,0.000673,-0.401101,0.004399,0.004399,0.004399,0.004399,0.004399,-0.004577,-0.004577,-0.004577,-0.004626,-0.004626,-0.004626,-0.004626,-0.005058,-0.005058,-0.006025,-0.006095,-0.006095,-0.006095,-0.001846,-0.001846,-0.002826,-0.001368,-0.001518,-0.008117,-0.008117,-0.008117,-0.008117,-0.008117,-0.008117,-0.028556,-0.028556,-0.028556,-0.028556,-0.028590,-0.028590,-0.028590,-0.028590,-0.027490,-0.028889,-0.028889,-0.028768,-0.029741,-0.025343,-0.025343,-0.025343,-0.025343,-0.025343,-0.025343,-0.025343,-0.025343,-0.026143,-0.024065,-0.022967,-0.023803,-0.023906,-0.023906,-0.031626,-0.031626
A31-1,0.000000,0.000000,0.000000,0.000000,0.000406,0.000406,0.000406,0.000406,-0.002483,0.006818,0.006818,0.006818,0.006818,-0.038404,-0.038404,-0.038404,0.035690,0.261415,-0.025751,0.014094,0.014094,0.014094,0.014094,0.014094,-0.014663,-0.014663,-0.014663,-0.014821,-0.014821,-0.014821,-0.014821,-0.016204,-0.016204,-0.019302,-0.019525,-0.019525,-0.019525,-0.005915,-0.005915,-0.009054,-0.004381,-0.004864,-0.026004,-0.026004,-0.026004,-0.026004,-0.026004,-0.026004,-0.091486,-0.091486,-0.091486,-0.091486,-0.091595,-0.091595,-0.091595,-0.091595,-0.088071,-0.092552,-0.092552,-0.092164,-0.095280,-0.081192,-0.081192,-0.081192,-0.081192,-0.081192,-0.081192,-0.081192,-0.081192,-0.083755,-0.077096,-0.073579,-0.076259,-0.076588,-0.076588,-0.101319,-0.101319
A31-2,0.000000,0.000000,0.000000,0.000000,0.000406,0.000406,0.000406,0.000406,-0.002483,0.006818,0.006818,0.006818,0.006818,-0.038404,-0.038404,-0.038404,0.035690,0.261415,-0.025751,0.014094,0.014094,0.014094,0.014094,0.014094,-0.014663,-0.014663,-0.014663,-0.014821,-0.014821,-0.014821,-0.014821,-0.016204,-0.016204,-0.019302,-0.019525,-0.019525,-0.019525,-0.005915,-0.005915,-0.009054,-0.004381,-0.004864,-0.026004,-0.026004,-0.026004,-0.026004,-0.026004,-0.026004,-0.091486,-0.091486,-0.091486,-0.091486,-0.091595,-0.091595,-0.091595,-0.091595,-0.088071,-0.092552,-0.092552,-0.092164,-0.095280,-0.081192,-0.081192,-0.081192,-0.081192,-0.081192,-0.081192,-0.081192,-0.081192,-0.083755,-0.077096,-0.073579,-0.076259,-0.076588,-0.076588,-0.101319,-0.101319
A32-1,0.000000,0.000000,0.000000,0.000000,-0.001630,-0.001630,-0.001630,-0.001630,-0.033524,-0.060216,-0.060216,-0.060216,-0.060216,0.154056,0.154056,0.154056,0.171001,0.153381,0.152427,-0.159359,-0.159359,-0.159359,-0.159359,-0.159359,-0.052472,-0.052472,-0.052472,-0.052448,-0.052448,-0.052448,-0.052448,-0.052234,-0.052234,-0.049358,-0.049798,-0.049798,-0.049798,-0.071420,-0.071420,-0.070595,-0.083276,-0.079546,-0.041825,-0.041825,-0.041825,-0.041825,-0.041825,-0.041825,0.058672,0.058672,0.058672,0.058672,0.058839,0.058839,0.058839,0.058839,0.053431,0.060308,0.060308,0.059713,0.064495,0.042874,0.042874,0.042874,0.042874,0.042874,0.042874,0.042874,0.042874,0.046807,0.036588,0.031189,0.035303,0.035808,0.035808,0.073764,0.073764
A32-2,0.000000,0.000000,0.000000,0.000000,-0.001630,-0.001630,-0.001630,-0.001630,-0.033524,-0.060216,-0.060216,-0.060216,-0.060216,0.154056,0.154056,0.154056,0.171001,0.153381,0.152427,-0.159359,-0.159359,-0.159359,-0.159359,-0.159359,-0.052472,-0.052472,-0.052472,-0.052448,-0.052448,-0.052448,-0.052448,-0.052234,-0.052234,-0.049358,-0.049798,-0.049798,-0.049798,-0.071420,-0.071420,-0.070595,-0.083276,-0.079546,-0.041825,-0.041825,-0.041825,-0.041825,-0.041825,-0.041825,0.058672,0.058672,0.058672,0.058672,0.058839,0.058839,0.058839,0.058839,0.053431,0.060308,0.060308,0.059713,0.064495,0.042874,0.042874,0.042874,0.042874,0.042874,0.042874,0.042874,0.042874,0.046807,0.036588,0.031189,0.035303,0.035808,0.035808,0.073764,0.073764
A33-1,0.000000,0.000000,0.000000,0.000000,-0.001630,-0.001630,-0.001630,-0.001630,-0.033524,-0.060216,-0.060216,-0.060216,-0.060216,0.154056,0.154056,0.154056,0.171001,0.153381,0.152427,-0.159359,-0.159359,-0.159359,-0.159359,-0.159359,-0.052472,-0.052472,-0.052472,-0.052448,-0.052448,-0.052448,-0.052448,-0.052234,-0.052234,-0.049358,-0.049798,-0.049798,-0.049798,-0.071420,-0.071420,-0.070595,-0.083276,-0.079546,-0.041825,-0.041825,-0.041825,-0.041825,-0.041825,-0.041825,0.058672,0.058672,0.058672,0.058672,0.058839,0.058839,0.058839,0.058839,0.053431,0.060308,0.060308,0.059713,0.064495,0.042874,0.042874,0.042874,0.042874,0.042874,0.042874,0.042874,0.042874,0.046807,0.036588,0.031189,0.035303,0.035808,0.035808,0.073764,0.073764
A33-2,0.000000,0.000000,0.000000,0.000000,-0.001630,-0.001630,-0.001630,-0.001630,-0.033524,-0.060216,-0.060216,-0.060216,-0.060216,0.154056,0.154056,0.154056,0.171001,0.153381,0.152427,-0.159359,-0.159359,-0.159359,-0.159359,-0.159359,-0.052472,-0.052472,-0.052472,-0.052448,-0.052448,-0.052448,-0.052448,-0.052234,-0.052234,-0.049358,-0.049798,-0.049798,-0.049798,-0.071420,-0.071420,-0.070595,-0.083276,-0.079546,-0.041825,-0.041825,-0.041825,-0.041825,-0.041825,-0.041825,0.058672,0.058672,0.058672,0.058672,0.058839,0.058839,0.058839,0.058839,0.053431,0.060308,0.060308,0.059713,0.064495,0.042874,0.042874,0.042874,0.042874,0.042874,0.042874,0.042874,0.042874,0.046807,0.036588,0.031189,0.035303,0.035808,0.035808,0.073764,0.073764
A34,0.000000,0.000000,0.000000,0.000000,-0.000127,-0.000127,-0.000127,-0.000127,0.000775,-0.002128,-0.002128,-0.002128,-0.002128,0.011987,0.011987,0.011987,-0.011140,-0.000673,-0.598899,-0.004399,-0.004399,-0.004399,-0.004399,-0.004399,0.004577,0.004577,0.004577,0.004626,0.004626,0.004626,0.004626,0.005058,0.005058,0.006025,0.006095,0.006095,0.006095,0.001846,0.001846,0.002826,0.001368,0.001518,0.008117,0.008117,0.008117,0.008117,0.008117,0.008117,0.028556,0.028556,0.028556,0.028556,0.028590,0.028590,0.028590,0.028590,0.027490,0.028889,0.028889,0.028768,0.029741,0.025343,0.025343,0.025343,0.025343,0.025343,0.025343,0.025343,0.025343,0.026143,0.024065,0.022967,0.023803,0.023906,0.023906,0.031626,0.031626
AB3,0.000000,0.000000,0.000000,0.000000,-0.000464,-0.000464,-0.000464,-0.000464,-0.118661,-0.028500,-0.028500,-0.028500,-0.028500,0.043857,0.043857,0.043857,0.057363,0.035982,0.034823,0.162541,0.162541,0.162541,0.162541,0.162541,-0.270896,-0.270896,-0.270896,-0.271668,-0.271668,-0.271668,-0.271668,-0.278451,-0.278451,-0.280797,-0.284438,-0.284438,-0.284438,-0.306103,-0.306103,-0.335868,-0.391438,-0.364593,-0.278855,-0.278855,-0.278855,-0.278855,-0.278855,-0.278855,-0.115671,-0.115671,-0.115671,-0.115671,-0.115400,-0.115400,-0.115400,-0.115400,-0.124181,-0.113015,-0.113015,-0.113980,-0.106216,-0.141324,-0.141324,-0.141324,-0.141324,-0.141324,-0.141324,-0.141324,-0.141324,-0.134937,-0.151530,-0.160297,-0.153617,-0.152797,-0.152797,-0.091166,-0.091166
B1,0.000000,0.000000,0.000000,0.000000,0.000064,0.000064,0.000064,0.000064,0.023800,-0.003597,-0.003597,-0.003597,-0.003597,-0.006015,-0.006015,-0.006015,-0.005786,-0.006776,-0.006830,-0.005598,-0.005598,-0.005598,-0.005598,-0.005598,0.394768,0.394768,0.394768,-0.547979,-0.547979,-0.547979,-0.547979,-0.053116,-0.053116,-0.042151,-0.037737,-0.037737,-0.037737,-0.006399,-0.006399,-0.012894,-0.008849,-0.008078,-0.025745,-0.025745,-0.025745,-0.025745,-0.025745,-0.025745,-0.015867,-0.015867,-0.015867,-0.015867,-0.015850,-0.015850,-0.015850,-0.015850,-0.016382,-0.015706,-0.015706,-0.015764,-0.015294,-0.017420,-0.017420,-0.017420,-0.017420,-0.017420,-0.017420,-0.017420,-0.017420,-0.017033,-0.018037,-0.018568,-0.018164,-0.018114,-0.018114,-0.014383,-0.014383
B2,0.000000,0.000000,0.000000,0.000000,-0.000132,-0.000132,-0.000132,-0.000132,-0.049499,0.007481,0.007481,0.007481,0.007481,0.012510,0.012510,0.012510,0.012034,0.014094,0.014205,0.011643,0.011643,0.011643,0.011643,0.011643,0.329122,0.329122,0.329122,0.306233,0.306233,0.306233,0.306233,0.110471,0.110471,0.087665,0.078487,0.078487,0.078487,0.013309,0.013309,0.026818,0.018404,0.016801,0.053544,0.053544,0.053544,0.053544,0.053544,0.053544,0.033000,0.033000,0.033000,0.033000,0.032966,0.032966,0.032966,0.032966,0.034071,0.032666,0.032666,0.032787,0.031810,0.036230,0.036230,0.036230,0.036230,0.036230,0.036230,0.036230,0.036230,0.035425,0.037515,0.038618,0.037777,0.037674,0.037674,0.029915,0.029915
B3,0.000000,0.000000,0.000000,0.000000,0.000069,0.000069,0.000069,0.000069,0.025699,-0.003884,-0.003884,-0.003884,-0.003884,-0.006495,-0.006495,-0.006495,-0.006248,-0.007317,-0.007375,-0.006045,-0.006045,-0.006045,-0.006045,-0.006045,0.276110,0.276110,0.276110,0.241746,0.241746,0.241746,0.241746,-0.057355,-0.057355,-0.045515,-0.040749,-0.040749,-0.040749,-0.006910,-0.006910,-0.013924,-0.009555,-0.008723,-0.027800,-0.027800,-0.027800,-0.027800,-0.027800,-0.027800,-0.017133,-0.017133,-0.017133,-0.017133,-0.017116,-0.017116,-0.017116,-0.017116,-0.017689,-0.016960,-0.016960,-0.017023,-0.016515,-0.018810,-0.018810,-0.018810,-0.018810,-0.018810,-0.018810,-0.018810,-0.018810,-0.018393,-0.019477,-0.020050,-0.019614,-0.019560,-0.019560,-0.015531,-0.015531
B4,0.000000,0.000000,0.000000,0.000000,0.000020,0.000020,0.000020,0.000020,0.007544,-0.001140,-0.001140,-0.001140,-0.001140,-0.001906,-0.001906,-0.001906,-0.001834,-0.002148,-0.002165,-0.001774,-0.001774,-0.001774,-0.001774,-0.001774,0.227810,0.227810,0.227810,0.256393,0.256393,0.256393,0.256393,-0.016836,-0.016836,-0.013360,-0.011961,-0.011961,-0.011961,-0.002028,-0.002028,-0.004087,-0.002805,-0.002560,-0.008160,-0.008160,-0.008160,-0.008160,-0.008160,-0.008160,-0.005029,-0.005029,-0.005029,-0.005029,-0.005024,-0.005024,-0.005024,-0.005024,-0.005192,-0.004978,-0.004978,-0.004997,-0.004848,-0.005521,-0.005521,-0.005521,-0.005521,-0.005521,-0.005521,-0.005521,-0.005521,-0.005399,-0.005717,-0.005885,-0.005757,-0.005741,-0.005741,-0.004559,-0.004559
B5,0.000000,0.000000,0.000000,0.000000,0.000043,0.000043,0.000043,0.000043,0.016256,-0.002457,-0.002457,-0.002457,-0.002457,-0.004108,-0.004108,-0.004108,-0.003952,-0.004629,-0.004665,-0.003824,-0.003824,-0.003824,-0.003824,-0.003824,0.166958,0.166958,0.166958,0.195628,0.195628,0.195628,0.195628,-0.036280,-0.036280,-0.028790,-0.025776,-0.025776,-0.025776,-0.004371,-0.004371,-0.008807,-0.006044,-0.005518,-0.017585,-0.017585,-0.017585,-0.017585,-0.017585,-0.017585,-0.010838,-0.010838,-0.010838,-0.010838,-0.010826,-0.010826,-0.010826,-0.010826,-0.011189,-0.010728,-0.010728,-0.010768,-0.010447,-0.011898,-0.011898,-0.011898,-0.011898,-0.011898,-0.011898,-0.011898,-0.011898,-0.011634,-0.012320,-0.012683,-0.012407,-0.012373,-0.012373,-0.009824,-0.009824
B6,0.000000,0.000000,0.000000,0.000000,0.000281,0.000281,0.000281,0.000281,0.105211,-0.015901,-0.015901,-0.015901,-0.015901,-0.026589,-0.026589,-0.026589,-0.025578,-0.029956,-0.030194,-0.024748,-0.024748,-0.024748,-0.024748,-0.024748,-0.094906,-0.094906,-0.094906,-0.109748,-0.109748,-0.109748,-0.109748,-0.234806,-0.234806,-0.186334,-0.166824,-0.166824,-0.166824,-0.028288,-0.028288,-0.057002,-0.039118,-0.035711,-0.113809,-0.113809,-0.113809,-0.113809,-0.113809,-0.113809,-0.070142,-0.070142,-0.070142,-0.070142,-0.070069,-0.070069,-0.070069,-0.070069,-0.072419,-0.069431,-0.069431,-0.069689,-0.067612,-0.077006,-0.077006,-0.077006,-0.077006,-0.077006,-0.077006,-0.077006,-0.077006,-0.075297,-0.079738,-0.082083,-0.080296,-0.080076,-0.080076,-0.063584,-0.063584
B7,0.000000,0.000000,0.000000,0.000000,0.000240,0.000240,0.000240,0.000240,0.174144,-0.040697,-0.040697,-0.040697,-0.040697,-0.022673,-0.022673,-0.022673,-0.025102,-0.022631,-0.022497,-0.039544,-0.039544,-0.039544,-0.039544,-0.039544,0.185539,0.185539,0.185539,0.179753,0.179753,0.179753,0.179753,0.128918,0.128918,0.078528,0.057732,0.057732,0.057732,-0.104952,-0.104952,-0.065250,-0.080240,-0.088014,0.004178,0.004178,0.004178,0.004178,0.004178,0.004178,-0.009616,-0.009616,-0.009616,-0.009616,-0.009639,-0.009639,-0.009639,-0.009639,-0.008896,-0.009840,-0.009840,-0.009759,-0.010415,-0.007447,-0.007447,-0.007447,-0.007447,-0.007447,-0.007447,-0.007447,-0.007447,-0.007987,-0.006584,-0.005843,-0.006408,-0.006477,-0.006477,-0.011687,-0.011687
B8,0.000000,0.000000,0.000000,0.000000,0.000020,0.000020,0.000020,0.000020,0.007544,-0.001140,-0.001140,-0.001140,-0.001140,-0.001906,-0.001906,-0.001906,-0.001834,-0.002148,-0.002165,-0.001774,-0.001774,-0.001774,-0.001774,-0.001774,0.227810,0.227810,0.227810,0.256393,0.256393,0.256393,0.256393,-0.016836,-0.016836,-0.013360,-0.011961,-0.011961,-0.011961,-0.002028,-0.002028,-0.004087,-0.002805,-0.002560,-0.008160,-0.008160,-0.008160,-0.008160,-0.008160,-0.008160,-0.005029,-0.005029,-0.005029,-0.005029,-0.005024,-0.005024,-0.005024,-0.005024,-0.005192,-0.004978,-0.004978,-0.004997,-0.004848,-0.005521,-0.005521,-0.005521,-0.005521,-0.005521,-0.005521,-0.005521,-0.005521,-0.005399,-0.005717,-0.005885,-0.005757,-0.005741,-0.005741,-0.004559,-0.004559
B9,0.000000,0.000000,0.000000,0.000000,0.000069,0.000069,0.000069,0.000069,0.025699,-0.003884,-0.003884,-0.003884,-0.003884,-0.006495,-0.006495,-0.006495,-0.006248,-0.007317,-0.007375,-0.006045,-0.006045,-0.006045,-0.006045,-0.006045,0.276110,0.276110,0.276110,0.241746,0.241746,0.241746,0.241746,-0.057355,-0.057355,-0.045515,-0.040749,-0.040749,-0.040749,-0.006910,-0.006910,-0.013924,-0.009555,-0.008723,-0.027800,-0.027800,-0.027800,-0.027800,-0.027800,-0.027800,-0.017133,-0.017133,-0.017133,-0.017133,-0.017116,-0.017116,-0.017116,-0.017116,-0.017689,-0.016960,-0.016960,-0.017023,-0.016515,-0.018810,-0.018810,-0.018810,-0.018810,-0.018810,-0.018810,-0.018810,-0.018810,-0.018393,-0.019477,-0.020050,-0.019614,-0.019560,-0.019560,-0.015531,-0.015531
B10,0.000000,0.000000,0.000000,0.000000,0.000043,0.000043,0.000043,0.000043,0.016256,-0.002457,-0.002457,-0.002457,-0.002457,-0.004108,-0.004108,-0.004108,-0.003952,-0.004629,-0.004665,-0.003824,-0.003824,-0.003824,-0.003824,-0.003824,0.166958,0.166958,0.166958,0.195628,0.195628,0.195628,0.195628,-0.036280,-0.036280,-0.028790,-0.025776,-0.025776,-0.025776,-0.004371,-0.004371,-0.008807,-0.006044,-0.005518,-0.017585,-0.017585,-0.017585,-0.017585,-0.017585,-0.017585,-0.010838,-0.010838,-0.010838,-0.010838,-0.010826,-0.010826,-0.010826,-0.010826,-0.011189,-0.010728,-0.010728,-0.010768,-0.010447,-0.011898,-0.011898,-0.011898,-0.011898,-0.011898,-0.011898,-0.011898,-0.011898,-0.011634,-0.012320,-0.012683,-0.012407,-0.012373,-0.012373,-0.009824,-0.009824
B11,0.000000,0.000000,0.000000,0.000000,0.000000,0.000000,0.000000,0.000000,0.000000,0.000000,0.000000,0.000000,0.000000,0.000000,0.000000,0.000000,0.000000,0.000000,0.000000,0.000000,0.000000,0.000000,0.000000,0.000000,0.000000,0.000000,0.000000,0.000000,0.000000,0.000000,0.000000,1.000000,1.000000,0.000000,0.000000,0.000000,0.000000,0.000000,0.000000,0.000000,0.000000,0.000000,0.000000,0.000000,0.000000,0.000000,0.000000,0.000000,0.000000,0.000000,0.000000,0.000000,0.000000,0.000000,0.000000,0.000000,0.000000,0.000000,0.000000,0.000000,0.000000,0.000000,0.000000,0.000000,0.000000,0.000000,0.000000,0.000000,0.000000,0.000000,0.000000,0.000000,0.000000,0.000000,0.000000,0.000000,0.000000
B12-1,0.000000,0.000000,0.000000,0.000000,-0.000019,-0.000019,-0.000019,-0.000019,-0.007182,0.001086,0.001086,0.001086,0.001086,0.001815,0.001815,0.001815,0.001746,0.002045,0.002061,0.001690,0.001690,0.001690,0.001690,0.001690,0.031466,0.031466,0.031466,0.029494,0.029494,0.029494,0.029494,0.516030,0.516030,0.012721,0.011389,0.011389,0.011389,0.001931,0.001931,0.003891,0.002670,0.002438,0.007769,0.007769,0.007769,0.007769,0.007769,0.007769,0.004788,0.004788,0.004788,0.004788,0.004783,0.004783,0.004783,0.004783,0.004944,0.004740,0.004740,0.004758,0.004616,0.005257,0.005257,0.005257,0.005257,0.005257,0.005257,0.005257,0.005257,0.005140,0.005443,0.005604,0.005482,0.005467,0.005467,0.004341,0.004341
B13-2,0.000000,0.000000,0.000000,0.000000,0.000019,0.000019,0.000019,0.000019,0.007182,-0.001086,-0.001086,-0.001086,-0.001086,-0.001815,-0.001815,-0.001815,-0.001746,-0.002045,-0.002061,-0.001690,-0.001690,-0.001690,-0.001690,-0.001690,-0.031466,-0.031466,-0.031466,-0.029494,-0.029494,-0.029494,-0.029494,0.483970,0.483970,-0.012721,-0.011389,-0.011389,-0.011389,-0.001931,-0.001931,-0.003891,-0.002670,-0.002438,-0.007769,-0.007769,-0.007769,-0.007769,-0.007769,-0.007769,-0.004788,-0.004788,-0.004788,-0.004788,-0.004783,-0.004783,-0.004783,-0.004783,-0.004944,-0.004740,-0.004740,-0.004758,-0.004616,-0.005257,-0.005257,-0.005257,-0.005257,-0.005257,-0.005257,-0.005257,-0.005257,-0.005140,-0.005443,-0.005604,-0.005482,-0.005467,-0.005467,-0.004341,-0.004341
B14,0.000000,0.000000,0.000000,0.000000,0.000113,0.000113,0.000113,0.000113,0.054495,-0.009928,-0.009928,-0.009928,-0.009928,-0.010720,-0.010720,-0.010720,-0.010954,-0.011510,-0.011541,-0.013931,-0.013931,-0.013931,-0.013931,-0.013931,0.091889,0.091889,0.091889,0.097958,0.097958,0.097958,0.097958,0.143700,0.143700,0.032109,-0.066585,-0.066585,-0.066585,-0.020013,-0.020013,-0.036423,-0.025640,-0.023870,-0.026171,-0.026171,-0.026171,-0.026171,-0.026171,-0.026171,-0.018504,-0.018504,-0.018504,-0.018504,-0.018491,-0.018491,-0.018491,-0.018491,-0.018904,-0.018379,-0.018379,-0.018424,-0.018060,-0.019709,-0.019709,-0.019709,-0.019709,-0.019709,-0.019709,-0.019709,-0.019709,-0.019409,-0.020189,-0.020601,-0.020287,-0.020248,-0.020248,-0.017352,-0.017352
B15,0.000000,0.000000,0.000000,0.000000,0.000169,0.000169,0.000169,0.000169,0.051077,-0.006028,-0.006028,-0.006028,-0.006028,-0.015960,-0.015960,-0.015960,-0.014712,-0.018549,-0.018756,-0.010902,-0.010902,-0.010902,-0.010902,-0.010902,0.072481,0.072481,0.072481,0.078182,0.078182,0.078182,0.078182,0.120688,0.120688,-0.219082,-0.100812,-0.100812,-0.100812,-0.008373,-0.008373,-0.020775,-0.013612,-0.011964,-0.088029,-0.088029,-0.088029,-0.088029,-0.088029,-0.088029,-0.051879,-0.051879,-0.051879,-0.051879,-0.051819,-0.051819,-0.051819,-0.051819,-0.053764,-0.051290,-0.051290,-0.051504,-0.049784,-0.057562,-0.057562,-0.057562,-0.057562,-0.057562,-0.057562,-0.057562,-0.057562,-0.056147,-0.059823,-0.061765,-0.060285,-0.060103,-0.060103,-0.046450,-0.046450
B16,0.000000,0.000000,0.000000,0.000000,0.000038,0.000038,0.000038,0.000038,0.026278,-0.005663,-0.005663,-0.005663,-0.005663,-0.003589,-0.003589,-0.003589,-0.004094,-0.003476,-0.003443,-0.007294,-0.007294,-0.007294,-0.007294,-0.007294,0.215505,0.215505,0.215505,0.213828,0.213828,0.213828,0.213828,0.206674,0.206674,0.082082,-0.021844,-0.021844,-0.021844,-0.012426,-0.012426,-0.021135,-0.015149,-0.014292,0.004352,0.004352,0.004352,0.004352,0.004352,0.004352,0.000308,0.000308,0.000308,0.000308,0.000301,0.000301,0.000301,0.000301,0.000519,0.000242,0.000242,0.000266,0.000073,0.000944,0.000944,0.000944,0.000944,0.000944,0.000944,0.000944,0.000944,0.000785,0.001197,0.001414,0.001248,0.001228,0.001228,-0.000299,-0.000299
B17,0.000000,0.000000,0.000000,0.000000,0.000093,0.000093,0.000093,0.000093,0.022860,-0.001763,-0.001763,-0.001763,-0.001763,-0.008829,-0.008829,-0.008829,-0.007852,-0.010514,-0.010659,-0.004265,-0.004265,-0.004265,-0.004265,-0.004265,0.196097,0.196097,0.196097,0.194052,0.194052,0.194052,0.194052,0.183661,0.183661,-0.169108,-0.056070,-0.056070,-0.056070,-0.000786,-0.000786,-0.005487,-0.003121,-0.002386,-0.057506,-0.057506,-0.057506,-0.057506,-0.057506,-0.057506,-0.033067,-0.033067,-0.033067,-0.033067,-0.033026,-0.033026,-0.033026,-0.033026,-0.034342,-0.032669,-0.032669,-0.032814,-0.031651,-0.036909,-0.036909,-0.036909,-0.036909,-0.036909,-0.036909,-0.036909,-0.036909,-0.035952,-0.038437,-0.039750,-0.038750,-0.038627,-0.038627,-0.029397,-0.029397
B18,0.000000,0.000000,0.000000,0.000000,0.000150,0.000150,0.000150,0.000150,0.018131,0.002594,0.002594,0.002594,0.002594,-0.014206,-0.014206,-0.014206,-0.011644,-0.017795,-0.018128,-0.000757,-0.000757,-0.000757,-0.000757,-0.000757,0.056967,0.056967,0.056967,0.057610,0.057610,0.057610,0.057610,0.063256,0.063256,-0.133660,-0.363992,-0.363992,-0.363992,0.012030,0.012030,0.011931,0.010220,0.010789,-0.122981,-0.122981,-0.122981,-0.122981,-0.122981,-0.122981,-0.068307,-0.068307,-0.068307,-0.068307,-0.068216,-0.068216,-0.068216,-0.068216,-0.071158,-0.067417,-0.067417,-0.067741,-0.065139,-0.076902,-0.076902,-0.076902,-0.076902,-0.076902,-0.076902,-0.076902,-0.076902,-0.074762,-0.080322,-0.083259,-0.081021,-0.080746,-0.080746,-0.060097,-0.060097
B19,0.000000,0.000000,0.000000,0.000000,0.000001,0.000001,0.000001,0.000001,0.062642,-0.018185,-0.018185,-0.018185,-0.018185,-0.000103,-0.000103,-0.000103,-0.003404,0.002808,0.003145,-0.020468,-0.020468,-0.020468,-0.020468,-0.020468,0.250427,0.250427,0.250427,0.254176,0.254176,0.254176,0.254176,0.287118,0.287118,0.247851,0.275562,0.275562,0.275562,-0.044469,-0.044469,-0.069489,-0.051008,-0.048951,0.101162,0.101162,0.101162,0.101162,0.101162,0.101162,0.050111,0.050111,0.050111,0.050111,0.050026,0.050026,0.050026,0.050026,0.052773,0.049280,0.049280,0.049582,0.047153,0.058136,0.058136,0.058136,0.058136,0.058136,0.058136,0.058136,0.058136,0.056138,0.061329,0.064072,0.061982,0.061726,0.061726,0.042445,0.042445
B20,0.000000,0.000000,0.000000,0.000000,0.000053,0.000053,0.000053,0.000053,0.024114,-0.004230,-0.004230,-0.004230,-0.004230,-0.005037,-0.005037,-0.005037,-0.005067,-0.005478,-0.005501,-0.006058,-0.006058,-0.006058,-0.006058,-0.006058,0.090931,0.090931,0.090931,0.092218,0.092218,0.092218,0.092218,0.103528,0.103528,0.305923,-0.304096,-0.304096,-0.304096,-0.008340,-0.008340,-0.015454,-0.010829,-0.010046,-0.014730,-0.014730,-0.014730,-0.014730,-0.014730,-0.014730,-0.009901,-0.009901,-0.009901,-0.009901,-0.009893,-0.009893,-0.009893,-0.009893,-0.010153,-0.009822,-0.009822,-0.009851,-0.009621,-0.010660,-0.010660,-0.010660,-0.010660,-0.010660,-0.010660,-0.010660,-0.010660,-0.010471,-0.010962,-0.011222,-0.011024,-0.011000,-0.011000,-0.009176,-0.009176
B21,0.000000,0.000000,0.000000,0.000000,0.000209,0.000209,0.000209,0.000209,0.049822,-0.003561,-0.003561,-0.003561,-0.003561,-0.019752,-0.019752,-0.019752,-0.017496,-0.023585,-0.023915,-0.009109,-0.009109,-0.009109,-0.009109,-0.009109,0.177647,0.177647,0.177647,0.180015,0.180015,0.180015,0.180015,0.200821,0.200821,0.305888,0.147214,0.147214,0.147214,-0.000818,-0.000818,-0.010807,-0.005905,-0.004304,-0.130804,-0.130804,-0.130804,-0.130804,-0.130804,-0.130804,-0.075045,-0.075045,-0.075045,-0.075045,-0.074952,-0.074952,-0.074952,-0.074952,-0.077953,-0.074137,-0.074137,-0.074467,-0.071814,-0.083810,-0.083810,-0.083810,-0.083810,-0.083810,-0.083810,-0.083810,-0.083810,-0.081628,-0.087298,-0.090293,-0.088011,-0.087730,-0.087730,-0.066671,-0.066671
B22,0.000000,0.000000,0.000000,0.000000,0.000204,0.000204,0.000204,0.000204,0.042245,-0.001636,-0.001636,-0.001636,-0.001636,-0.019243,-0.019243,-0.019243,-0.016711,-0.023273,-0.023629,-0.006814,-0.006814,-0.006814,-0.006814,-0.006814,0.147898,0.147898,0.147898,0.149828,0.149828,0.149828,0.149828,0.166785,0.166785,0.172262,0.331912,0.331912,0.331912,0.003690,0.003690,-0.003523,-0.000609,0.000743,-0.137712,-0.137712,-0.137712,-0.137712,-0.137712,-0.137712,-0.078208,-0.078208,-0.078208,-0.078208,-0.078109,-0.078109,-0.078109,-0.078109,-0.081311,-0.077239,-0.077239,-0.077591,-0.074760,-0.087562,-0.087562,-0.087562,-0.087562,-0.087562,-0.087562,-0.087562,-0.087562,-0.085233,-0.091284,-0.094480,-0.092045,-0.091746,-0.091746,-0.069272,-0.069272
B23,0.000000,0.000000,0.000000,0.000000,0.000001,0.000001,0.000001,0.000001,0.062642,-0.018185,-0.018185,-0.018185,-0.018185,-0.000103,-0.000103,-0.000103,-0.003404,0.002808,0.003145,-0.020468,-0.020468,-0.020468,-0.020468,-0.020468,0.250427,0.250427,0.250427,0.254176,0.254176,0.254176,0.254176,0.287118,0.287118,0.247851,0.275562,0.275562,0.275562,-0.044469,-0.044469,-0.069489,-0.051008,-0.048951,0.101162,0.101162,0.101162,0.101162,0.101162,0.101162,0.050111,0.050111,0.050111,0.050111,0.050026,0.050026,0.050026,0.050026,0.052773,0.049280,0.049280,0.049582,0.047153,0.058136,0.058136,0.058136,0.058136,0.058136,0.058136,0.058136,0.058136,0.056138,0.061329,0.064072,0.061982,0.061726,0.061726,0.042445,0.042445
B24,0.000000,0.000000,0.000000,0.000000,0.000617,0.000617,0.000617,0.000617,-0.015235,0.057174,0.057174,0.057174,0.057174,-0.058327,-0.058327,-0.058327,-0.052572,-0.068842,-0.069724,-0.047327,-0.047327,-0.047327,-0.047327,-0.047327,-0.206777,-0.206777,-0.206777,-0.212126,-0.212126,-0.212126,-0.212126,-0.259126,-0.259126,-0.301381,-0.321467,-0.321467,-0.321467,0.278514,0.278514,-0.469836,-0.061647,0.045364,-0.358381,-0.358381,-0.358381,-0.358381,-0.358381,-0.358381,-0.207780,-0.207780,-0.207780,-0.207780,-0.207529,-0.207529,-0.207529,-0.207529,-0.215633,-0.205328,-0.205328,-0.206219,-0.199053,-0.231454,-0.231454,-0.231454,-0.231454,-0.231454,-0.231454,-0.231454,-0.231454,-0.225559,-0.240874,-0.248964,-0.242799,-0.242042,-0.242042,-0.185164,-0.185164
B25-1,0.000000,0.000000,0.000000,0.000000,0.000153,0.000153,0.000153,0.000153,0.019133,0.011597,0.011597,0.011597,0.011597,-0.014433,-0.014433,-0.014433,-0.016148,-0.014257,-0.014154,-0.034057,-0.034057,-0.034057,-0.034057,-0.034057,0.023885,0.023885,0.023885,0.023406,0.023406,0.023406,0.023406,0.019190,0.019190,0.014740,0.013069,0.013069,0.013069,0.085935,0.085935,0.005046,-0.196199,-0.264738,0.007838,0.007838,0.007838,0.007838,0.007838,0.007838,-0.003553,-0.003553,-0.003553,-0.003553,-0.003572,-0.003572,-0.003572,-0.003572,-0.002959,-0.003738,-0.003738,-0.003671,-0.004213,-0.001762,-0.001762,-0.001762,-0.001762,-0.001762,-0.001762,-0.001762,-0.001762,-0.002208,-0.001050,-0.000438,-0.000904,-0.000961,-0.000961,-0.005264,-0.005264
B25-2,0.000000,0.000000,0.000000,0.000000,0.000153,0.000153,0.000153,0.000153,0.019133,0.011597,0.011597,0.011597,0.011597,-0.014433,-0.014433,-0.014433,-0.016148,-0.014257,-0.014154,-0.034057,-0.034057,-0.034057,-0.034057,-0.034057,0.023885,0.023885,0.023885,0.023406,0.023406,0.023406,0.023406,0.019190,0.019190,0.014740,0.013069,0.013069,0.013069,0.085935,0.085935,0.005046,-0.196199,-0.264738,0.007838,0.007838,0.007838,0.007838,0.007838,0.007838,-0.003553,-0.003553,-0.003553,-0.003553,-0.003572,-0.003572,-0.003572,-0.003572,-0.002959,-0.003738,-0.003738,-0.003671,-0.004213,-0.001762,-0.001762,-0.001762,-0.001762,-0.001762,-0.001762,-0.001762,-0.001762,-0.002208,-0.001050,-0.000438,-0.000904,-0.000961,-0.000961,-0.005264,-0.005264
B26,0.000000,0.000000,0.000000,0.000000,-0.000240,-0.000240,-0.000240,-0.000240,-0.174144,0.040697,0.040697,0.040697,0.040697,0.022673,0.022673,0.022673,0.025102,0.022631,0.022497,0.039544,0.039544,0.039544,0.039544,0.039544,-0.185539,-0.185539,-0.185539,-0.179753,-0.179753,-0.179753,-0.179753,-0.128918,-0.128918,-0.078528,-0.057732,-0.057732,-0.057732,0.104952,0.104952,0.065250,0.080240,0.088014,-0.004178,-0.004178,-0.004178,-0.004178,-0.004178,-0.004178,0.009616,0.009616,0.009616,0.009616,0.009639,0.009639,0.009639,0.009639,0.008896,0.009840,0.009840,0.009759,0.010415,0.007447,0.007447,0.007447,0.007447,0.007447,0.007447,0.007447,0.007447,0.007987,0.006584,0.005843,0.006408,0.006477,0.006477,0.011687,0.011687
B27,0.000000,0.000000,0.000000,0.000000,0.000159,0.000159,0.000159,0.000159,0.080394,0.005306,0.005306,0.005306,0.005306,-0.014992,-0.014992,-0.014992,-0.025068,-0.007469,-0.006515,-0.094426,-0.094426,-0.094426,-0.094426,-0.094426,0.223125,0.223125,0.223125,0.224857,0.224857,0.224857,0.224857,0.240071,0.240071,0.251317,0.258300,0.258300,0.258300,0.134234,0.134234,0.325776,-0.216163,-0.105932,0.263179,0.263179,0.263179,0.263179,0.263179,0.263179,0.122777,0.122777,0.122777,0.122777,0.122544,0.122544,0.122544,0.122544,0.130099,0.120491,0.120491,0.121322,0.114642,0.144848,0.144848,0.144848,0.144848,0.144848,0.144848,0.144848,0.144848,0.139353,0.153630,0.161172,0.155425,0.154720,0.154720,0.101693,0.101693
B28,0.000000,0.000000,0.000000,0.000000,0.000460,0.000460,0.000460,0.000460,-0.032987,0.033683,0.033683,0.033683,0.033683,-0.043438,-0.043438,-0.043438,-0.030908,-0.058566,-0.060064,0.026631,0.026631,0.026631,0.026631,0.026631,-0.179475,-0.179475,-0.179475,-0.182806,-0.182806,-0.182806,-0.182806,-0.212080,-0.212080,-0.304848,-0.304204,-0.304204,-0.304204,0.099811,0.099811,0.134899,0.103507,0.102345,-0.520397,-0.520397,-0.520397,-0.520397,-0.520397,-0.520397,-0.280446,-0.280446,-0.280446,-0.280446,-0.280047,-0.280047,-0.280047,-0.280047,-0.292959,-0.276539,-0.276539,-0.277959,-0.266542,-0.318166,-0.318166,-0.318166,-0.318166,-0.318166,-0.318166,-0.318166,-0.318166,-0.308774,-0.333174,-0.346064,-0.336242,-0.335036,-0.335036,-0.244412,-0.244412
B29,0.000000,0.000000,0.000000,0.000000,-0.000264,-0.000264,-0.000264,-0.000264,-0.033101,-0.020062,-0.020062,-0.020062,-0.020062,0.024968,0.024968,0.024968,0.027935,0.024664,0.024487,0.058919,0.058919,0.058919,0.058919,0.058919,-0.041322,-0.041322,-0.041322,-0.040492,-0.040492,-0.040492,-0.040492,-0.033199,-0.033199,-0.025500,-0.022610,-0.022610,-0.022610,-0.148667,-0.148667,-0.008730,-0.590575,-0.407004,-0.013560,-0.013560,-0.013560,-0.013560,-0.013560,-0.013560,0.006147,0.006147,0.006147,0.006147,0.006179,0.006179,0.006179,0.006179,0.005119,0.006467,0.006467,0.006351,0.007288,0.003049,0.003049,0.003049,0.003049,0.003049,0.003049,0.003049,0.003049,0.003820,0.001816,0.000758,0.001564,0.001663,0.001663,0.009106,0.009106
B30,0.000000,0.000000,0.000000,0.000000,-0.000041,-0.000041,-0.000041,-0.000041,-0.005166,-0.003131,-0.003131,-0.003131,-0.003131,0.003897,0.003897,0.003897,0.004360,0.003849,0.003822,0.009196,0.009196,0.009196,0.009196,0.009196,-0.006449,-0.006449,-0.006449,-0.006319,-0.006319,-0.006319,-0.006319,-0.005181,-0.005181,-0.003980,-0.003529,-0.003529,-0.003529,-0.023202,-0.023202,-0.001362,-0.017026,-0.063521,-0.002116,-0.002116,-0.002116,-0.002116,-0.002116,-0.002116,0.000959,0.000959,0.000959,0.000959,0.000964,0.000964,0.000964,0.000964,0.000799,0.001009,0.001009,0.000991,0.001137,0.000476,0.000476,0.000476,0.000476,0.000476,0.000476,0.000476,0.000476,0.000596,0.000283,0.000118,0.000244,0.000260,0.000260,0.001421,0.001421
B31-1,0.000000,0.000000,0.000000,0.000000,-0.000132,-0.000132,-0.000132,-0.000132,-0.016550,-0.010031,-0.010031,-0.010031,-0.010031,0.012484,0.012484,0.012484,0.013968,0.012332,0.012243,0.029460,0.029460,0.029460,0.029460,0.029460,-0.020661,-0.020661,-0.020661,-0.020246,-0.020246,-0.020246,-0.020246,-0.016600,-0.016600,-0.012750,-0.011305,-0.011305,-0.011305,-0.074333,-0.074333,-0.004365,0.204712,-0.203502,-0.006780,-0.006780,-0.006780,-0.006780,-0.006780,-0.006780,0.003073,0.003073,0.003073,0.003073,0.003090,0.003090,0.003090,0.003090,0.002559,0.003234,0.003234,0.003175,0.003644,0.001524,0.001524,0.001524,0.001524,0.001524,0.001524,0.001524,0.001524,0.001910,0.000908,0.000379,0.000782,0.000832,0.000832,0.004553,0.004553
B31-2,0.000000,0.000000,0.000000,0.000000,-0.000132,-0.000132,-0.000132,-0.000132,-0.016550,-0.010031,-0.010031,-0.010031,-0.010031,0.012484,0.012484,0.012484,0.013968,0.012332,0.012243,0.029460,0.029460,0.029460,0.029460,0.029460,-0.020661,-0.020661,-0.020661,-0.020246,-0.020246,-0.020246,-0.020246,-0.016600,-0.016600,-0.012750,-0.011305,-0.011305,-0.011305,-0.074333,-0.074333,-0.004365,0.204712,-0.203502,-0.006780,-0.006780,-0.006780,-0.006780,-0.006780,-0.006780,0.003073,0.003073,0.003073,0.003073,0.003090,0.003090,0.003090,0.003090,0.002559,0.003234,0.003234,0.003175,0.003644,0.001524,0.001524,0.001524,0.001524,0.001524,0.001524,0.001524,0.001524,0.001910,0.000908,0.000379,0.000782,0.000832,0.000832,0.004553,0.004553
B32-1,0.000000,0.000000,0.000000,0.000000,0.000230,0.000230,0.000230,0.000230,-0.016493,0.016841,0.016841,0.016841,0.016841,-0.021719,-0.021719,-0.021719,-0.015454,-0.029283,-0.030032,0.013316,0.013316,0.013316,0.013316,0.013316,-0.089737,-0.089737,-0.089737,-0.091403,-0.091403,-0.091403,-0.091403,-0.106040,-0.106040,-0.152424,-0.152102,-0.152102,-0.152102,0.049906,0.049906,0.067449,0.051754,0.051172,-0.260199,-0.260199,-0.260199,-0.260199,-0.260199,-0.260199,-0.140223,-0.140223,-0.140223,-0.140223,-0.140023,-0.140023,-0.140023,-0.140023,-0.146479,-0.138270,-0.138270,-0.138980,-0.133271,-0.159083,-0.159083,-0.159083,-0.159083,-0.159083,-0.159083,-0.159083,-0.159083,-0.154387,-0.166587,-0.173032,-0.168121,-0.167518,-0.167518,-0.122206,-0.122206
B32-2,0.000000,0.000000,0.000000,0.000000,0.000230,0.000230,0.000230,0.000230,-0.016493,0.016841,0.016841,0.016841,0.016841,-0.021719,-0.021719,-0.021719,-0.015454,-0.029283,-0.030032,0.013316,0.013316,0.013316,0.013316,0.013316,-0.089737,-0.089737,-0.089737,-0.091403,-0.091403,-0.091403,-0.091403,-0.106040,-0.106040,-0.152424,-0.152102,-0.152102,-0.152102,0.049906,0.049906,0.067449,0.051754,0.051172,-0.260199,-0.260199,-0.260199,-0.260199,-0.260199,-0.260199,-0.140223,-0.140223,-0.140223,-0.140223,-0.140023,-0.140023,-0.140023,-0.140023,-0.146479,-0.138270,-0.138270,-0.138980,-0.133271,-0.159083,-0.159083,-0.159083,-0.159083,-0.159083,-0.159083,-0.159083,-0.159083,-0.154387,-0.166587,-0.173032,-0.168121,-0.167518,-0.167518,-0.122206,-0.122206
B33-1,0.000000,0.000000,0.000000,0.000000,0.000230,0.000230,0.000230,0.000230,-0.016493,0.016841,0.016841,0.016841,0.016841,-0.021719,-0.021719,-0.021719,-0.015454,-0.029283,-0.030032,0.013316,0.013316,0.013316,0.013316,0.013316,-0.089737,-0.089737,-0.089737,-0.091403,-0.091403,-0.091403,-0.091403,-0.106040,-0.106040,-0.152424,-0.152102,-0.152102,-0.152102,0.049906,0.049906,0.067449,0.051754,0.051172,-0.260199,-0.260199,-0.260199,-0.260199,-0.260199,-0.260199,-0.140223,-0.140223,-0.140223,-0.140223,-0.140023,-0.140023,-0.140023,-0.140023,-0.146479,-0.138270,-0.138270,-0.138980,-0.133271,-0.159083,-0.159083,-0.159083,-0.159083,-0.159083,-0.159083,-0.159083,-0.159083,-0.154387,-0.166587,-0.173032,-0.168121,-0.167518,-0.167518,-0.122206,-0.122206
B33-2,0.000000,0.000000,0.000000,0.000000,0.000230,0.000230,0.000230,0.000230,-0.016493,0.016841,0.016841,0.016841,0.016841,-0.021719,-0.021719,-0.021719,-0.015454,-0.029283,-0.030032,0.013316,0.013316,0.013316,0.013316,0.013316,-0.089737,-0.089737,-0.089737,-0.091403,-0.091403,-0.091403,-0.091403,-0.106040,-0.106040,-0.152424,-0.152102,-0.152102,-0.152102,0.049906,0.049906,0.067449,0.051754,0.051172,-0.260199,-0.260199,-0.260199,-0.260199,-0.260199,-0.260199,-0.140223,-0.140223,-0.140223,-0.140223,-0.140023,-0.140023,-0.140023,-0.140023,-0.146479,-0.138270,-0.138270,-0.138980,-0.133271,-0.159083,-0.159083,-0.159083,-0.159083,-0.159083,-0.159083,-0.159083,-0.159083,-0.154387,-0.166587,-0.173032,-0.168121,-0.167518,-0.167518,-0.122206,-0.122206
B34,0.000000,0.000000,0.000000,0.000000,0.000041,0.000041,0.000041,0.000041,0.005166,0.003131,0.003131,0.003131,0.003131,-0.003897,-0.003897,-0.003897,-0.004360,-0.003849,-0.003822,-0.009196,-0.009196,-0.009196,-0.009196,-0.009196,0.006449,0.006449,0.006449,0.006319,0.006319,0.006319,0.006319,0.005181,0.005181,0.003980,0.003529,0.003529,0.003529,0.023202,0.023202,0.001362,0.017026,0.063521,0.002116,0.002116,0.002116,0.002116,0.002116,0.002116,-0.000959,-0.000959,-0.000959,-0.000959,-0.000964,-0.000964,-0.000964,-0.000964,-0.000799,-0.001009,-0.001009,-0.000991,-0.001137,-0.000476,-0.000476,-0.000476,-0.000476,-0.000476,-0.000476,-0.000476,-0.000476,-0.000596,-0.000283,-0.000118,-0.000244,-0.000260,-0.000260,-0.001421,-0.001421
C1,0.000000,0.000000,0.000000,0.000000,0.000015,0.000015,0.000015,0.000015,0.001005,0.000485,0.000485,0.000485,0.000485,-0.001402,-0.001402,-0.001402,-0.001108,-0.001793,-0.001830,0.000182,0.000182,0.000182,0.000182,0.000182,0.002485,0.002485,0.002485,0.002501,0.002501,0.002501,0.002501,0.002645,0.002645,0.002948,0.002975,0.002975,0.002975,0.001747,0.001747,0.002051,0.001650,0.001680,0.003591,0.003591,0.003591,0.003591,0.003591,0.003591,0.419547,0.419547,0.419547,0.419547,-0.523365,-0.523365,-0.523365,-0.523365,0.079747,-0.029949,-0.029949,-0.052602,-0.016671,0.011984,0.011984,0.011984,0.011984,0.011984,0.011984,0.011984,0.011984,0.005400,0.007186,0.007980,0.009266,0.008449,0.008449,-0.006470,-0.006470
C2,0.000000,0.000000,0.000000,0.000000,-0.000031,-0.000031,-0.000031,-0.000031,-0.002090,-0.001008,-0.001008,-0.001008,-0.001008,0.002916,0.002916,0.002916,0.002304,0.003730,0.003807,-0.000379,-0.000379,-0.000379,-0.000379,-0.000379,-0.005168,-0.005168,-0.005168,-0.005202,-0.005202,-0.005202,-0.005202,-0.005502,-0.005502,-0.006131,-0.006188,-0.006188,-0.006188,-0.003633,-0.003633,-0.004265,-0.003431,-0.003495,-0.007468,-0.007468,-0.007468,-0.007468,-0.007468,-0.007468,0.277586,0.277586,0.277586,0.277586,0.255040,0.255040,0.255040,0.255040,-0.165859,0.062289,0.062289,0.024710,0.034674,-0.024925,-0.024925,-0.024925,-0.024925,-0.024925,-0.024925,-0.024925,-0.024925,-0.011230,-0.014947,-0.016598,-0.019272,-0.017572,-0.017572,0.013456,0.013456
C3,0.000000,0.000000,0.000000,0.000000,0.000016,0.000016,0.000016,0.000016,0.001085,0.000523,0.000523,0.000523,0.000523,-0.001514,-0.001514,-0.001514,-0.001196,-0.001936,-0.001976,0.000197,0.000197,0.000197,0.000197,0.000197,0.002683,0.002683,0.002683,0.002701,0.002701,0.002701,0.002701,0.002857,0.002857,0.003183,0.003213,0.003213,0.003213,0.001886,0.001886,0.002215,0.001782,0.001814,0.003877,0.003877,0.003877,0.003877,0.003877,0.003877,0.302867,0.302867,0.302867,0.302867,0.268325,0.268325,0.268325,0.268325,0.086112,-0.032340,-0.032340,0.027891,-0.018002,0.012941,0.012941,0.012941,0.012941,0.012941,0.012941,0.012941,0.012941,0.005831,0.007760,0.008617,0.010006,0.009123,0.009123,-0.006986,-0.006986
C4,0.000000,0.000000,0.000000,0.000000,0.000005,0.000005,0.000005,0.000005,0.000319,0.000154,0.000154,0.000154,0.000154,-0.000444,-0.000444,-0.000444,-0.000351,-0.000568,-0.000580,0.000058,0.000058,0.000058,0.000058,0.000058,0.000788,0.000788,0.000788,0.000793,0.000793,0.000793,0.000793,0.000839,0.000839,0.000934,0.000943,0.000943,0.000943,0.000554,0.000554,0.000650,0.000523,0.000533,0.001138,0.001138,0.001138,0.001138,0.001138,0.001138,0.235664,0.235664,0.235664,0.235664,0.264195,0.264195,0.264195,0.264195,0.025277,-0.009493,-0.009493,-0.074584,-0.005284,0.003798,0.003798,0.003798,0.003798,0.003798,0.003798,0.003798,0.003798,0.001711,0.002278,0.002529,0.002937,0.002678,0.002678,-0.002051,-0.002051
C5,0.000000,0.000000,0.000000,0.000000,0.000010,0.000010,0.000010,0.000010,0.000686,0.000331,0.000331,0.000331,0.000331,-0.000958,-0.000958,-0.000958,-0.000757,-0.001225,-0.001250,0.000124,0.000124,0.000124,0.000124,0.000124,0.001697,0.001697,0.001697,0.001708,0.001708,0.001708,0.001708,0.001807,0.001807,0.002013,0.002032,0.002032,0.002032,0.001193,0.001193,0.001401,0.001127,0.001148,0.002452,0.002452,0.002452,0.002452,0.002452,0.002452,0.183883,0.183883,0.183883,0.183883,0.212440,0.212440,0.212440,0.212440,0.054470,-0.020456,-0.020456,0.021983,-0.011387,0.008186,0.008186,0.008186,0.008186,0.008186,0.008186,0.008186,0.008186,0.003688,0.004909,0.005451,0.006329,0.005771,0.005771,-0.004419,-0.004419
C6,0.000000,0.000000,0.000000,0.000000,0.000066,0.000066,0.000066,0.000066,0.004443,0.002142,0.002142,0.002142,0.002142,-0.006199,-0.006199,-0.006199,-0.004896,-0.007927,-0.008091,0.000805,0.000805,0.000805,0.000805,0.000805,0.010984,0.010984,0.010984,0.011056,0.011056,0.011056,0.011056,0.011695,0.011695,0.013031,0.013153,0.013153,0.013153,0.007721,0.007721,0.009066,0.007293,0.007428,0.015873,0.015873,0.015873,0.015873,0.015873,0.015873,0.014634,0.014634,0.014634,0.014634,-0.000936,-0.000936,-0.000936,-0.000936,0.352534,-0.132395,-0.132395,-0.194784,-0.073699,0.052978,0.052978,0.052978,0.052978,0.052978,0.052978,0.052978,0.052978,0.023870,0.031769,0.035278,0.040963,0.037349,0.037349,-0.028601,-0.028601
C7,0.000000,0.000000,0.000000,0.000000,-0.000096,-0.000096,-0.000096,-0.000096,-0.006533,-0.003150,-0.003150,-0.003150,-0.003150,0.009115,0.009115,0.009115,0.007200,0.011657,0.011898,-0.001184,-0.001184,-0.001184,-0.001184,-0.001184,-0.016151,-0.016151,-0.016151,-0.016258,-0.016258,-0.016258,-0.016258,-0.017197,-0.017197,-0.019162,-0.019341,-0.019341,-0.019341,-0.011354,-0.011354,-0.013331,-0.010725,-0.010923,-0.023340,-0.023340,-0.023340,-0.023340,-0.023340,-0.023340,0.262952,0.262952,0.262952,0.262952,0.255976,0.255976,0.255976,0.255976,0.481607,0.194684,0.194684,0.219495,0.108373,-0.077902,-0.077902,-0.077902,-0.077902,-0.077902,-0.077902,-0.077902,-0.077902,-0.035100,-0.046715,-0.051876,-0.060235,-0.054921,-0.054921,0.042056,0.042056
C8,0.000000,0.000000,0.000000,0.000000,0.000005,0.000005,0.000005,0.000005,0.000319,0.000154,0.000154,0.000154,0.000154,-0.000444,-0.000444,-0.000444,-0.000351,-0.000568,-0.000580,0.000058,0.000058,0.000058,0.000058,0.000058,0.000788,0.000788,0.000788,0.000793,0.000793,0.000793,0.000793,0.000839,0.000839,0.000934,0.000943,0.000943,0.000943,0.000554,0.000554,0.000650,0.000523,0.000533,0.001138,0.001138,0.001138,0.001138,0.001138,0.001138,0.235664,0.235664,0.235664,0.235664,0.264195,0.264195,0.264195,0.264195,0.025277,-0.009493,-0.009493,-0.074584,-0.005284,0.003798,0.003798,0.003798,0.003798,0.003798,0.003798,0.003798,0.003798,0.001711,0.002278,0.002529,0.002937,0.002678,0.002678,-0.002051,-0.002051
C9,0.000000,0.000000,0.000000,0.000000,0.000016,0.000016,0.000016,0.000016,0.001085,0.000523,0.000523,0.000523,0.000523,-0.001514,-0.001514,-0.001514,-0.001196,-0.001936,-0.001976,0.000197,0.000197,0.000197,0.000197,0.000197,0.002683,0.002683,0.002683,0.002701,0.002701,0.002701,0.002701,0.002857,0.002857,0.003183,0.003213,0.003213,0.003213,0.001886,0.001886,0.002215,0.001782,0.001814,0.003877,0.003877,0.003877,0.003877,0.003877,0.003877,0.302867,0.302867,0.302867,0.302867,0.268325,0.268325,0.268325,0.268325,0.086112,-0.032340,-0.032340,0.027891,-0.018002,0.012941,0.012941,0.012941,0.012941,0.012941,0.012941,0.012941,0.012941,0.005831,0.007760,0.008617,0.010006,0.009123,0.009123,-0.006986,-0.006986
C10,0.000000,0.000000,0.000000,0.000000,0.000010,0.000010,0.000010,0.000010,0.000686,0.000331,0.000331,0.000331,0.000331,-0.000958,-0.000958,-0.000958,-0.000757,-0.001225,-0.001250,0.000124,0.000124,0.000124,0.000124,0.000124,0.001697,0.001697,0.001697,0.001708,0.001708,0.001708,0.001708,0.001807,0.001807,0.002013,0.002032,0.002032,0.002032,0.001193,0.001193,0.001401,0.001127,0.001148,0.002452,0.002452,0.002452,0.002452,0.002452,0.002452,0.183883,0.183883,0.183883,0.183883,0.212440,0.212440,0.212440,0.212440,0.054470,-0.020456,-0.020456,0.021983,-0.011387,0.008186,0.008186,0.008186,0.008186,0.008186,0.008186,0.008186,0.008186,0.003688,0.004909,0.005451,0.006329,0.005771,0.005771,-0.004419,-0.004419
C11,0.000000,0.000000,0.000000,0.000000,0.000000,0.000000,0.000000,0.000000,0.000000,0.000000,0.000000,0.000000,0.000000,0.000000,0.000000,0.000000,0.000000,0.000000,0.000000,0.000000,0.000000,0.000000,0.000000,0.000000,0.000000,0.000000,0.000000,0.000000,0.000000,0.000000,0.000000,0.000000,0.000000,0.000000,0.000000,0.000000,0.000000,0.000000,0.000000,0.000000,0.000000,0.000000,0.000000,0.000000,0.000000,0.000000,0.000000,0.000000,0.000000,0.000000,0.000000,0.000000,0.000000,0.000000,0.000000,0.000000,0.000000,1.000000,1.000000,0.000000,0.000000,0.000000,0.000000,0.000000,0.000000,0.000000,0.000000,0.000000,0.000000,0.000000,0.000000,0.000000,0.000000,0.000000,0.000000,0.000000,0.000000
C12-1,0.000000,0.000000,0.000000,0.000000,-0.000004,-0.000004,-0.000004,-0.000004,-0.000303,-0.000146,-0.000146,-0.000146,-0.000146,0.000423,0.000423,0.000423,0.000334,0.000541,0.000552,-0.000055,-0.000055,-0.000055,-0.000055,-0.000055,-0.000750,-0.000750,-0.000750,-0.000755,-0.000755,-0.000755,-0.000755,-0.000798,-0.000798,-0.000890,-0.000898,-0.000898,-0.000898,-0.000527,-0.000527,-0.000619,-0.000498,-0.000507,-0.001084,-0.001084,-0.001084,-0.001084,-0.001084,-0.001084,0.023988,0.023988,0.023988,0.023988,0.022066,0.022066,0.022066,0.022066,-0.024067,0.509038,0.509038,-0.069062,0.005031,-0.003617,-0.003617,-0.003617,-0.003617,-0.003617,-0.003617,-0.003617,-0.003617,-0.001630,-0.002169,-0.002408,-0.002796,-0.002550,-0.002550,0.001952,0.001952
C13-2,0.000000,0.000000,0.000000,0.000000,0.000004,0.000004,0.000004,0.000004,0.000303,0.000146,0.000146,0.000146,0.000146,-0.000423,-0.000423,-0.000423,-0.000334,-0.000541,-0.000552,0.000055,0.000055,0.000055,0.000055,0.000055,0.000750,0.000750,0.000750,0.000755,0.000755,0.000755,0.000755,0.000798,0.000798,0.000890,0.000898,0.000898,0.000898,0.000527,0.000527,0.000619,0.000498,0.000507,0.001084,0.001084,0.001084,0.001084,0.001084,0.001084,-0.023988,-0.023988,-0.023988,-0.023988,-0.022066,-0.022066,-0.022066,-0.022066,0.024067,0.490962,0.490962,0.069062,-0.005031,0.003617,0.003617,0.003617,0.003617,0.003617,0.003617,0.003617,0.003617,0.001630,0.002169,0.002408,0.002796,0.002550,0.002550,-0.001952,-0.001952
C14,0.000000,0.000000,0.000000,0.000000,-0.000004,-0.000004,-0.000004,-0.000004,-0.000257,-0.000124,-0.000124,-0.000124,-0.000124,0.000359,0.000359,0.000359,0.000283,0.000459,0.000469,-0.000047,-0.000047,-0.000047,-0.000047,-0.000047,-0.000636,-0.000636,-0.000636,-0.000640,-0.000640,-0.000640,-0.000640,-0.000677,-0.000677,-0.000755,-0.000762,-0.000762,-0.000762,-0.000447,-0.000447,-0.000525,-0.000422,-0.000430,-0.000919,-0.000919,-0.000919,-0.000919,-0.000919,-0.000919,0.132409,0.132409,0.132409,0.132409,0.138099,0.138099,0.138099,0.138099,0.166784,0.180512,0.180512,0.327114,-0.034611,0.005707,0.005707,0.005707,0.005707,0.005707,0.005707,0.005707,0.005707,-0.010737,-0.004812,-0.002043,0.000389,-0.001656,-0.001656,0.001656,0.001656
C15,0.000000,0.000000,0.000000,0.000000,0.000070,0.000070,0.000070,0.000070,0.004715,0.002273,0.002273,0.002273,0.002273,-0.006579,-0.006579,-0.006579,-0.005197,-0.008413,-0.008588,0.000855,0.000855,0.000855,0.000855,0.000855,0.011657,0.011657,0.011657,0.011734,0.011734,0.011734,0.011734,0.012412,0.012412,0.013831,0.013960,0.013960,0.013960,0.008195,0.008195,0.009622,0.007741,0.007884,0.016846,0.016846,0.016846,0.016846,0.016846,0.016846,0.141877,0.141877,0.141877,0.141877,0.147226,0.147226,0.147226,0.147226,0.186960,0.186638,0.186638,0.334455,-0.039341,0.047452,0.047452,0.047452,0.047452,0.047452,0.047452,0.047452,0.047452,0.034689,0.036690,0.037442,0.040715,0.039133,0.039133,-0.030355,-0.030355
C16,0.000000,0.000000,0.000000,0.000000,-0.000021,-0.000021,-0.000021,-0.000021,-0.001449,-0.000698,-0.000698,-0.000698,-0.000698,0.002021,0.002021,0.002021,0.001597,0.002585,0.002639,-0.000263,-0.000263,-0.000263,-0.000263,-0.000263,-0.003582,-0.003582,-0.003582,-0.003605,-0.003605,-0.003605,-0.003605,-0.003814,-0.003814,-0.004249,-0.004289,-0.004289,-0.004289,-0.002518,-0.002518,-0.002956,-0.002378,-0.002422,-0.005176,-0.005176,-0.005176,-0.005176,-0.005176,-0.005176,0.226647,0.226647,0.226647,0.226647,0.224786,0.224786,0.224786,0.224786,0.072237,0.216020,0.216020,0.055798,-0.014845,-0.008501,-0.008501,-0.008501,-0.008501,-0.008501,-0.008501,-0.008501,-0.008501,-0.017139,-0.013332,-0.011504,-0.010597,-0.011672,-0.011672,0.009326,0.009326
C17,0.000000,0.000000,0.000000,0.000000,0.000052,0.000052,0.000052,0.000052,0.003524,0.001699,0.001699,0.001699,0.001699,-0.004916,-0.004916,-0.004916,-0.003883,-0.006287,-0.006418,0.000639,0.000639,0.000639,0.000639,0.000639,0.008712,0.008712,0.008712,0.008769,0.008769,0.008769,0.008769,0.009275,0.009275,0.010336,0.010432,0.010432,0.010432,0.006124,0.006124,0.007191,0.005785,0.005891,0.012589,0.012589,0.012589,0.012589,0.012589,0.012589,0.236115,0.236115,0.236115,0.236115,0.233913,0.233913,0.233913,0.233913,0.092412,0.222146,0.222146,0.063138,-0.019576,0.033244,0.033244,0.033244,0.033244,0.033244,0.033244,0.033244,0.033244,0.028287,0.028170,0.027981,0.029729,0.029116,0.029116,-0.022684,-0.022684
C18,0.000000,0.000000,0.000000,0.000000,0.000130,0.000130,0.000130,0.000130,0.008833,0.004259,0.004259,0.004259,0.004259,-0.012325,-0.012325,-0.012325,-0.009736,-0.015762,-0.016089,0.001601,0.001601,0.001601,0.001601,0.001601,0.021840,0.021840,0.021840,0.021984,0.021984,0.021984,0.021984,0.023253,0.023253,0.025911,0.026153,0.026153,0.026153,0.015353,0.015353,0.018027,0.014502,0.014770,0.031561,0.031561,0.031561,0.031561,0.031561,0.031561,0.126989,0.126989,0.126989,0.126989,0.127511,0.127511,0.127511,0.127511,0.110628,0.132097,0.132097,0.130241,-0.296663,0.077668,0.077668,0.077668,0.077668,0.077668,0.077668,0.077668,0.077668,0.076965,0.072543,0.070147,0.072744,0.072665,0.072665,-0.056869,-0.056869
C19,0.000000,0.000000,0.000000,0.000000,-0.000156,-0.000156,-0.000156,-0.000156,-0.010539,-0.005082,-0.005082,-0.005082,-0.005082,0.014705,0.014705,0.014705,0.011616,0.018806,0.019196,-0.001910,-0.001910,-0.001910,-0.001910,-0.001910,-0.026057,-0.026057,-0.026057,-0.026230,-0.026230,-0.026230,-0.026230,-0.027744,-0.027744,-0.030915,-0.031204,-0.031204,-0.031204,-0.018317,-0.018317,-0.021508,-0.017303,-0.017622,-0.037656,-0.037656,-0.037656,-0.037656,-0.037656,-0.037656,0.232067,0.232067,0.232067,0.232067,0.235374,0.235374,0.235374,0.235374,0.128393,0.264435,0.264435,0.252672,0.247207,-0.080462,-0.080462,-0.080462,-0.080462,-0.080462,-0.080462,-0.080462,-0.080462,-0.104841,-0.090688,-0.083693,-0.082953,-0.085993,-0.085993,0.067851,0.067851
C20,0.000000,0.000000,0.000000,0.000000,0.000002,0.000002,0.000002,0.000002,0.000132,0.000064,0.000064,0.000064,0.000064,-0.000184,-0.000184,-0.000184,-0.000146,-0.000236,-0.000240,0.000024,0.000024,0.000024,0.000024,0.000024,0.000326,0.000326,0.000326,0.000329,0.000329,0.000329,0.000329,0.000348,0.000348,0.000387,0.000391,0.000391,0.000391,0.000229,0.000229,0.000269,0.000217,0.000221,0.000472,0.000472,0.000472,0.000472,0.000472,0.000472,0.110419,0.110419,0.110419,0.110419,0.111539,0.111539,0.111539,0.111539,0.075321,0.121377,0.121377,0.117395,-0.288385,0.004614,0.004614,0.004614,0.004614,0.004614,0.004614,0.004614,0.004614,-0.002531,-0.000086,0.001048,0.002174,0.001286,0.001286,-0.000850,-0.000850
C21,0.000000,0.000000,0.000000,0.000000,0.000120,0.000120,0.000120,0.000120,0.008107,0.003909,0.003909,0.003909,0.003909,-0.011311,-0.011311,-0.011311,-0.008935,-0.014465,-0.014765,0.001469,0.001469,0.001469,0.001469,0.001469,0.020042,0.020042,0.020042,0.020175,0.020175,0.020175,0.020175,0.021340,0.021340,0.023779,0.024001,0.024001,0.024001,0.014089,0.014089,0.016543,0.013309,0.013554,0.028963,0.028963,0.028963,0.028963,0.028963,0.028963,0.267574,0.267574,0.267574,0.267574,0.269600,0.269600,0.269600,0.269600,0.204051,0.287406,0.287406,0.280198,0.229468,0.076082,0.076082,0.076082,0.076082,0.076082,0.076082,0.076082,0.076082,0.065507,0.064946,0.064374,0.068270,0.066963,0.066963,-0.052189,-0.052189
C22,0.000000,0.000000,0.000000,0.000000,0.000132,0.000132,0.000132,0.000132,0.008965,0.004323,0.004323,0.004323,0.004323,-0.012509,-0.012509,-0.012509,-0.009881,-0.015998,-0.016329,0.001625,0.001625,0.001625,0.001625,0.001625,0.022166,0.022166,0.022166,0.022313,0.022313,0.022313,0.022313,0.023601,0.023601,0.026299,0.026544,0.026544,0.026544,0.015582,0.015582,0.018296,0.014719,0.014990,0.032032,0.032032,0.032032,0.032032,0.032032,0.032032,0.237408,0.237408,0.237408,0.237408,0.239050,0.239050,0.239050,0.239050,0.185949,0.253475,0.253475,0.247636,0.414952,0.082282,0.082282,0.082282,0.082282,0.082282,0.082282,0.082282,0.082282,0.074433,0.072458,0.071195,0.074918,0.073951,0.073951,-0.057719,-0.057719
C23,0.000000,0.000000,0.000000,0.000000,-0.000156,-0.000156,-0.000156,-0.000156,-0.010539,-0.005082,-0.005082,-0.005082,-0.005082,0.014705,0.014705,0.014705,0.011616,0.018806,0.019196,-0.001910,-0.001910,-0.001910,-0.001910,-0.001910,-0.026057,-0.026057,-0.026057,-0.026230,-0.026230,-0.026230,-0.026230,-0.027744,-0.027744,-0.030915,-0.031204,-0.031204,-0.031204,-0.018317,-0.018317,-0.021508,-0.017303,-0.017622,-0.037656,-0.037656,-0.037656,-0.037656,-0.037656,-0.037656,0.232067,0.232067,0.232067,0.232067,0.235374,0.235374,0.235374,0.235374,0.128393,0.264435,0.264435,0.252672,0.247207,-0.080462,-0.080462,-0.080462,-0.080462,-0.080462,-0.080462,-0.080462,-0.080462,-0.104841,-0.090688,-0.083693,-0.082953,-0.085993,-0.085993,0.067851,0.067851
C24,0.000000,0.000000,0.000000,0.000000,0.000288,0.000288,0.000288,0.000288,0.019472,0.009388,0.009388,0.009388,0.009388,-0.027168,-0.027168,-0.027168,-0.021461,-0.034745,-0.035465,0.003529,0.003529,0.003529,0.003529,0.003529,0.048142,0.048142,0.048142,0.048460,0.048460,0.048460,0.048460,0.051258,0.051258,0.057117,0.057650,0.057650,0.057650,0.033842,0.033842,0.039737,0.031967,0.032557,0.069570,0.069570,0.069570,0.069570,0.069570,0.069570,0.031831,0.031831,0.031831,0.031831,0.026409,0.026409,0.026409,0.026409,0.201804,-0.021237,-0.021237,-0.001950,-0.085191,0.544221,0.544221,0.544221,0.544221,0.544221,0.544221,0.544221,0.544221,-0.228042,0.033535,0.154625,0.277698,0.181726,0.181726,-0.125356,-0.125356
C25-1,0.000000,0.000000,0.000000,0.000000,-0.000192,-0.000192,-0.000192,-0.000192,-0.013002,-0.006269,-0.006269,-0.006269,-0.006269,0.018142,0.018142,0.018142,0.014330,0.023201,0.023682,-0.002356,-0.002356,-0.002356,-0.002356,-0.002356,-0.032146,-0.032146,-0.032146,-0.032359,-0.032359,-0.032359,-0.032359,-0.034227,-0.034227,-0.038139,-0.038496,-0.038496,-0.038496,-0.022598,-0.022598,-0.026534,-0.021346,-0.021740,-0.046455,-0.046455,-0.046455,-0.046455,-0.046455,-0.046455,0.115560,0.115560,0.115560,0.115560,0.114784,0.114784,0.114784,0.114784,0.139902,0.107960,0.107960,0.110722,0.096782,0.188938,0.188938,0.188938,0.188938,0.188938,0.188938,0.188938,0.188938,0.096471,-0.040125,-0.103251,-0.168966,-0.118324,-0.118324,0.083706,0.083706
C25-2,0.000000,0.000000,0.000000,0.000000,-0.000192,-0.000192,-0.000192,-0.000192,-0.013002,-0.006269,-0.006269,-0.006269,-0.006269,0.018142,0.018142,0.018142,0.014330,0.023201,0.023682,-0.002356,-0.002356,-0.002356,-0.002356,-0.002356,-0.032146,-0.032146,-0.032146,-0.032359,-0.032359,-0.032359,-0.032359,-0.034227,-0.034227,-0.038139,-0.038496,-0.038496,-0.038496,-0.022598,-0.022598,-0.026534,-0.021346,-0.021740,-0.046455,-0.046455,-0.046455,-0.046455,-0.046455,-0.046455,0.115560,0.115560,0.115560,0.115560,0.114784,0.114784,0.114784,0.114784,0.139902,0.107960,0.107960,0.110722,0.096782,0.188938,0.188938,0.188938,0.188938,0.188938,0.188938,0.188938,0.188938,0.096471,-0.040125,-0.103251,-0.168966,-0.118324,-0.118324,0.083706,0.083706
C26,0.000000,0.000000,0.000000,0.000000,0.000096,0.000096,0.000096,0.000096,0.006533,0.003150,0.003150,0.003150,0.003150,-0.009115,-0.009115,-0.009115,-0.007200,-0.011657,-0.011898,0.001184,0.001184,0.001184,0.001184,0.001184,0.016151,0.016151,0.016151,0.016258,0.016258,0.016258,0.016258,0.017197,0.017197,0.019162,0.019341,0.019341,0.019341,0.011354,0.011354,0.013331,0.010725,0.010923,0.023340,0.023340,0.023340,0.023340,0.023340,0.023340,-0.262952,-0.262952,-0.262952,-0.262952,-0.255976,-0.255976,-0.255976,-0.255976,-0.481607,-0.194684,-0.194684,-0.219495,-0.108373,0.077902,0.077902,0.077902,0.077902,0.077902,0.077902,0.077902,0.077902,0.035100,0.046715,0.051876,0.060235,0.054921,0.054921,-0.042056,-0.042056
C27,0.000000,0.000000,0.000000,0.000000,-0.000488,-0.000488,-0.000488,-0.000488,-0.033076,-0.015948,-0.015948,-0.015948,-0.015948,0.046151,0.046151,0.046151,0.036455,0.059021,0.060244,-0.005995,-0.005995,-0.005995,-0.005995,-0.005995,-0.081778,-0.081778,-0.081778,-0.082319,-0.082319,-0.082319,-0.082319,-0.087071,-0.087071,-0.097024,-0.097930,-0.097930,-0.097930,-0.057487,-0.057487,-0.067500,-0.054302,-0.055304,-0.118177,-0.118177,-0.118177,-0.118177,-0.118177,-0.118177,0.202579,0.202579,0.202579,0.202579,0.203541,0.203541,0.203541,0.203541,0.172419,0.211995,0.211995,0.208573,0.219553,0.111662,0.111662,0.111662,0.111662,0.111662,0.111662,0.111662,0.111662,0.282693,-0.407994,-0.262661,-0.145769,-0.248840,-0.248840,0.212942,0.212942
C28,0.000000,0.000000,0.000000,0.000000,0.000620,0.000620,0.000620,0.000620,0.042009,0.020255,0.020255,0.020255,0.020255,-0.058614,-0.058614,-0.058614,-0.046300,-0.074960,-0.076513,0.007614,0.007614,0.007614,0.007614,0.007614,0.103862,0.103862,0.103862,0.104549,0.104549,0.104549,0.104549,0.110585,0.110585,0.123225,0.124377,0.124377,0.124377,0.073012,0.073012,0.085729,0.068966,0.070239,0.150091,0.150091,0.150091,0.150091,0.150091,0.150091,0.061319,0.061319,0.061319,0.061319,0.058242,0.058242,0.058242,0.058242,0.157778,0.031203,0.031203,0.042148,-0.057536,0.352097,0.352097,0.352097,0.352097,0.352097,0.352097,0.352097,0.352097,0.384424,0.350841,0.333593,0.340515,0.344574,0.344574,-0.270448,-0.270448
C29,0.000000,0.000000,0.000000,0.000000,-0.000479,-0.000479,-0.000479,-0.000479,-0.032451,-0.015647,-0.015647,-0.015647,-0.015647,0.045279,0.045279,0.045279,0.035766,0.057906,0.059106,-0.005881,-0.005881,-0.005881,-0.005881,-0.005881,-0.080232,-0.080232,-0.080232,-0.080763,-0.080763,-0.080763,-0.080763,-0.085426,-0.085426,-0.095190,-0.096080,-0.096080,-0.096080,-0.056401,-0.056401,-0.066225,-0.053276,-0.054259,-0.115944,-0.115944,-0.115944,-0.115944,-0.115944,-0.115944,0.203421,0.203421,0.203421,0.203421,0.204215,0.204215,0.204215,0.204215,0.178537,0.211190,0.211190,0.208367,0.216766,0.128407,0.128407,0.128407,0.128407,0.128407,0.128407,0.128407,0.128407,0.275446,0.545349,-0.257697,-0.092531,0.158196,0.158196,0.208918,0.208918
C30,0.000000,0.000000,0.000000,0.000000,-0.000009,-0.000009,-0.000009,-0.000009,-0.000625,-0.000301,-0.000301,-0.000301,-0.000301,0.000872,0.000872,0.000872,0.000689,0.001115,0.001138,-0.000113,-0.000113,-0.000113,-0.000113,-0.000113,-0.001545,-0.001545,-0.001545,-0.001556,-0.001556,-0.001556,-0.001556,-0.001645,-0.001645,-0.001834,-0.001851,-0.001851,-0.001851,-0.001086,-0.001086,-0.001276,-0.001026,-0.001045,-0.002233,-0.002233,-0.002233,-0.002233,-0.002233,-0.002233,-0.000842,-0.000842,-0.000842,-0.000842,-0.000674,-0.000674,-0.000674,-0.000674,-0.006118,0.000805,0.000805,0.000206,0.002787,-0.016746,-0.016746,-0.016746,-0.016746,-0.016746,-0.016746,-0.016746,-0.016746,0.007247,0.046657,-0.004964,-0.053238,-0.407037,-0.407037,0.004024,0.004024
C31-1,0.000000,0.000000,0.000000,0.000000,0.000197,0.000197,0.000197,0.000197,0.013315,0.006420,0.006420,0.006420,0.006420,-0.018578,-0.018578,-0.018578,-0.014675,-0.023759,-0.024251,0.002413,0.002413,0.002413,0.002413,0.002413,0.032919,0.032919,0.032919,0.033137,0.033137,0.033137,0.033137,0.035050,0.035050,0.039056,0.039421,0.039421,0.039421,0.023141,0.023141,0.027172,0.021859,0.022262,0.047571,0.047571,0.047571,0.047571,0.047571,0.047571,-0.115139,-0.115139,-0.115139,-0.115139,-0.114447,-0.114447,-0.114447,-0.114447,-0.136843,-0.108363,-0.108363,-0.110826,-0.098175,-0.180565,-0.180565,-0.180565,-0.180565,-0.180565,-0.180565,-0.180565,-0.180565,-0.100095,0.016797,0.105732,-0.304415,-0.178158,-0.178158,-0.085718,-0.085718
C31-2,0.000000,0.000000,0.000000,0.000000,0.000197,0.000197,0.000197,0.000197,0.013315,0.006420,0.006420,0.006420,0.006420,-0.018578,-0.018578,-0.018578,-0.014675,-0.023759,-0.024251,0.002413,0.002413,0.002413,0.002413,0.002413,0.032919,0.032919,0.032919,0.033137,0.033137,0.033137,0.033137,0.035050,0.035050,0.039056,0.039421,0.039421,0.039421,0.023141,0.023141,0.027172,0.021859,0.022262,0.047571,0.047571,0.047571,0.047571,0.047571,0.047571,-0.115139,-0.115139,-0.115139,-0.115139,-0.114447,-0.114447,-0.114447,-0.114447,-0.136843,-0.108363,-0.108363,-0.110826,-0.098175,-0.180565,-0.180565,-0.180565,-0.180565,-0.180565,-0.180565,-0.180565,-0.180565,-0.100095,0.016797,0.105732,-0.304415,-0.178158,-0.178158,-0.085718,-0.085718
C32-1,0.000000,0.000000,0.000000,0.000000,0.000310,0.000310,0.000310,0.000310,0.021004,0.010127,0.010127,0.010127,0.010127,-0.029307,-0.029307,-0.029307,-0.023150,-0.037480,-0.038257,0.003807,0.003807,0.003807,0.003807,0.003807,0.051931,0.051931,0.051931,0.052275,0.052275,0.052275,0.052275,0.055292,0.055292,0.061613,0.062188,0.062188,0.062188,0.036506,0.036506,0.042864,0.034483,0.035119,0.075046,0.075046,0.075046,0.075046,0.075046,0.075046,0.030660,0.030660,0.030660,0.030660,0.029121,0.029121,0.029121,0.029121,0.078889,0.015602,0.015602,0.021074,-0.028768,0.176049,0.176049,0.176049,0.176049,0.176049,0.176049,0.176049,0.176049,0.192212,0.175420,0.166796,0.170257,0.172287,0.172287,-0.135224,-0.135224
C32-2,0.000000,0.000000,0.000000,0.000000,0.000310,0.000310,0.000310,0.000310,0.021004,0.010127,0.010127,0.010127,0.010127,-0.029307,-0.029307,-0.029307,-0.023150,-0.037480,-0.038257,0.003807,0.003807,0.003807,0.003807,0.003807,0.051931,0.051931,0.051931,0.052275,0.052275,0.052275,0.052275,0.055292,0.055292,0.061613,0.062188,0.062188,0.062188,0.036506,0.036506,0.042864,0.034483,0.035119,0.075046,0.075046,0.075046,0.075046,0.075046,0.075046,0.030660,0.030660,0.030660,0.030660,0.029121,0.029121,0.029121,0.029121,0.078889,0.015602,0.015602,0.021074,-0.028768,0.176049,0.176049,0.176049,0.176049,0.176049,0.176049,0.176049,0.176049,0.192212,0.175420,0.166796,0.170257,0.172287,0.172287,-0.135224,-0.135224
C33-1,0.000000,0.000000,0.000000,0.000000,0.000310,0.000310,0.000310,0.000310,0.021004,0.010127,0.010127,0.010127,0.010127,-0.029307,-0.029307,-0.029307,-0.023150,-0.037480,-0.038257,0.003807,0.003807,0.003807,0.003807,0.003807,0.051931,0.051931,0.051931,0.052275,0.052275,0.052275,0.052275,0.055292,0.055292,0.061613,0.062188,0.062188,0.062188,0.036506,0.036506,0.042864,0.034483,0.035119,0.075046,0.075046,0.075046,0.075046,0.075046,0.075046,0.030660,0.030660,0.030660,0.030660,0.029121,0.029121,0.029121,0.029121,0.078889,0.015602,0.015602,0.021074,-0.028768,0.176049,0.176049,0.176049,0.176049,0.176049,0.176049,0.176049,0.176049,0.192212,0.175420,0.166796,0.170257,0.172287,0.172287,-0.135224,-0.135224
C33-2,0.000000,0.000000,0.000000,0.000000,0.000310,0.000310,0.000310,0.000310,0.021004,0.010127,0.010127,0.010127,0.010127,-0.029307,-0.029307,-0.029307,-0.023150,-0.037480,-0.038257,0.003807,0.003807,0.003807,0.003807,0.003807,0.051931,0.051931,0.051931,0.052275,0.052275,0.052275,0.052275,0.055292,0.055292,0.061613,0.062188,0.062188,0.062188,0.036506,0.036506,0.042864,0.034483,0.035119,0.075046,0.075046,0.075046,0.075046,0.075046,0.075046,0.030660,0.030660,0.030660,0.030660,0.029121,0.029121,0.029121,0.029121,0.078889,0.015602,0.015602,0.021074,-0.028768,0.176049,0.176049,0.176049,0.176049,0.176049,0.176049,0.176049,0.176049,0.192212,0.175420,0.166796,0.170257,0.172287,0.172287,-0.135224,-0.135224
C34,0.000000,0.000000,0.000000,0.000000,0.000009,0.000009,0.000009,0.000009,0.000625,0.000301,0.000301,0.000301,0.000301,-0.000872,-0.000872,-0.000872,-0.000689,-0.001115,-0.001138,0.000113,0.000113,0.000113,0.000113,0.000113,0.001545,0.001545,0.001545,0.001556,0.001556,0.001556,0.001556,0.001645,0.001645,0.001834,0.001851,0.001851,0.001851,0.001086,0.001086,0.001276,0.001026,0.001045,0.002233,0.002233,0.002233,0.002233,0.002233,0.002233,0.000842,0.000842,0.000842,0.000842,0.000674,0.000674,0.000674,0.000674,0.006118,-0.000805,-0.000805,-0.000206,-0.002787,0.016746,0.016746,0.016746,0.016746,0.016746,0.016746,0.016746,0.016746,-0.007247,-0.046657,0.004964,0.053238,-0.592963,-0.592963,-0.004024,-0.004024
CA-1,0.000000,0.000000,0.000000,0.000000,0.000872,0.000872,0.000872,0.000872,0.059081,0.028486,0.028486,0.028486,0.028486,-0.082434,-0.082434,-0.082434,-0.065115,-0.105424,-0.107608,0.010708,0.010708,0.010708,0.010708,0.010708,0.146071,0.146071,0.146071,0.147037,0.147037,0.147037,0.147037,0.155526,0.155526,0.173303,0.174922,0.174922,0.174922,0.102683,0.102683,0.120568,0.096994,0.098783,0.211087,0.211087,0.211087,0.211087,0.211087,0.211087,0.566301,0.566301,0.566301,0.566301,0.566892,0.566892,0.566892,0.566892,0.547778,0.572084,0.572084,0.569982,0.586884,0.510462,0.510462,0.510462,0.510462,0.510462,0.510462,0.510462,0.510462,0.524365,0.488244,0.469162,0.483702,0.485488,0.485488,0.619645,0.619645
CB-1,0.000000,0.000000,0.000000,0.000000,-0.000872,-0.000872,-0.000872,-0.000872,-0.059081,-0.028486,-0.028486,-0.028486,-0.028486,0.082434,0.082434,0.082434,0.065115,0.105424,0.107608,-0.010708,-0.010708,-0.010708,-0.010708,-0.010708,-0.146071,-0.146071,-0.146071,-0.147037,-0.147037,-0.147037,-0.147037,-0.155526,-0.155526,-0.173303,-0.174922,-0.174922,-0.174922,-0.102683,-0.102683,-0.120568,-0.096994,-0.098783,-0.211087,-0.211087,-0.211087,-0.211087,-0.211087,-0.211087,0.433699,0.433699,0.433699,0.433699,0.433108,0.433108,0.433108,0.433108,0.452222,0.427916,0.427916,0.430018,0.413116,0.489538,0.489538,0.489538,0.489538,0.489538,0.489538,0.489538,0.489538,0.475635,0.511756,0.530838,0.516298,0.514512,0.514512,0.380355,0.380355
C35,0.000000,0.000000,0.000000,0.000000,0.000872,0.000872,0.000872,0.000872,0.059081,0.028486,0.028486,0.028486,0.028486,-0.082434,-0.082434,-0.082434,-0.065115,-0.105424,-0.107608,0.010708,0.010708,0.010708,0.010708,0.010708,0.146071,0.146071,0.146071,0.147037,0.147037,0.147037,0.147037,0.155526,0.155526,0.173303,0.174922,0.174922,0.174922,0.102683,0.102683,0.120568,0.096994,0.098783,0.211087,0.211087,0.211087,0.211087,0.211087,0.211087,0.566301,0.566301,0.566301,0.566301,0.566892,0.566892,0.566892,0.566892,0.547778,0.572084,0.572084,0.569982,0.586884,0.510462,0.510462,0.510462,0.510462,0.510462,0.510462,0.510462,0.510462,0.524365,0.488244,0.469162,0.483702,0.485488,0.485488,0.619645,0.619645
