line,101,102,103,104,105,106,107,108,109,110,111,112,113,114,115,116,117,118,119,120,121,122,123,124,201,202,203,204,205,206,207,208,209,210,211,212,213,214,215,216,217,218,219,220,221,222,223,224,301,302,303,304,305,306,307,308,309,310,311,312,313,314,315,316,317,318,319,320,321,322,323,324,325
A1,0.000000,-0.942885,-0.340650,-0.683989,-0.209543,-0.550990,-0.442530,-0.445379,-0.471980,-0.426482,-0.438385,-0.440583,-0.436340,-0.429329,-0.410124,-0.416607,-0.414862,-0.414049,-0.421964,-0.426622,-0.413295,-0.413911,-0.429184,-0.383560,-0.433017,-0.432954,-0.435013,-0.432771,-0.432600,-0.432357,-0.432394,-0.432394,-0.432621,-0.432168,-0.431940,-0.431607,-0.431425,-0.431937,-0.432682,-0.431932,-0.431638,-0.431902,-0.431177,-0.430520,-0.432147,-0.431947,-0.430159,-0.433573,-0.421239,-0.421224,-0.421704,-0.421182,-0.421142,-0.421085,-0.421094,-0.421094,-0.421147,-0.421041,-0.421170,-0.420729,-0.420722,-0.421637,-0.422641,-0.422292,-0.423199,-0.423679,-0.421273,-0.420387,-0.423313,-0.423269,-0.419900,-0.422283,-0.419339
A2,0.000000,-0.022602,-0.441678,-0.149396,-0.087688,-0.140890,-0.229785,-0.223861,-0.253226,-0.178471,-0.238406,-0.233835,-0.242660,-0.257241,-0.297185,-0.283699,-0.287329,-0.289020,-0.272558,-0.262870,-0.290589,-0.289308,-0.257542,-0.352432,-0.249570,-0.249702,-0.245420,-0.250083,-0.250438,-0.250942,-0.250865,-0.250865,-0.250395,-0.251336,-0.251810,-0.252502,-0.252882,-0.251817,-0.250268,-0.251827,-0.252440,-0.251890,-0.253397,-0.254763,-0.251380,-0.251796,-0.255514,-0.248414,-0.274066,-0.274097,-0.273099,-0.274186,-0.274268,-0.274386,-0.274368,-0.274368,-0.274258,-0.274478,-0.274211,-0.275127,-0.275141,-0.273240,-0.271150,-0.271876,-0.269989,-0.268993,-0.273995,-0.275838,-0.269752,-0.269845,-0.276852,-0.271895,-0.278018
A3,0.000000,-0.034513,-0.217672,-0.166615,-0.702769,-0.308120,-0.327685,-0.330761,-0.274794,-0.395047,-0.323209,-0.325582,-0.321000,-0.313430,-0.292692,-0.299693,-0.297809,-0.296931,-0.305478,-0.310507,-0.296116,-0.296781,-0.313274,-0.264008,-0.317413,-0.317344,-0.319567,-0.317146,-0.316962,-0.316700,-0.316740,-0.316740,-0.316985,-0.316496,-0.316250,-0.315890,-0.315693,-0.316246,-0.317050,-0.316241,-0.315923,-0.316208,-0.315426,-0.314716,-0.316473,-0.316257,-0.314326,-0.318013,-0.304695,-0.304679,-0.305197,-0.304633,-0.304590,-0.304529,-0.304538,-0.304538,-0.304595,-0.304481,-0.304620,-0.304144,-0.304137,-0.305124,-0.306209,-0.305832,-0.306811,-0.307329,-0.304731,-0.303775,-0.306934,-0.306886,-0.303248,-0.305822,-0.302643
A4,0.000000,0.028540,-0.210657,-0.607907,-0.088415,-0.129682,-0.242949,-0.243852,-0.310195,-0.179951,-0.241635,-0.242332,-0.240987,-0.238765,-0.232677,-0.234732,-0.234179,-0.233922,-0.236430,-0.237907,-0.233682,-0.233878,-0.238719,-0.224258,-0.239934,-0.239913,-0.240566,-0.239855,-0.239801,-0.239724,-0.239736,-0.239736,-0.239808,-0.239664,-0.239592,-0.239487,-0.239429,-0.239591,-0.239827,-0.239590,-0.239496,-0.239580,-0.239350,-0.239142,-0.239658,-0.239594,-0.239028,-0.240110,-0.236200,-0.236196,-0.236348,-0.236182,-0.236170,-0.236152,-0.236154,-0.236154,-0.236171,-0.236138,-0.236178,-0.236039,-0.236037,-0.236326,-0.236645,-0.236534,-0.236822,-0.236974,-0.236211,-0.235930,-0.236858,-0.236844,-0.235776,-0.236531,-0.235598
A5,0.000000,0.028576,-0.129993,-0.076082,-0.121128,-0.421308,-0.199581,-0.201527,-0.161785,-0.246531,-0.196750,-0.198251,-0.195353,-0.190564,-0.177446,-0.181875,-0.180683,-0.180128,-0.185534,-0.188716,-0.179612,-0.180033,-0.190466,-0.159302,-0.193084,-0.193040,-0.194447,-0.192915,-0.192799,-0.192633,-0.192658,-0.192658,-0.192813,-0.192504,-0.192348,-0.192121,-0.191996,-0.192346,-0.192854,-0.192343,-0.192141,-0.192322,-0.191827,-0.191378,-0.192489,-0.192353,-0.191131,-0.193463,-0.185039,-0.185029,-0.185357,-0.185000,-0.184972,-0.184934,-0.184940,-0.184940,-0.184976,-0.184904,-0.184991,-0.184690,-0.184686,-0.185310,-0.185997,-0.185758,-0.186378,-0.186705,-0.185062,-0.184457,-0.186456,-0.186425,-0.184124,-0.185752,-0.183741
A6,0.000000,-0.015451,0.334145,-0.121681,-0.040801,-0.066745,-0.116236,-0.128827,-0.208672,-0.083042,-0.097911,-0.107626,-0.088868,-0.057877,0.027024,-0.001639,0.006075,0.009669,-0.025320,-0.045912,0.013005,0.010281,-0.057238,0.144453,-0.074182,-0.073901,-0.083002,-0.073092,-0.072337,-0.071265,-0.071428,-0.071428,-0.072429,-0.070427,-0.069420,-0.067949,-0.067141,-0.069405,-0.072699,-0.069385,-0.068083,-0.069251,-0.066047,-0.063143,-0.070335,-0.069450,-0.061547,-0.076638,-0.022115,-0.022050,-0.024172,-0.021861,-0.021685,-0.021435,-0.021473,-0.021473,-0.021707,-0.021240,-0.021808,-0.019860,-0.019831,-0.023871,-0.028314,-0.026771,-0.030780,-0.032899,-0.022266,-0.018348,-0.031284,-0.031086,-0.016194,-0.026730,-0.013715
A7,0.000000,-0.007152,0.224177,-0.027715,-0.046887,-0.074145,-0.113549,-0.095033,-0.044554,-0.095429,-0.140495,-0.126209,-0.153792,-0.199364,-0.324209,-0.282060,-0.293404,-0.298688,-0.247238,-0.216958,-0.303595,-0.299589,-0.200304,-0.496885,-0.175388,-0.175801,-0.162418,-0.176991,-0.178100,-0.179677,-0.179437,-0.179437,-0.177965,-0.180909,-0.182390,-0.184553,-0.185741,-0.182412,-0.177569,-0.182442,-0.184357,-0.182639,-0.187351,-0.191620,-0.181044,-0.182346,-0.193968,-0.171776,-0.251951,-0.252047,-0.248927,-0.252324,-0.252583,-0.252951,-0.252895,-0.252895,-0.252551,-0.253238,-0.252403,-0.255267,-0.255310,-0.249368,-0.242836,-0.245105,-0.239209,-0.236094,-0.251730,-0.257490,-0.238468,-0.238759,-0.260658,-0.245165,-0.264304
A8,0.000000,0.028540,-0.210657,0.392093,-0.088415,-0.129682,-0.242949,-0.243852,-0.310195,-0.179951,-0.241635,-0.242332,-0.240987,-0.238765,-0.232677,-0.234732,-0.234179,-0.233922,-0.236430,-0.237907,-0.233682,-0.233878,-0.238719,-0.224258,-0.239934,-0.239913,-0.240566,-0.239855,-0.239801,-0.239724,-0.239736,-0.239736,-0.239808,-0.239664,-0.239592,-0.239487,-0.239429,-0.239591,-0.239827,-0.239590,-0.239496,-0.239580,-0.239350,-0.239142,-0.239658,-0.239594,-0.239028,-0.240110,-0.236200,-0.236196,-0.236348,-0.236182,-0.236170,-0.236152,-0.236154,-0.236154,-0.236171,-0.236138,-0.236178,-0.236039,-0.236037,-0.236326,-0.236645,-0.236534,-0.236822,-0.236974,-0.236211,-0.235930,-0.236858,-0.236844,-0.235776,-0.236531,-0.235598
A9,0.000000,-0.034513,-0.217672,-0.166615,0.297231,-0.308120,-0.327685,-0.330761,-0.274794,-0.395047,-0.323209,-0.325582,-0.321000,-0.313430,-0.292692,-0.299693,-0.297809,-0.296931,-0.305478,-0.310507,-0.296116,-0.296781,-0.313274,-0.264008,-0.317413,-0.317344,-0.319567,-0.317146,-0.316962,-0.316700,-0.316740,-0.316740,-0.316985,-0.316496,-0.316250,-0.315890,-0.315693,-0.316246,-0.317050,-0.316241,-0.315923,-0.316208,-0.315426,-0.314716,-0.316473,-0.316257,-0.314326,-0.318013,-0.304695,-0.304679,-0.305197,-0.304633,-0.304590,-0.304529,-0.304538,-0.304538,-0.304595,-0.304481,-0.304620,-0.304144,-0.304137,-0.305124,-0.306209,-0.305832,-0.306811,-0.307329,-0.304731,-0.303775,-0.306934,-0.306886,-0.303248,-0.305822,-0.302643
A10,0.000000,0.028576,-0.129993,-0.076082,-0.121128,0.578692,-0.199581,-0.201527,-0.161785,-0.246531,-0.196750,-0.198251,-0.195353,-0.190564,-0.177446,-0.181875,-0.180683,-0.180128,-0.185534,-0.188716,-0.179612,-0.180033,-0.190466,-0.159302,-0.193084,-0.193040,-0.194447,-0.192915,-0.192799,-0.192633,-0.192658,-0.192658,-0.192813,-0.192504,-0.192348,-0.192121,-0.191996,-0.192346,-0.192854,-0.192343,-0.192141,-0.192322,-0.191827,-0.191378,-0.192489,-0.192353,-0.191131,-0.193463,-0.185039,-0.185029,-0.185357,-0.185000,-0.184972,-0.184934,-0.184940,-0.184940,-0.184976,-0.184904,-0.184991,-0.184690,-0.184686,-0.185310,-0.185997,-0.185758,-0.186378,-0.186705,-0.185062,-0.184457,-0.186456,-0.186425,-0.184124,-0.185752,-0.183741
A11,0.000000,-0.000654,0.020491,-0.002533,-0.004286,-0.006777,0.671146,-0.191782,-0.004073,-0.008723,0.033066,0.035767,0.064078,0.045395,0.061772,0.062714,0.065420,0.066680,0.068345,0.073242,0.067851,0.066895,0.075936,0.045988,0.238488,0.236227,0.309366,0.229726,0.223664,0.215046,0.216359,0.216359,0.224402,0.208317,0.193152,0.195471,0.187579,0.174821,0.146549,0.149070,0.134785,0.137762,0.155078,0.160302,0.140526,0.138269,0.163176,0.208803,0.112757,0.112674,0.115387,0.112432,0.112208,0.111888,0.111937,0.111937,0.112235,0.111638,0.112364,0.109874,0.109836,0.115003,0.120683,0.118710,0.123837,0.126545,0.112950,0.107941,0.124481,0.124228,0.105186,0.118658,0.102016
AB1,0.000000,0.000654,-0.020491,0.002533,0.004286,0.006777,0.328854,0.191782,0.004073,0.008723,-0.033066,-0.035767,-0.064078,-0.045395,-0.061772,-0.062714,-0.065420,-0.066680,-0.068345,-0.073242,-0.067851,-0.066895,-0.075936,-0.045988,-0.238488,-0.236227,-0.309366,-0.229726,-0.223664,-0.215046,-0.216359,-0.216359,-0.224402,-0.208317,-0.193152,-0.195471,-0.187579,-0.174821,-0.146549,-0.149070,-0.134785,-0.137762,-0.155078,-0.160302,-0.140526,-0.138269,-0.163176,-0.208803,-0.112757,-0.112674,-0.115387,-0.112432,-0.112208,-0.111888,-0.111937,-0.111937,-0.112235,-0.111638,-0.112364,-0.109874,-0.109836,-0.115003,-0.120683,-0.118710,-0.123837,-0.126545,-0.112950,-0.107941,-0.124481,-0.124228,-0.105186,-0.118658,-0.102016
A12-1,0.000000,-0.002257,-0.037553,-0.053321,0.028831,0.043988,0.318521,0.387917,-0.095137,0.058681,-0.001770,0.000244,0.013119,0.001662,0.004054,0.006482,0.007308,0.007693,0.010914,0.014769,0.008051,0.007759,0.016888,-0.011854,0.099321,0.098172,0.135362,0.094866,0.091783,0.087401,0.088069,0.088069,0.092158,0.083979,0.076328,0.077387,0.073386,0.067162,0.053251,0.054285,0.047053,0.048622,0.057061,0.059475,0.050078,0.048889,0.060803,0.084646,0.032902,0.032855,0.034357,0.032722,0.032597,0.032420,0.032447,0.032447,0.032612,0.032282,0.032684,0.031306,0.031285,0.034144,0.037288,0.036195,0.039033,0.040532,0.033008,0.030236,0.039389,0.039249,0.028712,0.036167,0.026957
A13-2,0.000000,0.001603,0.058044,0.050788,-0.033117,-0.050765,0.352625,0.420301,0.091065,-0.067403,0.034836,0.035523,0.050959,0.043733,0.057718,0.056232,0.058112,0.058987,0.057431,0.058474,0.059800,0.059137,0.059047,0.057842,0.139167,0.138055,0.174004,0.134860,0.131881,0.127645,0.128290,0.128290,0.132243,0.124337,0.116824,0.118084,0.114193,0.107659,0.093299,0.094785,0.087731,0.089140,0.098017,0.100827,0.090448,0.089380,0.102373,0.124156,0.079856,0.079818,0.081030,0.079711,0.079610,0.079468,0.079489,0.079489,0.079623,0.079356,0.079680,0.078568,0.078551,0.080859,0.083396,0.082514,0.084804,0.086014,0.079942,0.077705,0.085092,0.084979,0.076474,0.082491,0.075059
A14,0.000000,0.005599,0.037227,0.109255,-0.048992,-0.074321,-0.016232,0.010737,0.194139,-0.099712,-0.279732,-0.059302,-0.151127,-0.219205,-0.118105,-0.134180,-0.128249,-0.125487,-0.128029,-0.122680,-0.122922,-0.125016,-0.119738,-0.058713,-0.100731,-0.101156,-0.087415,-0.102377,-0.103516,-0.105135,-0.104888,-0.104888,-0.103377,-0.106399,-0.109380,-0.108681,-0.110190,-0.113163,-0.120721,-0.118477,-0.119354,-0.119700,-0.116737,-0.115224,-0.120021,-0.119759,-0.114392,-0.107986,-0.118903,-0.118911,-0.118668,-0.118932,-0.118952,-0.118981,-0.118977,-0.118977,-0.118950,-0.119003,-0.118938,-0.119161,-0.119165,-0.118702,-0.118194,-0.118371,-0.117912,-0.117669,-0.118886,-0.119334,-0.117854,-0.117877,-0.119581,-0.118375,-0.119864
A15,0.000000,0.005233,0.048709,0.107836,-0.051393,-0.078118,-0.024431,0.004500,0.191857,-0.104600,-0.061584,-0.290412,-0.165608,-0.075775,-0.083494,-0.095710,-0.092546,-0.091073,-0.122807,-0.146370,-0.089705,-0.090822,-0.159330,-0.032946,-0.114063,-0.114487,-0.100791,-0.115704,-0.116839,-0.118453,-0.118207,-0.118207,-0.116701,-0.119713,-0.123304,-0.121368,-0.122994,-0.128672,-0.138555,-0.136213,-0.141171,-0.140509,-0.131599,-0.127587,-0.139894,-0.140396,-0.125380,-0.124115,-0.106511,-0.106480,-0.107495,-0.106389,-0.106305,-0.106186,-0.106204,-0.106204,-0.106316,-0.106092,-0.106364,-0.105432,-0.105418,-0.107351,-0.109477,-0.108739,-0.110658,-0.111671,-0.106583,-0.104708,-0.110899,-0.110804,-0.103677,-0.108719,-0.102491
A16,0.000000,-0.001984,-0.150551,-0.095245,0.072694,0.111802,-0.083222,-0.052875,-0.171616,0.147953,-0.351635,-0.128600,-0.225456,-0.301846,-0.223516,-0.231903,-0.228041,-0.226243,-0.219401,-0.208529,-0.224572,-0.225936,-0.202550,-0.195618,-0.178999,-0.179499,-0.163318,-0.180937,-0.182278,-0.184185,-0.183895,-0.183895,-0.182115,-0.185674,-0.188925,-0.188620,-0.190346,-0.192712,-0.199386,-0.198031,-0.199258,-0.199290,-0.197186,-0.196452,-0.199320,-0.199296,-0.196048,-0.185595,-0.211135,-0.211160,-0.210348,-0.211232,-0.211299,-0.211395,-0.211381,-0.211381,-0.211291,-0.211470,-0.211253,-0.211998,-0.212009,-0.210463,-0.208763,-0.209354,-0.207820,-0.207009,-0.211077,-0.212576,-0.207627,-0.207703,-0.213401,-0.209369,-0.214349
A17,0.000000,-0.002350,-0.139070,-0.096664,0.070292,0.108005,-0.091420,-0.059112,-0.173898,0.143065,-0.133488,-0.359710,-0.239937,-0.158416,-0.188905,-0.193433,-0.192339,-0.191829,-0.214180,-0.232220,-0.191356,-0.191742,-0.242142,-0.169850,-0.192331,-0.192830,-0.176693,-0.194264,-0.195602,-0.197503,-0.197213,-0.197213,-0.195439,-0.198988,-0.202849,-0.201307,-0.203150,-0.208221,-0.217220,-0.215768,-0.221075,-0.220100,-0.212049,-0.208815,-0.219194,-0.219933,-0.207037,-0.201724,-0.198743,-0.198729,-0.199175,-0.198689,-0.198652,-0.198600,-0.198608,-0.198608,-0.198657,-0.198559,-0.198678,-0.198268,-0.198262,-0.199112,-0.200047,-0.199722,-0.200565,-0.201011,-0.198774,-0.197950,-0.200671,-0.200630,-0.197497,-0.199713,-0.196976
A18,0.000000,0.000597,-0.018701,0.002312,0.003911,0.006185,-0.086874,-0.047463,0.003717,0.007961,0.228774,-0.178326,-0.381457,0.110661,-0.056375,-0.055259,-0.060270,-0.062604,-0.113998,-0.165074,-0.064771,-0.063002,-0.193167,-0.041971,-0.204102,-0.204523,-0.190894,-0.205735,-0.206865,-0.208471,-0.208226,-0.208226,-0.206727,-0.209725,-0.214833,-0.209836,-0.211758,-0.224131,-0.252153,-0.237192,-0.233318,-0.238084,-0.225469,-0.215276,-0.242510,-0.238897,-0.209670,-0.228730,-0.133031,-0.132904,-0.137028,-0.132537,-0.132195,-0.131709,-0.131784,-0.131784,-0.132237,-0.131330,-0.132433,-0.128648,-0.128590,-0.136444,-0.145079,-0.142079,-0.149872,-0.153989,-0.133323,-0.125710,-0.150852,-0.150467,-0.121522,-0.142000,-0.116704
A19,0.000000,0.003019,-0.094623,0.011698,0.019791,0.031296,-0.012580,0.005326,0.018806,0.040280,0.139859,-0.009576,0.004873,-0.631712,-0.285245,-0.310823,-0.296020,-0.289125,-0.233432,-0.166135,-0.282723,-0.287950,-0.129121,-0.212360,-0.075628,-0.076131,-0.059839,-0.077580,-0.078930,-0.080850,-0.080557,-0.080557,-0.078766,-0.082349,-0.083471,-0.087465,-0.088777,-0.081743,-0.067954,-0.079316,-0.085294,-0.080906,-0.088454,-0.096400,-0.076832,-0.080158,-0.100770,-0.064851,-0.197007,-0.197167,-0.191988,-0.197627,-0.198056,-0.198667,-0.198574,-0.198574,-0.198004,-0.199143,-0.197758,-0.202511,-0.202583,-0.192721,-0.181878,-0.185645,-0.175859,-0.170689,-0.196640,-0.206201,-0.174629,-0.175112,-0.211459,-0.185744,-0.217510
A20,0.000000,0.001238,-0.038793,0.004796,0.008114,0.012831,-0.072527,-0.036548,0.007710,0.016514,-0.152984,0.226116,-0.356115,-0.140341,-0.116945,-0.122581,-0.122749,-0.122828,-0.123135,-0.123616,-0.122900,-0.122841,-0.123881,-0.087063,-0.180771,-0.181194,-0.167487,-0.182413,-0.183549,-0.185164,-0.184918,-0.184918,-0.183411,-0.186425,-0.190466,-0.187634,-0.189350,-0.196989,-0.220943,-0.206153,-0.195137,-0.201668,-0.199460,-0.193640,-0.207731,-0.202781,-0.190439,-0.200504,-0.154717,-0.154658,-0.156580,-0.154487,-0.154328,-0.154101,-0.154136,-0.154136,-0.154347,-0.153924,-0.154438,-0.152674,-0.152647,-0.156308,-0.160333,-0.158935,-0.162567,-0.164486,-0.154853,-0.151305,-0.163024,-0.162844,-0.149353,-0.158898,-0.147107
A21,0.000000,0.001645,-0.051568,0.006375,0.010786,0.017056,-0.043324,-0.018064,0.010249,0.021952,-0.042087,0.123763,-0.049431,-0.093849,-0.155454,-0.166562,-0.162136,-0.160074,-0.213852,-0.254974,-0.158160,-0.159723,-0.277591,-0.115733,-0.125624,-0.126122,-0.109996,-0.127556,-0.128892,-0.130792,-0.130503,-0.130503,-0.128730,-0.132276,-0.135688,-0.135041,-0.136794,-0.139904,-0.134832,-0.145828,-0.167109,-0.158941,-0.144188,-0.142762,-0.151357,-0.157548,-0.141978,-0.125336,-0.150537,-0.150551,-0.150090,-0.150592,-0.150630,-0.150684,-0.150676,-0.150676,-0.150625,-0.150727,-0.150603,-0.151026,-0.151033,-0.150156,-0.149191,-0.149526,-0.148656,-0.148196,-0.150504,-0.151354,-0.148546,-0.148589,-0.151822,-0.149535,-0.152360
A22,0.000000,0.001151,-0.036092,0.004462,0.007549,0.011937,-0.008289,0.000024,0.007173,0.015364,0.037480,0.013235,0.141364,-0.027207,-0.108801,-0.118076,-0.113049,-0.110707,-0.170497,-0.216079,-0.108532,-0.110307,-0.241150,-0.081001,-0.040328,-0.040650,-0.030232,-0.041576,-0.042439,-0.043667,-0.043480,-0.043480,-0.042334,-0.044625,-0.046200,-0.047040,-0.048048,-0.047302,-0.028430,-0.048850,-0.078655,-0.065946,-0.050714,-0.052335,-0.054144,-0.063778,-0.053227,-0.029119,-0.082478,-0.082527,-0.080953,-0.082667,-0.082797,-0.082983,-0.082955,-0.082955,-0.082782,-0.083128,-0.082707,-0.084151,-0.084173,-0.081176,-0.077880,-0.079025,-0.076051,-0.074479,-0.082367,-0.085273,-0.075676,-0.075824,-0.086871,-0.079055,-0.088710
AB2,0.000000,0.000683,-0.021403,0.002646,0.004476,0.007079,-0.151112,-0.084036,0.004254,0.009111,0.038309,0.034554,0.121064,-0.002474,-0.064519,-0.059764,-0.069971,-0.074725,-0.066636,-0.072611,-0.079139,-0.075535,-0.075898,-0.048033,-0.344545,-0.345068,-0.328149,-0.346572,-0.347974,-0.349968,-0.349664,-0.349664,-0.347804,-0.351525,-0.359099,-0.350430,-0.353060,-0.373818,-0.444665,-0.394495,-0.349800,-0.373806,-0.374215,-0.356581,-0.396098,-0.377900,-0.346882,-0.400115,-0.205270,-0.205035,-0.212655,-0.204357,-0.203726,-0.202828,-0.202965,-0.202965,-0.203803,-0.202127,-0.204164,-0.197171,-0.197064,-0.211576,-0.227531,-0.221989,-0.236389,-0.243996,-0.205810,-0.191741,-0.238200,-0.237488,-0.184004,-0.221843,-0.175100
A23,0.000000,0.003019,-0.094623,0.011698,0.019791,0.031296,-0.012580,0.005326,0.018806,0.040280,0.139859,-0.009576,0.004873,0.368288,-0.285245,-0.310823,-0.296020,-0.289125,-0.233432,-0.166135,-0.282723,-0.287950,-0.129121,-0.212360,-0.075628,-0.076131,-0.059839,-0.077580,-0.078930,-0.080850,-0.080557,-0.080557,-0.078766,-0.082349,-0.083471,-0.087465,-0.088777,-0.081743,-0.067954,-0.079316,-0.085294,-0.080906,-0.088454,-0.096400,-0.076832,-0.080158,-0.100770,-0.064851,-0.197007,-0.197167,-0.191988,-0.197627,-0.198056,-0.198667,-0.198574,-0.198574,-0.198004,-0.199143,-0.197758,-0.202511,-0.202583,-0.192721,-0.181878,-0.185645,-0.175859,-0.170689,-0.196640,-0.206201,-0.174629,-0.175112,-0.211459,-0.185744,-0.217510
A24,0.000000,-0.005340,0.167376,-0.020693,-0.035007,-0.055358,-0.060208,-0.056828,-0.033265,-0.071250,-0.112693,-0.093627,-0.109541,-0.175885,0.504563,-0.264656,-0.002646,0.119390,-0.218806,-0.178937,0.232710,0.140200,-0.157008,0.375638,-0.063221,-0.063032,-0.069128,-0.062491,-0.061985,-0.061267,-0.061377,-0.061377,-0.062047,-0.060706,-0.063200,-0.055878,-0.055964,-0.071354,-0.088564,-0.082809,-0.098219,-0.095776,-0.065856,-0.051114,-0.093507,-0.095359,-0.043006,-0.081133,0.102823,0.103065,0.095218,0.103763,0.104413,0.105338,0.105197,0.105197,0.104334,0.106060,0.103962,0.111164,0.111273,0.096329,0.079899,0.085607,0.070778,0.062944,0.102267,0.116755,0.068913,0.069646,0.124723,0.085756,0.133891
A25-1,0.000000,-0.000906,0.028400,-0.003511,-0.005940,-0.009393,-0.026670,-0.019102,-0.005644,-0.012090,-0.013901,-0.016291,-0.022125,-0.011739,0.085614,-0.008702,-0.145379,-0.209039,-0.014216,-0.019011,-0.268152,-0.219895,-0.021648,0.063738,-0.056083,-0.056384,-0.046645,-0.057250,-0.058057,-0.059205,-0.059030,-0.059030,-0.057959,-0.060101,-0.059595,-0.064337,-0.064888,-0.055529,-0.044503,-0.049816,-0.043069,-0.043432,-0.060748,-0.070253,-0.043769,-0.043494,-0.075481,-0.045322,-0.177387,-0.177556,-0.172073,-0.178044,-0.178498,-0.179144,-0.179046,-0.179046,-0.178443,-0.179649,-0.178183,-0.183215,-0.183292,-0.172849,-0.161367,-0.165356,-0.154993,-0.149519,-0.176998,-0.187122,-0.153690,-0.154203,-0.192690,-0.165461,-0.199097
A25-2,0.000000,-0.000906,0.028400,-0.003511,-0.005940,-0.009393,-0.026670,-0.019102,-0.005644,-0.012090,-0.013901,-0.016291,-0.022125,-0.011739,0.085614,-0.008702,-0.145379,-0.209039,-0.014216,-0.019011,-0.268152,-0.219895,-0.021648,0.063738,-0.056083,-0.056384,-0.046645,-0.057250,-0.058057,-0.059205,-0.059030,-0.059030,-0.057959,-0.060101,-0.059595,-0.064337,-0.064888,-0.055529,-0.044503,-0.049816,-0.043069,-0.043432,-0.060748,-0.070253,-0.043769,-0.043494,-0.075481,-0.045322,-0.177387,-0.177556,-0.172073,-0.178044,-0.178498,-0.179144,-0.179046,-0.179046,-0.178443,-0.179649,-0.178183,-0.183215,-0.183292,-0.172849,-0.161367,-0.165356,-0.154993,-0.149519,-0.176998,-0.187122,-0.153690,-0.154203,-0.192690,-0.165461,-0.199097
A26,0.000000,0.007152,-0.224177,0.027715,0.046887,0.074145,0.113549,0.095033,0.044554,0.095429,0.140495,0.126209,0.153792,0.199364,0.324209,0.282060,0.293404,0.298688,0.247238,0.216958,0.303595,0.299589,0.200304,-0.503115,0.175388,0.175801,0.162418,0.176991,0.178100,0.179677,0.179437,0.179437,0.177965,0.180909,0.182390,0.184553,0.185741,0.182412,0.177569,0.182442,0.184357,0.182639,0.187351,0.191620,0.181044,0.182346,0.193968,0.171776,0.251951,0.252047,0.248927,0.252324,0.252583,0.252951,0.252895,0.252895,0.252551,0.253238,0.252403,0.255267,0.255310,0.249368,0.242836,0.245105,0.239209,0.236094,0.251730,0.257490,0.238468,0.238759,0.260658,0.245165,0.264304
A27,0.000000,0.000940,-0.029455,0.003642,0.006161,0.009742,-0.005740,0.000609,0.005854,0.012539,0.025015,0.016075,0.015765,0.048928,-0.088795,0.082519,-0.616627,-0.476498,0.061252,0.042759,-0.346379,-0.452603,0.032588,-0.066106,-0.033904,-0.034268,-0.022498,-0.035314,-0.036289,-0.037676,-0.037465,-0.037465,-0.036171,-0.038759,-0.037398,-0.044628,-0.045145,-0.030552,-0.013677,-0.020935,-0.008928,-0.010130,-0.037627,-0.052142,-0.011246,-0.010335,-0.060125,-0.017050,-0.211527,-0.211779,-0.203632,-0.212504,-0.213179,-0.214139,-0.213992,-0.213992,-0.213097,-0.214888,-0.212710,-0.220187,-0.220300,-0.204785,-0.187727,-0.193653,-0.178257,-0.170124,-0.210950,-0.225992,-0.176322,-0.177082,-0.234264,-0.193809,-0.243783
A28,0.000000,-0.003261,0.102209,-0.012636,-0.021377,-0.033805,-0.067048,-0.052112,-0.020314,-0.043509,0.002151,-0.119278,-0.120433,0.143475,0.308112,0.342001,0.317960,0.306763,-0.513490,-0.387831,0.296365,0.304853,-0.318718,0.229384,-0.104945,-0.104896,-0.106469,-0.104756,-0.104626,-0.104440,-0.104469,-0.104469,-0.104642,-0.104296,-0.109273,-0.098716,-0.099596,-0.122545,-0.142841,-0.141190,-0.174584,-0.166552,-0.116682,-0.095371,-0.159092,-0.165182,-0.083651,-0.128934,0.117344,0.117678,0.106862,0.118639,0.119536,0.120810,0.120616,0.120616,0.119427,0.121805,0.118913,0.128840,0.128990,0.108393,0.085748,0.093615,0.073176,0.062379,0.116578,0.136545,0.070606,0.071616,0.147528,0.093821,0.160165
A29,0.000000,0.000813,-0.025479,0.003150,0.005329,0.008427,-0.004965,0.000527,0.005064,0.010846,0.021638,0.013905,0.013636,0.042323,-0.076807,0.071379,0.331618,-0.477171,0.052983,0.036987,-0.299617,-0.051502,0.028189,-0.057182,-0.029327,-0.029642,-0.019461,-0.030547,-0.031390,-0.032590,-0.032407,-0.032407,-0.031288,-0.033527,-0.032349,-0.038603,-0.039051,-0.026428,-0.011831,-0.018109,-0.007723,-0.008763,-0.032547,-0.045103,-0.009728,-0.008940,-0.052008,-0.014748,-0.182971,-0.183189,-0.176142,-0.183816,-0.184400,-0.185230,-0.185103,-0.185103,-0.184329,-0.185878,-0.183994,-0.190462,-0.190560,-0.177139,-0.162384,-0.167510,-0.154193,-0.147157,-0.182472,-0.195483,-0.152518,-0.153176,-0.202639,-0.167644,-0.210873
A30,0.000000,0.000127,-0.003976,0.000492,0.000832,0.001315,-0.000775,0.000082,0.000790,0.001693,0.003377,0.002170,0.002128,0.006605,-0.011987,0.011140,0.051755,0.000673,0.008269,0.005773,-0.046761,-0.401101,0.004399,-0.008924,-0.004577,-0.004626,-0.003037,-0.004767,-0.004899,-0.005086,-0.005058,-0.005058,-0.004883,-0.005232,-0.005049,-0.006025,-0.006095,-0.004125,-0.001846,-0.002826,-0.001205,-0.001368,-0.005080,-0.007039,-0.001518,-0.001395,-0.008117,-0.002302,-0.028556,-0.028590,-0.027490,-0.028688,-0.028779,-0.028909,-0.028889,-0.028889,-0.028768,-0.029010,-0.028716,-0.029725,-0.029741,-0.027646,-0.025343,-0.026143,-0.024065,-0.022967,-0.028478,-0.030509,-0.023803,-0.023906,-0.031626,-0.026164,-0.032911
A31-1,0.000000,0.000406,-0.012739,0.001575,0.002664,0.004213,-0.002483,0.000263,0.002532,0.005423,0.010819,0.006952,0.006818,0.021161,-0.038404,0.035690,0.165809,0.261415,0.026492,0.018493,-0.149809,-0.025751,0.014094,-0.028591,-0.014663,-0.014821,-0.009731,-0.015273,-0.015695,-0.016295,-0.016204,-0.016204,-0.015644,-0.016763,-0.016175,-0.019302,-0.019525,-0.013214,-0.005915,-0.009054,-0.003862,-0.004381,-0.016274,-0.022551,-0.004864,-0.004470,-0.026004,-0.007374,-0.091486,-0.091595,-0.088071,-0.091908,-0.092200,-0.092615,-0.092552,-0.092552,-0.092164,-0.092939,-0.091997,-0.095231,-0.095280,-0.088570,-0.081192,-0.083755,-0.077096,-0.073579,-0.091236,-0.097741,-0.076259,-0.076588,-0.101319,-0.083822,-0.105436
A31-2,0.000000,0.000406,-0.012739,0.001575,0.002664,0.004213,-0.002483,0.000263,0.002532,0.005423,0.010819,0.006952,0.006818,0.021161,-0.038404,0.035690,0.165809,0.261415,0.026492,0.018493,-0.149809,-0.025751,0.014094,-0.028591,-0.014663,-0.014821,-0.009731,-0.015273,-0.015695,-0.016295,-0.016204,-0.016204,-0.015644,-0.016763,-0.016175,-0.019302,-0.019525,-0.013214,-0.005915,-0.009054,-0.003862,-0.004381,-0.016274,-0.022551,-0.004864,-0.004470,-0.026004,-0.007374,-0.091486,-0.091595,-0.088071,-0.091908,-0.092200,-0.092615,-0.092552,-0.092552,-0.092164,-0.092939,-0.091997,-0.095231,-0.095280,-0.088570,-0.081192,-0.083755,-0.077096,-0.073579,-0.091236,-0.097741,-0.076259,-0.076588,-0.101319,-0.083822,-0.105436
A32-1,0.000000,-0.001630,0.051104,-0.006318,-0.010689,-0.016902,-0.033524,-0.026056,-0.010157,-0.021754,0.001076,-0.059639,-0.060216,0.071738,0.154056,0.171001,0.158980,0.153381,0.243255,-0.193915,0.148183,0.152427,-0.159359,0.114692,-0.052472,-0.052448,-0.053235,-0.052378,-0.052313,-0.052220,-0.052234,-0.052234,-0.052321,-0.052148,-0.054637,-0.049358,-0.049798,-0.061273,-0.071420,-0.070595,-0.087292,-0.083276,-0.058341,-0.047686,-0.079546,-0.082591,-0.041825,-0.064467,0.058672,0.058839,0.053431,0.059320,0.059768,0.060405,0.060308,0.060308,0.059713,0.060903,0.059457,0.064420,0.064495,0.054197,0.042874,0.046807,0.036588,0.031189,0.058289,0.068273,0.035303,0.035808,0.073764,0.046910,0.080082
A32-2,0.000000,-0.001630,0.051104,-0.006318,-0.010689,-0.016902,-0.033524,-0.026056,-0.010157,-0.021754,0.001076,-0.059639,-0.060216,0.071738,0.154056,0.171001,0.158980,0.153381,0.243255,-0.193915,0.148183,0.152427,-0.159359,0.114692,-0.052472,-0.052448,-0.053235,-0.052378,-0.052313,-0.052220,-0.052234,-0.052234,-0.052321,-0.052148,-0.054637,-0.049358,-0.049798,-0.061273,-0.071420,-0.070595,-0.087292,-0.083276,-0.058341,-0.047686,-0.079546,-0.082591,-0.041825,-0.064467,0.058672,0.058839,0.053431,0.059320,0.059768,0.060405,0.060308,0.060308,0.059713,0.060903,0.059457,0.064420,0.064495,0.054197,0.042874,0.046807,0.036588,0.031189,0.058289,0.068273,0.035303,0.035808,0.073764,0.046910,0.080082
A33-1,0.000000,-0.001630,0.051104,-0.006318,-0.010689,-0.016902,-0.033524,-0.026056,-0.010157,-0.021754,0.001076,-0.059639,-0.060216,0.071738,0.154056,0.171001,0.158980,0.153381,0.243255,0.306085,0.148183,0.152427,-0.159359,0.114692,-0.052472,-0.052448,-0.053235,-0.052378,-0.052313,-0.052220,-0.052234,-0.052234,-0.052321,-0.052148,-0.054637,-0.049358,-0.049798,-0.061273,-0.071420,-0.070595,-0.087292,-0.083276,-0.058341,-0.047686,-0.079546,-0.082591,-0.041825,-0.064467,0.058672,0.058839,0.053431,0.059320,0.059768,0.060405,0.060308,0.060308,0.059713,0.060903,0.059457,0.064420,0.064495,0.054197,0.042874,0.046807,0.036588,0.031189,0.058289,0.068273,0.035303,0.035808,0.073764,0.046910,0.080082
A33-2,0.000000,-0.001630,0.051104,-0.006318,-0.010689,-0.016902,-0.033524,-0.026056,-0.010157,-0.021754,0.001076,-0.059639,-0.060216,0.071738,0.154056,0.171001,0.158980,0.153381,0.243255,0.306085,0.148183,0.152427,-0.159359,0.114692,-0.052472,-0.052448,-0.053235,-0.052378,-0.052313,-0.052220,-0.052234,-0.052234,-0.052321,-0.052148,-0.054637,-0.049358,-0.049798,-0.061273,-0.071420,-0.070595,-0.087292,-0.083276,-0.058341,-0.047686,-0.079546,-0.082591,-0.041825,-0.064467,0.058672,0.058839,0.053431,0.059320,0.059768,0.060405,0.060308,0.060308,0.059713,0.060903,0.059457,0.064420,0.064495,0.054197,0.042874,0.046807,0.036588,0.031189,0.058289,0.068273,0.035303,0.035808,0.073764,0.046910,0.080082
A34,0.000000,-0.000127,0.003976,-0.000492,-0.000832,-0.001315,0.000775,-0.000082,-0.000790,-0.001693,-0.003377,-0.002170,-0.002128,-0.006605,0.011987,-0.011140,-0.051755,-0.000673,-0.008269,-0.005773,0.046761,-0.598899,-0.004399,0.008924,0.004577,0.004626,0.003037,0.004767,0.004899,0.005086,0.005058,0.005058,0.004883,0.005232,0.005049,0.006025,0.006095,0.004125,0.001846,0.002826,0.001205,0.001368,0.005080,0.007039,0.001518,0.001395,0.008117,0.002302,0.028556,0.028590,0.027490,0.028688,0.028779,0.028909,0.028889,0.028889,0.028768,0.029010,0.028716,0.029725,0.029741,0.027646,0.025343,0.026143,0.024065,0.022967,0.028478,0.030509,0.023803,0.023906,0.031626,0.026164,0.032911
AB3,0.000000,-0.000464,0.014548,-0.001799,-0.003043,-0.004812,-0.118661,-0.070151,-0.002891,-0.006193,-0.002456,0.017721,-0.028500,0.022419,0.043857,0.057363,0.042776,0.035982,0.102161,0.141116,0.029673,0.034823,0.162541,0.032651,-0.270896,-0.271668,-0.246697,-0.273888,-0.275957,-0.278899,-0.278451,-0.278451,-0.275705,-0.281197,-0.291160,-0.280797,-0.284438,-0.309752,-0.306103,-0.335868,-0.420349,-0.391438,-0.311584,-0.290469,-0.364593,-0.386508,-0.278855,-0.283389,-0.115671,-0.115400,-0.124181,-0.114619,-0.113892,-0.112857,-0.113015,-0.113015,-0.113980,-0.112049,-0.114397,-0.106338,-0.106216,-0.122938,-0.141324,-0.134937,-0.151530,-0.160297,-0.116293,-0.100082,-0.153617,-0.152797,-0.091166,-0.134769,-0.080906
B1,0.000000,0.000064,-0.001995,0.000247,0.000417,0.000660,0.023800,0.013948,0.000397,0.000849,-0.002152,-0.002144,-0.003597,-0.003663,-0.006015,-0.005786,-0.006462,-0.006776,-0.005706,-0.005637,-0.007069,-0.006830,-0.005598,-0.004478,0.394768,-0.547979,0.049803,-0.288687,0.186127,-0.154795,-0.053116,-0.053116,-0.076354,-0.029877,-0.039941,-0.042151,-0.037737,-0.028694,-0.006399,-0.012894,-0.009679,-0.008849,-0.018368,-0.023127,-0.008078,-0.008707,-0.025745,0.015090,-0.015867,-0.015850,-0.016382,-0.015803,-0.015759,-0.015696,-0.015706,-0.015706,-0.015764,-0.015648,-0.015790,-0.015302,-0.015294,-0.016307,-0.017420,-0.017033,-0.018037,-0.018568,-0.015904,-0.014923,-0.018164,-0.018114,-0.014383,-0.017023,-0.013762
B2,0.000000,-0.000132,0.004150,-0.000513,-0.000868,-0.001372,-0.049499,-0.029008,-0.000825,-0.001766,0.004476,0.004459,0.007481,0.007619,0.012510,0.012034,0.013439,0.014094,0.011867,0.011723,0.014702,0.014205,0.011643,0.009313,0.329122,0.306233,-0.103581,0.178616,0.239556,0.185263,0.110471,0.110471,0.074111,0.146830,0.083069,0.087665,0.078487,0.059678,0.013309,0.026818,0.020130,0.018404,0.038202,0.048100,0.016801,0.018110,0.053544,-0.031384,0.033000,0.032966,0.034071,0.032868,0.032776,0.032646,0.032666,0.032666,0.032787,0.032544,0.032840,0.031825,0.031810,0.033915,0.036230,0.035425,0.037515,0.038618,0.033078,0.031037,0.037777,0.037674,0.029915,0.035404,0.028623
B3,0.000000,0.000069,-0.002155,0.000266,0.000451,0.000713,0.025699,0.015061,0.000428,0.000917,-0.002324,-0.002315,-0.003884,-0.003956,-0.006495,-0.006248,-0.006977,-0.007317,-0.006161,-0.006086,-0.007633,-0.007375,-0.006045,-0.004835,0.276110,0.241746,0.053778,0.110071,-0.425684,-0.030468,-0.057355,-0.057355,0.002243,-0.116953,-0.043129,-0.045515,-0.040749,-0.030984,-0.006910,-0.013924,-0.010451,-0.009555,-0.019834,-0.024973,-0.008723,-0.009402,-0.027800,0.016294,-0.017133,-0.017116,-0.017689,-0.017064,-0.017017,-0.016949,-0.016960,-0.016960,-0.017023,-0.016896,-0.017050,-0.016523,-0.016515,-0.017608,-0.018810,-0.018393,-0.019477,-0.020050,-0.017174,-0.016114,-0.019614,-0.019560,-0.015531,-0.018382,-0.014861
B4,0.000000,0.000020,-0.000632,0.000078,0.000132,0.000209,0.007544,0.004421,0.000126,0.000269,-0.000682,-0.000680,-0.001140,-0.001161,-0.001906,-0.001834,-0.002048,-0.002148,-0.001809,-0.001787,-0.002240,-0.002165,-0.001774,-0.001419,0.227810,0.256393,0.015786,-0.379928,0.139681,0.098580,-0.016836,-0.016836,-0.082113,0.048442,-0.012660,-0.013360,-0.011961,-0.009095,-0.002028,-0.004087,-0.003068,-0.002805,-0.005822,-0.007330,-0.002560,-0.002760,-0.008160,0.004783,-0.005029,-0.005024,-0.005192,-0.005009,-0.004995,-0.004975,-0.004978,-0.004978,-0.004997,-0.004960,-0.005005,-0.004850,-0.004848,-0.005169,-0.005521,-0.005399,-0.005717,-0.005885,-0.005041,-0.004730,-0.005757,-0.005741,-0.004559,-0.005396,-0.004362
B5,0.000000,0.000043,-0.001363,0.000168,0.000285,0.000451,0.016256,0.009527,0.000271,0.000580,-0.001470,-0.001464,-0.002457,-0.002502,-0.004108,-0.003952,-0.004414,-0.004629,-0.003897,-0.003850,-0.004828,-0.004665,-0.003824,-0.003059,0.166958,0.195628,0.034017,0.091241,0.046446,-0.253375,-0.036280,-0.036280,0.005759,-0.078319,-0.027281,-0.028790,-0.025776,-0.019599,-0.004371,-0.008807,-0.006611,-0.006044,-0.012546,-0.015797,-0.005518,-0.005947,-0.017585,0.010307,-0.010838,-0.010826,-0.011189,-0.010794,-0.010764,-0.010721,-0.010728,-0.010728,-0.010768,-0.010688,-0.010785,-0.010452,-0.010447,-0.011138,-0.011898,-0.011634,-0.012320,-0.012683,-0.010863,-0.010193,-0.012407,-0.012373,-0.009824,-0.011627,-0.009400
B6,0.000000,0.000281,-0.008820,0.001090,0.001845,0.002917,0.105211,0.061658,0.001753,0.003755,-0.009514,-0.009478,-0.015901,-0.016194,-0.026589,-0.025578,-0.028565,-0.029956,-0.025224,-0.024917,-0.031248,-0.030194,-0.024748,-0.019795,-0.094906,-0.109748,0.220163,-0.214228,-0.131717,-0.155341,-0.234806,-0.234806,-0.299786,-0.169827,-0.176565,-0.186334,-0.166824,-0.126845,-0.028288,-0.057002,-0.042787,-0.039118,-0.081198,-0.102237,-0.035711,-0.038492,-0.113809,0.066708,-0.070142,-0.070069,-0.072419,-0.069860,-0.069666,-0.069389,-0.069431,-0.069431,-0.069689,-0.069173,-0.069801,-0.067644,-0.067612,-0.072086,-0.077006,-0.075297,-0.079738,-0.082083,-0.070308,-0.065970,-0.080296,-0.080076,-0.063584,-0.075252,-0.060839
B7,0.000000,0.000240,-0.007521,0.000930,0.001573,0.002488,0.174144,0.101116,0.001495,0.003202,-0.019076,-0.021830,-0.040697,-0.021582,-0.022673,-0.025102,-0.023416,-0.022631,-0.031253,-0.036602,-0.021901,-0.022497,-0.039544,-0.016880,0.185539,0.179753,0.366890,0.163118,0.147609,0.125558,0.128918,0.128918,0.149496,0.108340,0.066482,0.078528,0.057732,0.011702,-0.104952,-0.065250,-0.071868,-0.080240,-0.035679,-0.009965,-0.088014,-0.081667,0.004178,-0.306895,-0.009616,-0.009639,-0.008896,-0.009704,-0.009766,-0.009853,-0.009840,-0.009840,-0.009759,-0.009922,-0.009723,-0.010404,-0.010415,-0.009001,-0.007447,-0.007987,-0.006584,-0.005843,-0.009563,-0.010933,-0.006408,-0.006477,-0.011687,-0.008001,-0.012554
B8,0.000000,0.000020,-0.000632,0.000078,0.000132,0.000209,0.007544,0.004421,0.000126,0.000269,-0.000682,-0.000680,-0.001140,-0.001161,-0.001906,-0.001834,-0.002048,-0.002148,-0.001809,-0.001787,-0.002240,-0.002165,-0.001774,-0.001419,0.227810,0.256393,0.015786,0.620072,0.139681,0.098580,-0.016836,-0.016836,-0.082113,0.048442,-0.012660,-0.013360,-0.011961,-0.009095,-0.002028,-0.004087,-0.003068,-0.002805,-0.005822,-0.007330,-0.002560,-0.002760,-0.008160,0.004783,-0.005029,-0.005024,-0.005192,-0.005009,-0.004995,-0.004975,-0.004978,-0.004978,-0.004997,-0.004960,-0.005005,-0.004850,-0.004848,-0.005169,-0.005521,-0.005399,-0.005717,-0.005885,-0.005041,-0.004730,-0.005757,-0.005741,-0.004559,-0.005396,-0.004362
B9,0.000000,0.000069,-0.002155,0.000266,0.000451,0.000713,0.025699,0.015061,0.000428,0.000917,-0.002324,-0.002315,-0.003884,-0.003956,-0.006495,-0.006248,-0.006977,-0.007317,-0.006161,-0.006086,-0.007633,-0.007375,-0.006045,-0.004835,0.276110,0.241746,0.053778,0.110071,0.574316,-0.030468,-0.057355,-0.057355,0.002243,-0.116953,-0.043129,-0.045515,-0.040749,-0.030984,-0.006910,-0.013924,-0.010451,-0.009555,-0.019834,-0.024973,-0.008723,-0.009402,-0.027800,0.016294,-0.017133,-0.017116,-0.017689,-0.017064,-0.017017,-0.016949,-0.016960,-0.016960,-0.017023,-0.016896,-0.017050,-0.016523,-0.016515,-0.017608,-0.018810,-0.018393,-0.019477,-0.020050,-0.017174,-0.016114,-0.019614,-0.019560,-0.015531,-0.018382,-0.014861
B10,0.000000,0.000043,-0.001363,0.000168,0.000285,0.000451,0.016256,0.009527,0.000271,0.000580,-0.001470,-0.001464,-0.002457,-0.002502,-0.004108,-0.003952,-0.004414,-0.004629,-0.003897,-0.003850,-0.004828,-0.004665,-0.003824,-0.003059,0.166958,0.195628,0.034017,0.091241,0.046446,0.746625,-0.036280,-0.036280,0.005759,-0.078319,-0.027281,-0.028790,-0.025776,-0.019599,-0.004371,-0.008807,-0.006611,-0.006044,-0.012546,-0.015797,-0.005518,-0.005947,-0.017585,0.010307,-0.010838,-0.010826,-0.011189,-0.010794,-0.010764,-0.010721,-0.010728,-0.010728,-0.010768,-0.010688,-0.010785,-0.010452,-0.010447,-0.011138,-0.011898,-0.011634,-0.012320,-0.012683,-0.010863,-0.010193,-0.012407,-0.012373,-0.009824,-0.011627,-0.009400
B11,0.000000,0.000000,0.000000,0.000000,0.000000,0.000000,0.000000,0.000000,0.000000,0.000000,0.000000,0.000000,0.000000,0.000000,0.000000,0.000000,0.000000,0.000000,0.000000,0.000000,0.000000,0.000000,0.000000,0.000000,0.000000,0.000000,0.000000,0.000000,0.000000,0.000000,1.000000,0.000000,0.000000,0.000000,0.000000,0.000000,0.000000,0.000000,0.000000,0.000000,0.000000,0.000000,0.000000,0.000000,0.000000,0.000000,0.000000,0.000000,0.000000,0.000000,0.000000,0.000000,0.000000,0.000000,0.000000,0.000000,0.000000,0.000000,0.000000,0.000000,0.000000,0.000000,0.000000,0.000000,0.000000,0.000000,0.000000,0.000000,0.000000,0.000000,0.000000,0.000000,0.000000
B12-1,0.000000,-0.000019,0.000602,-0.000074,-0.000126,-0.000199,-0.007182,-0.004209,-0.000120,-0.000256,0.000650,0.000647,0.001086,0.001106,0.001815,0.001746,0.001950,0.002045,0.001722,0.001701,0.002133,0.002061,0.001690,0.001351,0.031466,0.029494,-0.015030,-0.020750,0.062168,0.078412,0.516030,0.516030,-0.061894,0.093954,0.012054,0.012721,0.011389,0.008659,0.001931,0.003891,0.002921,0.002670,0.005543,0.006980,0.002438,0.002628,0.007769,-0.004554,0.004788,0.004783,0.004944,0.004769,0.004756,0.004737,0.004740,0.004740,0.004758,0.004722,0.004765,0.004618,0.004616,0.004921,0.005257,0.005140,0.005443,0.005604,0.004800,0.004504,0.005482,0.005467,0.004341,0.005137,0.004153
B13-2,0.000000,0.000019,-0.000602,0.000074,0.000126,0.000199,0.007182,0.004209,0.000120,0.000256,-0.000650,-0.000647,-0.001086,-0.001106,-0.001815,-0.001746,-0.001950,-0.002045,-0.001722,-0.001701,-0.002133,-0.002061,-0.001690,-0.001351,-0.031466,-0.029494,0.015030,0.020750,-0.062168,-0.078412,0.483970,0.483970,0.061894,-0.093954,-0.012054,-0.012721,-0.011389,-0.008659,-0.001931,-0.003891,-0.002921,-0.002670,-0.005543,-0.006980,-0.002438,-0.002628,-0.007769,0.004554,-0.004788,-0.004783,-0.004944,-0.004769,-0.004756,-0.004737,-0.004740,-0.004740,-0.004758,-0.004722,-0.004765,-0.004618,-0.004616,-0.004921,-0.005257,-0.005140,-0.005443,-0.005604,-0.004800,-0.004504,-0.005482,-0.005467,-0.004341,-0.005137,-0.004153
B14,0.000000,0.000113,-0.003556,0.000440,0.000744,0.001176,0.054495,0.031802,0.000707,0.001514,-0.005296,-0.005896,-0.009928,-0.007648,-0.010720,-0.010954,-0.011334,-0.011510,-0.012222,-0.013325,-0.011675,-0.011541,-0.013931,-0.007981,0.091889,0.097958,0.114391,0.202965,0.045978,0.022439,0.143700,0.143700,0.288955,-0.001555,-0.187577,0.032109,-0.066585,-0.124721,-0.020013,-0.036423,-0.027546,-0.025640,-0.032056,-0.028259,-0.023870,-0.025315,-0.026171,0.031377,-0.018504,-0.018491,-0.018904,-0.018454,-0.018420,-0.018372,-0.018379,-0.018379,-0.018424,-0.018334,-0.018444,-0.018065,-0.018060,-0.018845,-0.019709,-0.019409,-0.020189,-0.020601,-0.018533,-0.017771,-0.020287,-0.020248,-0.017352,-0.019401,-0.016870
B15,0.000000,0.000169,-0.005294,0.000655,0.001107,0.001751,0.051077,0.030067,0.001052,0.002254,-0.004251,-0.003614,-0.006028,-0.008601,-0.015960,-0.014712,-0.017329,-0.018549,-0.013089,-0.011678,-0.019681,-0.018756,-0.010902,-0.011882,0.072481,0.078182,0.106528,0.182130,0.024155,-0.000788,0.120688,0.120688,0.267252,-0.025877,0.010406,-0.219082,-0.100812,-0.002560,-0.008373,-0.020775,-0.015387,-0.013612,-0.049420,-0.074329,-0.011964,-0.013310,-0.088029,0.035560,-0.051879,-0.051819,-0.053764,-0.051646,-0.051485,-0.051255,-0.051290,-0.051290,-0.051504,-0.051076,-0.051596,-0.049811,-0.049784,-0.053489,-0.057562,-0.056147,-0.059823,-0.061765,-0.052017,-0.048425,-0.060285,-0.060103,-0.046450,-0.056109,-0.044177
B16,0.000000,0.000038,-0.001191,0.000147,0.000249,0.000394,0.026278,0.015266,0.000237,0.000507,-0.002744,-0.003354,-0.005663,-0.003305,-0.003589,-0.004094,-0.003673,-0.003476,-0.005457,-0.006642,-0.003294,-0.003443,-0.007294,-0.002672,0.215505,0.213828,0.055344,0.121448,0.290209,0.330485,0.206674,0.206674,0.045799,0.367549,-0.140223,0.082082,-0.021844,-0.090701,-0.012426,-0.021135,-0.016071,-0.015149,-0.010280,-0.000840,-0.014292,-0.014991,0.004352,0.013486,0.000308,0.000301,0.000519,0.000282,0.000264,0.000238,0.000242,0.000242,0.000266,0.000218,0.000276,0.000077,0.000073,0.000488,0.000944,0.000785,0.001197,0.001414,0.000323,-0.000079,0.001248,0.001228,-0.000299,0.000781,-0.000554
B17,0.000000,0.000093,-0.002929,0.000362,0.000613,0.000969,0.022860,0.013531,0.000582,0.001247,-0.001700,-0.001072,-0.001763,-0.004258,-0.008829,-0.007852,-0.009668,-0.010514,-0.006324,-0.004995,-0.011300,-0.010659,-0.004265,-0.006573,0.196097,0.194052,0.047481,0.100613,0.268386,0.307259,0.183661,0.183661,0.024097,0.343226,0.057760,-0.169108,-0.056070,0.031459,-0.000786,-0.005487,-0.003912,-0.003121,-0.027643,-0.046909,-0.002386,-0.002986,-0.057506,0.017669,-0.033067,-0.033026,-0.034342,-0.032910,-0.032801,-0.032646,-0.032669,-0.032669,-0.032814,-0.032525,-0.032876,-0.031669,-0.031651,-0.034155,-0.036909,-0.035952,-0.038437,-0.039750,-0.033160,-0.030732,-0.038750,-0.038627,-0.029397,-0.035927,-0.027861
B18,0.000000,0.000150,-0.004713,0.000583,0.000986,0.001559,0.018131,0.011049,0.000937,0.002006,-0.000480,0.001479,0.002594,-0.005123,-0.014206,-0.011644,-0.015840,-0.017795,-0.007007,-0.002975,-0.019610,-0.018128,-0.000757,-0.010576,0.056967,0.057610,0.036823,0.059457,0.061180,0.063630,0.063256,0.063256,0.060971,0.065542,0.272705,-0.133660,-0.363992,0.164264,0.012030,0.011931,0.009606,0.010220,-0.045532,-0.095499,0.010789,0.010324,-0.122981,0.021510,-0.068307,-0.068216,-0.071158,-0.067955,-0.067711,-0.067364,-0.067417,-0.067417,-0.067741,-0.067094,-0.067880,-0.065180,-0.065139,-0.070742,-0.076902,-0.074762,-0.080322,-0.083259,-0.068516,-0.063084,-0.081021,-0.080746,-0.060097,-0.074706,-0.056659
B19,0.000000,0.000001,-0.000034,0.000004,0.000007,0.000011,0.062642,0.036019,0.000007,0.000015,-0.007559,-0.010730,-0.018185,-0.005831,-0.000103,-0.003404,0.000834,0.002808,-0.010672,-0.016992,0.004641,0.003145,-0.020468,-0.000077,0.250427,0.254176,0.132912,0.264956,0.275006,0.289295,0.287118,0.287118,0.273783,0.300452,0.399495,0.247851,0.275562,-0.379687,-0.044469,-0.069489,-0.053224,-0.051008,0.003196,0.066400,-0.048951,-0.050631,0.101162,0.023353,0.050111,0.050026,0.052773,0.049782,0.049554,0.049231,0.049280,0.049280,0.049582,0.048978,0.049713,0.047191,0.047153,0.052385,0.058136,0.056138,0.061329,0.064072,0.050306,0.045234,0.061982,0.061726,0.042445,0.056086,0.039235
B20,0.000000,0.000053,-0.001671,0.000207,0.000349,0.000553,0.024114,0.014085,0.000332,0.000711,-0.002308,-0.002514,-0.004230,-0.003455,-0.005037,-0.005067,-0.005348,-0.005478,-0.005489,-0.005856,-0.005599,-0.005501,-0.006058,-0.003750,0.090931,0.092218,0.050583,0.095919,0.099370,0.104276,0.103528,0.103528,0.098950,0.108106,-0.073764,0.305923,-0.304096,-0.049516,-0.008340,-0.015454,-0.011672,-0.010829,-0.015146,-0.014878,-0.010046,-0.010685,-0.014730,0.014189,-0.009901,-0.009893,-0.010153,-0.009870,-0.009848,-0.009818,-0.009822,-0.009822,-0.009851,-0.009794,-0.009863,-0.009625,-0.009621,-0.010116,-0.010660,-0.010471,-0.010962,-0.011222,-0.009919,-0.009440,-0.011024,-0.011000,-0.009176,-0.010466,-0.008872
B21,0.000000,0.000209,-0.006552,0.000810,0.001370,0.002167,0.049822,0.029513,0.001302,0.002789,-0.003643,-0.002173,-0.003561,-0.009404,-0.019752,-0.017496,-0.021650,-0.023585,-0.013924,-0.010818,-0.025381,-0.023915,-0.009109,-0.014705,0.177647,0.180015,0.103426,0.186824,0.193171,0.202196,0.200821,0.200821,0.192399,0.209243,0.141930,0.305888,0.147214,0.078415,-0.000818,-0.010807,-0.007628,-0.005905,-0.061917,-0.106360,-0.004304,-0.005611,-0.130804,0.039040,-0.075045,-0.074952,-0.077953,-0.074685,-0.074437,-0.074083,-0.074137,-0.074137,-0.074467,-0.073807,-0.074609,-0.071856,-0.071814,-0.077528,-0.083810,-0.081628,-0.087298,-0.090293,-0.075257,-0.069718,-0.088011,-0.087730,-0.066671,-0.081571,-0.063166
B22,0.000000,0.000204,-0.006384,0.000789,0.001335,0.002111,0.042245,0.025134,0.001269,0.002717,-0.002788,-0.001035,-0.001636,-0.008578,-0.019243,-0.016711,-0.021188,-0.023273,-0.012496,-0.008830,-0.025209,-0.023629,-0.006814,-0.014326,0.147898,0.149828,0.087406,0.155377,0.160550,0.167905,0.166785,0.166785,0.159921,0.173649,0.198941,0.172262,0.331912,0.114748,0.003690,-0.003523,-0.002065,-0.000609,-0.060678,-0.110377,0.000743,-0.000361,-0.137712,0.035699,-0.078208,-0.078109,-0.081311,-0.077825,-0.077559,-0.077182,-0.077239,-0.077239,-0.077591,-0.076887,-0.077743,-0.074805,-0.074760,-0.080858,-0.087562,-0.085233,-0.091284,-0.094480,-0.078435,-0.072524,-0.092045,-0.091746,-0.069272,-0.085172,-0.065531
B23,0.000000,0.000001,-0.000034,0.000004,0.000007,0.000011,0.062642,0.036019,0.000007,0.000015,-0.007559,-0.010730,-0.018185,-0.005831,-0.000103,-0.003404,0.000834,0.002808,-0.010672,-0.016992,0.004641,0.003145,-0.020468,-0.000077,0.250427,0.254176,0.132912,0.264956,0.275006,0.289295,0.287118,0.287118,0.273783,0.300452,0.399495,0.247851,0.275562,0.620313,-0.044469,-0.069489,-0.053224,-0.051008,0.003196,0.066400,-0.048951,-0.050631,0.101162,0.023353,0.050111,0.050026,0.052773,0.049782,0.049554,0.049231,0.049280,0.049280,0.049582,0.048978,0.049713,0.047191,0.047153,0.052385,0.058136,0.056138,0.061329,0.064072,0.050306,0.045234,0.061982,0.061726,0.042445,0.056086,0.039235
B24,0.000000,0.000617,-0.019348,0.002392,0.004047,0.006399,-0.015235,-0.006191,0.003845,0.008236,0.014932,0.015414,0.057174,-0.013139,-0.058327,-0.052572,-0.063672,-0.068842,-0.050338,-0.048395,-0.073643,-0.069724,-0.047327,-0.043423,-0.206777,-0.212126,-0.039105,-0.227506,-0.241845,-0.262233,-0.259126,-0.259126,-0.240101,-0.278152,-0.321187,-0.301381,-0.321467,-0.383001,0.278514,-0.469836,-0.176890,-0.061647,-0.422364,-0.381084,0.045364,-0.041996,-0.358381,0.157071,-0.207780,-0.207529,-0.215633,-0.206809,-0.206137,-0.205182,-0.205328,-0.205328,-0.206219,-0.204437,-0.206604,-0.199166,-0.199053,-0.214486,-0.231454,-0.225559,-0.240874,-0.248964,-0.208354,-0.193392,-0.242799,-0.242042,-0.185164,-0.225405,-0.175695
B25-1,0.000000,0.000153,-0.004788,0.000592,0.001001,0.001583,0.019133,0.011635,0.000952,0.002038,0.002151,-0.001345,0.011597,-0.005458,-0.014433,-0.016148,-0.014857,-0.014257,-0.023776,-0.030409,-0.013699,-0.014154,-0.034057,-0.010745,0.023885,0.023406,0.038923,0.022026,0.020740,0.018912,0.019190,0.019190,0.020897,0.017484,0.014285,0.014740,0.013069,0.010443,0.085935,0.005046,-0.122389,-0.196199,0.006235,0.007269,-0.264738,-0.208786,0.007838,0.067960,-0.003553,-0.003572,-0.002959,-0.003626,-0.003677,-0.003749,-0.003738,-0.003738,-0.003671,-0.003806,-0.003642,-0.004204,-0.004213,-0.003046,-0.001762,-0.002208,-0.001050,-0.000438,-0.003509,-0.004641,-0.000904,-0.000961,-0.005264,-0.002220,-0.005980
B25-2,0.000000,0.000153,-0.004788,0.000592,0.001001,0.001583,0.019133,0.011635,0.000952,0.002038,0.002151,-0.001345,0.011597,-0.005458,-0.014433,-0.016148,-0.014857,-0.014257,-0.023776,-0.030409,-0.013699,-0.014154,-0.034057,-0.010745,0.023885,0.023406,0.038923,0.022026,0.020740,0.018912,0.019190,0.019190,0.020897,0.017484,0.014285,0.014740,0.013069,0.010443,0.085935,0.005046,-0.122389,-0.196199,0.006235,0.007269,-0.264738,-0.208786,0.007838,0.067960,-0.003553,-0.003572,-0.002959,-0.003626,-0.003677,-0.003749,-0.003738,-0.003738,-0.003671,-0.003806,-0.003642,-0.004204,-0.004213,-0.003046,-0.001762,-0.002208,-0.001050,-0.000438,-0.003509,-0.004641,-0.000904,-0.000961,-0.005264,-0.002220,-0.005980
B26,0.000000,-0.000240,0.007521,-0.000930,-0.001573,-0.002488,-0.174144,-0.101116,-0.001495,-0.003202,0.019076,0.021830,0.040697,0.021582,0.022673,0.025102,0.023416,0.022631,0.031253,0.036602,0.021901,0.022497,0.039544,0.016880,-0.185539,-0.179753,-0.366890,-0.163118,-0.147609,-0.125558,-0.128918,-0.128918,-0.149496,-0.108340,-0.066482,-0.078528,-0.057732,-0.011702,0.104952,0.065250,0.071868,0.080240,0.035679,0.009965,0.088014,0.081667,-0.004178,-0.693105,0.009616,0.009639,0.008896,0.009704,0.009766,0.009853,0.009840,0.009840,0.009759,0.009922,0.009723,0.010404,0.010415,0.009001,0.007447,0.007987,0.006584,0.005843,0.009563,0.010933,0.006408,0.006477,0.011687,0.008001,0.012554
B27,0.000000,0.000159,-0.004973,0.000615,0.001040,0.001645,0.080394,0.046880,0.000988,0.002117,-0.001846,-0.015030,0.005306,-0.011502,-0.014992,-0.025068,-0.013061,-0.007469,-0.054609,-0.080298,-0.002276,-0.006515,-0.094426,-0.011161,0.223125,0.224857,0.168851,0.229835,0.234477,0.241076,0.240071,0.240071,0.233912,0.246229,0.262591,0.251317,0.258300,0.288866,0.134234,0.325776,-0.334873,-0.216163,0.299114,0.275930,-0.105932,-0.195920,0.263179,0.147470,0.122777,0.122544,0.130099,0.121872,0.121246,0.120356,0.120491,0.120491,0.121322,0.119661,0.121681,0.114747,0.114642,0.129030,0.144848,0.139353,0.153630,0.161172,0.123312,0.109364,0.155425,0.154720,0.101693,0.139209,0.092865
B28,0.000000,0.000460,-0.014410,0.001781,0.003014,0.004766,-0.032987,-0.017052,0.002864,0.006134,0.009219,0.019715,0.033683,-0.007467,-0.043438,-0.030908,-0.049777,-0.058566,-0.006400,0.014910,-0.066726,-0.060064,0.026631,-0.032339,-0.179475,-0.182806,-0.075044,-0.192386,-0.201317,-0.214014,-0.212080,-0.212080,-0.200230,-0.223929,-0.184282,-0.304848,-0.304204,-0.051554,0.099811,0.134899,0.104760,0.103507,-0.718283,-0.590615,0.102345,0.103294,-0.520397,0.032955,-0.280446,-0.280047,-0.292959,-0.278899,-0.277829,-0.276308,-0.276539,-0.276539,-0.277959,-0.275120,-0.278572,-0.266722,-0.266542,-0.291131,-0.318166,-0.308774,-0.333174,-0.346064,-0.281360,-0.257522,-0.336242,-0.335036,-0.244412,-0.308528,-0.229325
B29,0.000000,-0.000264,0.008283,-0.001024,-0.001732,-0.002739,-0.033101,-0.020129,-0.001646,-0.003526,-0.003721,0.002327,-0.020062,0.009443,0.024968,0.027935,0.025703,0.024664,0.041132,0.052608,0.023699,0.024487,0.058919,0.018589,-0.041322,-0.040492,-0.067337,-0.038105,-0.035880,-0.032717,-0.033199,-0.033199,-0.036151,-0.030247,-0.024713,-0.025500,-0.022610,-0.018066,-0.148667,-0.008730,0.211733,-0.590575,-0.010787,-0.012576,-0.407004,-0.163801,-0.013560,-0.117570,0.006147,0.006179,0.005119,0.006274,0.006361,0.006486,0.006467,0.006467,0.006351,0.006584,0.006300,0.007274,0.007288,0.005269,0.003049,0.003820,0.001816,0.000758,0.006071,0.008029,0.001564,0.001663,0.009106,0.003840,0.010345
B30,0.000000,-0.000041,0.001293,-0.000160,-0.000270,-0.000428,-0.005166,-0.003142,-0.000257,-0.000550,-0.000581,0.000363,-0.003131,0.001474,0.003897,0.004360,0.004012,0.003849,0.006419,0.008210,0.003699,0.003822,0.009196,0.002901,-0.006449,-0.006319,-0.010509,-0.005947,-0.005600,-0.005106,-0.005181,-0.005181,-0.005642,-0.004721,-0.003857,-0.003980,-0.003529,-0.002820,-0.023202,-0.001362,0.033045,-0.017026,-0.001684,-0.001963,-0.063521,-0.418628,-0.002116,-0.018349,0.000959,0.000964,0.000799,0.000979,0.000993,0.001012,0.001009,0.001009,0.000991,0.001028,0.000983,0.001135,0.001137,0.000822,0.000476,0.000596,0.000283,0.000118,0.000948,0.001253,0.000244,0.000260,0.001421,0.000599,0.001615
B31-1,0.000000,-0.000132,0.004141,-0.000512,-0.000866,-0.001370,-0.016550,-0.010065,-0.000823,-0.001763,-0.001860,0.001164,-0.010031,0.004722,0.012484,0.013968,0.012852,0.012332,0.020566,0.026304,0.011849,0.012243,0.029460,0.009294,-0.020661,-0.020246,-0.033669,-0.019053,-0.017940,-0.016359,-0.016600,-0.016600,-0.018075,-0.015124,-0.012356,-0.012750,-0.011305,-0.009033,-0.074333,-0.004365,0.105866,0.204712,-0.005393,-0.006288,-0.203502,-0.081901,-0.006780,-0.058785,0.003073,0.003090,0.002559,0.003137,0.003181,0.003243,0.003234,0.003234,0.003175,0.003292,0.003150,0.003637,0.003644,0.002634,0.001524,0.001910,0.000908,0.000379,0.003036,0.004015,0.000782,0.000832,0.004553,0.001920,0.005172
B31-2,0.000000,-0.000132,0.004141,-0.000512,-0.000866,-0.001370,-0.016550,-0.010065,-0.000823,-0.001763,-0.001860,0.001164,-0.010031,0.004722,0.012484,0.013968,0.012852,0.012332,0.020566,0.026304,0.011849,0.012243,0.029460,0.009294,-0.020661,-0.020246,-0.033669,-0.019053,-0.017940,-0.016359,-0.016600,-0.016600,-0.018075,-0.015124,-0.012356,-0.012750,-0.011305,-0.009033,-0.074333,-0.004365,0.105866,0.204712,-0.005393,-0.006288,-0.203502,-0.081901,-0.006780,-0.058785,0.003073,0.003090,0.002559,0.003137,0.003181,0.003243,0.003234,0.003234,0.003175,0.003292,0.003150,0.003637,0.003644,0.002634,0.001524,0.001910,0.000908,0.000379,0.003036,0.004015,0.000782,0.000832,0.004553,0.001920,0.005172
B32-1,0.000000,0.000230,-0.007205,0.000891,0.001507,0.002383,-0.016493,-0.008526,0.001432,0.003067,0.004609,0.009858,0.016841,-0.003734,-0.021719,-0.015454,-0.024888,-0.029283,-0.003200,0.007455,-0.033363,-0.030032,0.013316,-0.016170,-0.089737,-0.091403,-0.037522,-0.096193,-0.100658,-0.107007,-0.106040,-0.106040,-0.100115,-0.111965,-0.092141,-0.152424,-0.152102,-0.025777,0.049906,0.067449,0.052380,0.051754,0.140859,-0.295307,0.051172,0.051647,-0.260199,0.016477,-0.140223,-0.140023,-0.146479,-0.139450,-0.138914,-0.138154,-0.138270,-0.138270,-0.138980,-0.137560,-0.139286,-0.133361,-0.133271,-0.145566,-0.159083,-0.154387,-0.166587,-0.173032,-0.140680,-0.128761,-0.168121,-0.167518,-0.122206,-0.154264,-0.114663
B32-2,0.000000,0.000230,-0.007205,0.000891,0.001507,0.002383,-0.016493,-0.008526,0.001432,0.003067,0.004609,0.009858,0.016841,-0.003734,-0.021719,-0.015454,-0.024888,-0.029283,-0.003200,0.007455,-0.033363,-0.030032,0.013316,-0.016170,-0.089737,-0.091403,-0.037522,-0.096193,-0.100658,-0.107007,-0.106040,-0.106040,-0.100115,-0.111965,-0.092141,-0.152424,-0.152102,-0.025777,0.049906,0.067449,0.052380,0.051754,0.140859,-0.295307,0.051172,0.051647,-0.260199,0.016477,-0.140223,-0.140023,-0.146479,-0.139450,-0.138914,-0.138154,-0.138270,-0.138270,-0.138980,-0.137560,-0.139286,-0.133361,-0.133271,-0.145566,-0.159083,-0.154387,-0.166587,-0.173032,-0.140680,-0.128761,-0.168121,-0.167518,-0.122206,-0.154264,-0.114663
B33-1,0.000000,0.000230,-0.007205,0.000891,0.001507,0.002383,-0.016493,-0.008526,0.001432,0.003067,0.004609,0.009858,0.016841,-0.003734,-0.021719,-0.015454,-0.024888,-0.029283,-0.003200,0.007455,-0.033363,-0.030032,0.013316,-0.016170,-0.089737,-0.091403,-0.037522,-0.096193,-0.100658,-0.107007,-0.106040,-0.106040,-0.100115,-0.111965,-0.092141,-0.152424,-0.152102,-0.025777,0.049906,0.067449,0.052380,0.051754,0.140859,0.204693,0.051172,0.051647,-0.260199,0.016477,-0.140223,-0.140023,-0.146479,-0.139450,-0.138914,-0.138154,-0.138270,-0.138270,-0.138980,-0.137560,-0.139286,-0.133361,-0.133271,-0.145566,-0.159083,-0.154387,-0.166587,-0.173032,-0.140680,-0.128761,-0.168121,-0.167518,-0.122206,-0.154264,-0.114663
B33-2,0.000000,0.000230,-0.007205,0.000891,0.001507,0.002383,-0.016493,-0.008526,0.001432,0.003067,0.004609,0.009858,0.016841,-0.003734,-0.021719,-0.015454,-0.024888,-0.029283,-0.003200,0.007455,-0.033363,-0.030032,0.013316,-0.016170,-0.089737,-0.091403,-0.037522,-0.096193,-0.100658,-0.107007,-0.106040,-0.106040,-0.100115,-0.111965,-0.092141,-0.152424,-0.152102,-0.025777,0.049906,0.067449,0.052380,0.051754,0.140859,0.204693,0.051172,0.051647,-0.260199,0.016477,-0.140223,-0.140023,-0.146479,-0.139450,-0.138914,-0.138154,-0.138270,-0.138270,-0.138980,-0.137560,-0.139286,-0.133361,-0.133271,-0.145566,-0.159083,-0.154387,-0.166587,-0.173032,-0.140680,-0.128761,-0.168121,-0.167518,-0.122206,-0.154264,-0.114663
B34,0.000000,0.000041,-0.001293,0.000160,0.000270,0.000428,0.005166,0.003142,0.000257,0.000550,0.000581,-0.000363,0.003131,-0.001474,-0.003897,-0.004360,-0.004012,-0.003849,-0.006419,-0.008210,-0.003699,-0.003822,-0.009196,-0.002901,0.006449,0.006319,0.010509,0.005947,0.005600,0.005106,0.005181,0.005181,0.005642,0.004721,0.003857,0.003980,0.003529,0.002820,0.023202,0.001362,-0.033045,0.017026,0.001684,0.001963,0.063521,-0.581372,0.002116,0.018349,-0.000959,-0.000964,-0.000799,-0.000979,-0.000993,-0.001012,-0.001009,-0.001009,-0.000991,-0.001028,-0.000983,-0.001135,-0.001137,-0.000822,-0.000476,-0.000596,-0.000283,-0.000118,-0.000948,-0.001253,-0.000244,-0.000260,-0.001421,-0.000599,-0.001615
C1,0.000000,0.000015,-0.000465,0.000058,0.000097,0.000154,0.001005,0.000639,0.000092,0.000198,0.000047,0.000281,0.000485,-0.000433,-0.001402,-0.001108,-0.001575,-0.001793,-0.000558,-0.000081,-0.001996,-0.001830,0.000182,-0.001044,0.002485,0.002501,0.001970,0.002548,0.002592,0.002655,0.002645,0.002645,0.002587,0.002704,0.002664,0.002948,0.002975,0.002409,0.001747,0.002051,0.001617,0.001650,0.002707,0.003277,0.001680,0.001655,0.003591,0.001832,0.419547,-0.523365,0.079747,-0.264547,0.209826,-0.131724,-0.029949,-0.029949,-0.052602,-0.007297,-0.018461,-0.020510,-0.016671,-0.008539,0.011984,0.005400,0.007186,0.007980,0.000344,-0.004052,0.009266,0.008449,-0.006470,0.037893,-0.006090
C2,0.000000,-0.000031,0.000967,-0.000120,-0.000202,-0.000320,-0.002090,-0.001330,-0.000192,-0.000412,-0.000099,-0.000584,-0.001008,0.000900,0.002916,0.002304,0.003276,0.003730,0.001161,0.000168,0.004150,0.003807,-0.000379,0.002171,-0.005168,-0.005202,-0.004096,-0.005300,-0.005392,-0.005522,-0.005502,-0.005502,-0.005380,-0.005624,-0.005540,-0.006131,-0.006188,-0.005010,-0.003633,-0.004265,-0.003363,-0.003431,-0.005629,-0.006815,-0.003495,-0.003443,-0.007468,-0.003810,0.277586,0.255040,-0.165859,0.128408,0.190267,0.137280,0.062289,0.062289,0.024710,0.099867,0.038396,0.042658,0.034674,0.017759,-0.024925,-0.011230,-0.014947,-0.016598,-0.000716,0.008427,-0.019272,-0.017572,0.013456,-0.078811,0.012666
C3,0.000000,0.000016,-0.000502,0.000062,0.000105,0.000166,0.001085,0.000691,0.000100,0.000214,0.000051,0.000303,0.000523,-0.000467,-0.001514,-0.001196,-0.001701,-0.001936,-0.000603,-0.000087,-0.002155,-0.001976,0.000197,-0.001127,0.002683,0.002701,0.002127,0.002752,0.002799,0.002867,0.002857,0.002857,0.002793,0.002920,0.002876,0.003183,0.003213,0.002601,0.001886,0.002215,0.001746,0.001782,0.002923,0.003538,0.001814,0.001788,0.003877,0.001978,0.302867,0.268325,0.086112,0.136138,-0.400093,-0.005556,-0.032340,-0.032340,0.027891,-0.092570,-0.019935,-0.022148,-0.018002,-0.009220,0.012941,0.005831,0.007760,0.008617,0.000372,-0.004375,0.010006,0.009123,-0.006986,0.040918,-0.006576
C4,0.000000,0.000005,-0.000147,0.000018,0.000031,0.000049,0.000319,0.000203,0.000029,0.000063,0.000015,0.000089,0.000154,-0.000137,-0.000444,-0.000351,-0.000499,-0.000568,-0.000177,-0.000026,-0.000633,-0.000580,0.000058,-0.000331,0.000788,0.000793,0.000624,0.000808,0.000822,0.000842,0.000839,0.000839,0.000820,0.000857,0.000844,0.000934,0.000943,0.000763,0.000554,0.000650,0.000513,0.000523,0.000858,0.001039,0.000533,0.000525,0.001138,0.000581,0.235664,0.264195,0.025277,-0.372277,0.147193,0.105893,-0.009493,-0.009493,-0.074584,0.055599,-0.005851,-0.006501,-0.005284,-0.002706,0.003798,0.001711,0.002278,0.002529,0.000109,-0.001284,0.002937,0.002678,-0.002051,0.012011,-0.001930
C5,0.000000,0.000010,-0.000318,0.000039,0.000066,0.000105,0.000686,0.000437,0.000063,0.000135,0.000032,0.000192,0.000331,-0.000296,-0.000958,-0.000757,-0.001076,-0.001225,-0.000381,-0.000055,-0.001363,-0.001250,0.000124,-0.000713,0.001697,0.001708,0.001345,0.001741,0.001771,0.001813,0.001807,0.001807,0.001767,0.001847,0.001819,0.002013,0.002032,0.001645,0.001193,0.001401,0.001105,0.001127,0.001849,0.002238,0.001148,0.001131,0.002452,0.001251,0.183883,0.212440,0.054470,0.107730,0.062633,-0.237617,-0.020456,-0.020456,0.021983,-0.062895,-0.012610,-0.014009,-0.011387,-0.005832,0.008186,0.003688,0.004909,0.005451,0.000235,-0.002768,0.006329,0.005771,-0.004419,0.025883,-0.004160
C6,0.000000,0.000066,-0.002056,0.000254,0.000430,0.000680,0.004443,0.002827,0.000409,0.000875,0.000210,0.001241,0.002142,-0.001914,-0.006199,-0.004896,-0.006964,-0.007927,-0.002468,-0.000356,-0.008822,-0.008091,0.000805,-0.004615,0.010984,0.011056,0.008707,0.011265,0.011460,0.011737,0.011695,0.011695,0.011436,0.011953,0.011775,0.013031,0.013153,0.010648,0.007721,0.009066,0.007148,0.007293,0.011965,0.014486,0.007428,0.007318,0.015873,0.008098,0.014634,-0.000936,0.352534,-0.107511,-0.026952,-0.053353,-0.132395,-0.132395,-0.194784,-0.070006,-0.081610,-0.090670,-0.073699,-0.037747,0.052978,0.023870,0.031769,0.035278,0.001521,-0.017912,0.040963,0.037349,-0.028601,0.167514,-0.026921
C7,0.000000,-0.000096,0.003024,-0.000374,-0.000632,-0.001000,-0.006533,-0.004157,-0.000601,-0.001287,-0.000308,-0.001825,-0.003150,0.002814,0.009115,0.007200,0.010241,0.011657,0.003629,0.000524,0.012972,0.011898,-0.001184,0.006786,-0.016151,-0.016258,-0.012803,-0.016565,-0.016852,-0.017259,-0.017197,-0.017197,-0.016817,-0.017577,-0.017314,-0.019162,-0.019341,-0.015658,-0.011354,-0.013331,-0.010512,-0.010725,-0.017594,-0.021301,-0.010923,-0.010761,-0.023340,-0.011908,0.262952,0.255976,0.481607,0.235919,0.217219,0.190633,0.194684,0.194684,0.219495,0.169873,0.120006,0.133328,0.108373,0.055506,-0.077902,-0.035100,-0.046715,-0.051876,-0.002237,0.026339,-0.060235,-0.054921,0.042056,-0.246325,0.039587
C8,0.000000,0.000005,-0.000147,0.000018,0.000031,0.000049,0.000319,0.000203,0.000029,0.000063,0.000015,0.000089,0.000154,-0.000137,-0.000444,-0.000351,-0.000499,-0.000568,-0.000177,-0.000026,-0.000633,-0.000580,0.000058,-0.000331,0.000788,0.000793,0.000624,0.000808,0.000822,0.000842,0.000839,0.000839,0.000820,0.000857,0.000844,0.000934,0.000943,0.000763,0.000554,0.000650,0.000513,0.000523,0.000858,0.001039,0.000533,0.000525,0.001138,0.000581,0.235664,0.264195,0.025277,0.627723,0.147193,0.105893,-0.009493,-0.009493,-0.074584,0.055599,-0.005851,-0.006501,-0.005284,-0.002706,0.003798,0.001711,0.002278,0.002529,0.000109,-0.001284,0.002937,0.002678,-0.002051,0.012011,-0.001930
C9,0.000000,0.000016,-0.000502,0.000062,0.000105,0.000166,0.001085,0.000691,0.000100,0.000214,0.000051,0.000303,0.000523,-0.000467,-0.001514,-0.001196,-0.001701,-0.001936,-0.000603,-0.000087,-0.002155,-0.001976,0.000197,-0.001127,0.002683,0.002701,0.002127,0.002752,0.002799,0.002867,0.002857,0.002857,0.002793,0.002920,0.002876,0.003183,0.003213,0.002601,0.001886,0.002215,0.001746,0.001782,0.002923,0.003538,0.001814,0.001788,0.003877,0.001978,0.302867,0.268325,0.086112,0.136138,0.599907,-0.005556,-0.032340,-0.032340,0.027891,-0.092570,-0.019935,-0.022148,-0.018002,-0.009220,0.012941,0.005831,0.007760,0.008617,0.000372,-0.004375,0.010006,0.009123,-0.006986,0.040918,-0.006576
C10,0.000000,0.000010,-0.000318,0.000039,0.000066,0.000105,0.000686,0.000437,0.000063,0.000135,0.000032,0.000192,0.000331,-0.000296,-0.000958,-0.000757,-0.001076,-0.001225,-0.000381,-0.000055,-0.001363,-0.001250,0.000124,-0.000713,0.001697,0.001708,0.001345,0.001741,0.001771,0.001813,0.001807,0.001807,0.001767,0.001847,0.001819,0.002013,0.002032,0.001645,0.001193,0.001401,0.001105,0.001127,0.001849,0.002238,0.001148,0.001131,0.002452,0.001251,0.183883,0.212440,0.054470,0.107730,0.062633,0.762383,-0.020456,-0.020456,0.021983,-0.062895,-0.012610,-0.014009,-0.011387,-0.005832,0.008186,0.003688,0.004909,0.005451,0.000235,-0.002768,0.006329,0.005771,-0.004419,0.025883,-0.004160
C11,0.000000,0.000000,0.000000,0.000000,0.000000,0.000000,0.000000,0.000000,0.000000,0.000000,0.000000,0.000000,0.000000,0.000000,0.000000,0.000000,0.000000,0.000000,0.000000,0.000000,0.000000,0.000000,0.000000,0.000000,0.000000,0.000000,0.000000,0.000000,0.000000,0.000000,0.000000,0.000000,0.000000,0.000000,0.000000,0.000000,0.000000,0.000000,0.000000,0.000000,0.000000,0.000000,0.000000,0.000000,0.000000,0.000000,0.000000,0.000000,0.000000,0.000000,0.000000,0.000000,0.000000,0.000000,1.000000,0.000000,0.000000,0.000000,0.000000,0.000000,0.000000,0.000000,0.000000,0.000000,0.000000,0.000000,0.000000,0.000000,0.000000,0.000000,0.000000,0.000000,0.000000
C12-1,0.000000,-0.000004,0.000140,-0.000017,-0.000029,-0.000046,-0.000303,-0.000193,-0.000028,-0.000060,-0.000014,-0.000085,-0.000146,0.000131,0.000423,0.000334,0.000475,0.000541,0.000168,0.000024,0.000602,0.000552,-0.000055,0.000315,-0.000750,-0.000755,-0.000594,-0.000769,-0.000782,-0.000801,-0.000798,-0.000798,-0.000781,-0.000816,-0.000804,-0.000890,-0.000898,-0.000727,-0.000527,-0.000619,-0.000488,-0.000498,-0.000817,-0.000989,-0.000507,-0.000500,-0.001084,-0.000553,0.023988,0.022066,-0.024067,-0.028035,0.055016,0.071449,0.509038,0.509038,-0.069062,0.087139,0.005571,0.006190,0.005031,0.002577,-0.003617,-0.001630,-0.002169,-0.002408,-0.000104,0.001223,-0.002796,-0.002550,0.001952,-0.011436,0.001838
C13-2,0.000000,0.000004,-0.000140,0.000017,0.000029,0.000046,0.000303,0.000193,0.000028,0.000060,0.000014,0.000085,0.000146,-0.000131,-0.000423,-0.000334,-0.000475,-0.000541,-0.000168,-0.000024,-0.000602,-0.000552,0.000055,-0.000315,0.000750,0.000755,0.000594,0.000769,0.000782,0.000801,0.000798,0.000798,0.000781,0.000816,0.000804,0.000890,0.000898,0.000727,0.000527,0.000619,0.000488,0.000498,0.000817,0.000989,0.000507,0.000500,0.001084,0.000553,-0.023988,-0.022066,0.024067,0.028035,-0.055016,-0.071449,0.490962,0.490962,0.069062,-0.087139,-0.005571,-0.006190,-0.005031,-0.002577,0.003617,0.001630,0.002169,0.002408,0.000104,-0.001223,0.002796,0.002550,-0.001952,0.011436,-0.001838
C14,0.000000,-0.000004,0.000119,-0.000015,-0.000025,-0.000039,-0.000257,-0.000164,-0.000024,-0.000051,-0.000012,-0.000072,-0.000124,0.000111,0.000359,0.000283,0.000403,0.000459,0.000143,0.000021,0.000511,0.000469,-0.000047,0.000267,-0.000636,-0.000640,-0.000504,-0.000652,-0.000664,-0.000680,-0.000677,-0.000677,-0.000662,-0.000692,-0.000682,-0.000755,-0.000762,-0.000617,-0.000447,-0.000525,-0.000414,-0.000422,-0.000693,-0.000839,-0.000430,-0.000424,-0.000919,-0.000469,0.132409,0.138099,0.166784,0.242016,0.084014,0.059031,0.180512,0.180512,0.327114,0.033910,-0.154632,0.065401,-0.034611,-0.094794,0.005707,-0.010737,-0.004812,-0.002043,-0.005459,-0.000869,0.000389,-0.001656,0.001656,0.067296,0.001559
C15,0.000000,0.000070,-0.002182,0.000270,0.000456,0.000722,0.004715,0.003000,0.000434,0.000929,0.000222,0.001317,0.002273,-0.002031,-0.006579,-0.005197,-0.007391,-0.008413,-0.002619,-0.000378,-0.009363,-0.008588,0.000855,-0.004898,0.011657,0.011734,0.009241,0.011956,0.012163,0.012457,0.012412,0.012412,0.012138,0.012686,0.012497,0.013831,0.013960,0.011301,0.008195,0.009622,0.007587,0.007741,0.012699,0.015374,0.007884,0.007767,0.016846,0.008595,0.141877,0.147226,0.186960,0.250161,0.091243,0.064958,0.186638,0.186638,0.334455,0.038821,0.072742,-0.156382,-0.039341,0.056918,0.047452,0.034689,0.036690,0.037442,0.006985,-0.017105,0.040715,0.039133,-0.030355,0.100793,-0.028572
C16,0.000000,-0.000021,0.000671,-0.000083,-0.000140,-0.000222,-0.001449,-0.000922,-0.000133,-0.000285,-0.000068,-0.000405,-0.000698,0.000624,0.002021,0.001597,0.002271,0.002585,0.000805,0.000116,0.002877,0.002639,-0.000263,0.001505,-0.003582,-0.003605,-0.002839,-0.003674,-0.003737,-0.003827,-0.003814,-0.003814,-0.003729,-0.003898,-0.003840,-0.004249,-0.004289,-0.003472,-0.002518,-0.002956,-0.002331,-0.002378,-0.003902,-0.004724,-0.002422,-0.002386,-0.005176,-0.002641,0.226647,0.224786,0.072237,0.131879,0.300148,0.339725,0.216020,0.216020,0.055798,0.376242,-0.132744,0.089718,-0.014845,-0.084671,-0.008501,-0.017139,-0.013332,-0.011504,-0.005867,0.003935,-0.010597,-0.011672,0.009326,0.022369,0.008779
C17,0.000000,0.000052,-0.001631,0.000202,0.000341,0.000539,0.003524,0.002242,0.000324,0.000694,0.000166,0.000984,0.001699,-0.001518,-0.004916,-0.003883,-0.005524,-0.006287,-0.001957,-0.000283,-0.006997,-0.006418,0.000639,-0.003660,0.008712,0.008769,0.006906,0.008935,0.009089,0.009309,0.009275,0.009275,0.009071,0.009480,0.009339,0.010336,0.010432,0.008446,0.006124,0.007191,0.005670,0.005785,0.009490,0.011489,0.005891,0.005804,0.012589,0.006423,0.236115,0.233913,0.092412,0.140024,0.307377,0.345652,0.222146,0.222146,0.063138,0.381153,0.094629,-0.132065,-0.019576,0.067041,0.033244,0.028287,0.028170,0.027981,0.006577,-0.012301,0.029729,0.029116,-0.022684,0.055867,-0.021352
C18,0.000000,0.000130,-0.004089,0.000505,0.000855,0.001352,0.008833,0.005621,0.000813,0.001740,0.000417,0.002468,0.004259,-0.003805,-0.012325,-0.009736,-0.013847,-0.015762,-0.004907,-0.000708,-0.017541,-0.016089,0.001601,-0.009176,0.021840,0.021984,0.017312,0.022399,0.022787,0.023337,0.023253,0.023253,0.022740,0.023767,0.023412,0.025911,0.026153,0.021173,0.015353,0.018027,0.014214,0.014502,0.023791,0.028804,0.014770,0.014551,0.031561,0.016102,0.126989,0.127511,0.110628,0.129012,0.130411,0.132400,0.132097,0.132097,0.130241,0.133954,0.340278,-0.065904,-0.296663,0.230781,0.077668,0.076965,0.072543,0.070147,0.019962,-0.029606,0.072744,0.072665,-0.056869,0.090270,-0.053529
C19,0.000000,-0.000156,0.004878,-0.000603,-0.001020,-0.001613,-0.010539,-0.006707,-0.000970,-0.002077,-0.000497,-0.002945,-0.005082,0.004540,0.014705,0.011616,0.016521,0.018806,0.005855,0.000845,0.020928,0.019196,-0.001910,0.010948,-0.026057,-0.026230,-0.020655,-0.026725,-0.027187,-0.027844,-0.027744,-0.027744,-0.027131,-0.028357,-0.027934,-0.030915,-0.031204,-0.025262,-0.018317,-0.021508,-0.016959,-0.017303,-0.028386,-0.034366,-0.017622,-0.017361,-0.037656,-0.019211,0.232067,0.235374,0.128393,0.244884,0.253750,0.266356,0.264435,0.264435,0.252672,0.276199,0.372346,0.221024,0.247207,-0.410246,-0.080462,-0.104841,-0.090688,-0.083693,-0.031287,0.032673,-0.082953,-0.085993,0.067851,-0.000606,0.063867
C20,0.000000,0.000002,-0.000061,0.000008,0.000013,0.000020,0.000132,0.000084,0.000012,0.000026,0.000006,0.000037,0.000064,-0.000057,-0.000184,-0.000146,-0.000207,-0.000236,-0.000073,-0.000011,-0.000262,-0.000240,0.000024,-0.000137,0.000326,0.000329,0.000259,0.000335,0.000341,0.000349,0.000348,0.000348,0.000340,0.000355,0.000350,0.000387,0.000391,0.000316,0.000229,0.000269,0.000212,0.000217,0.000356,0.000431,0.000221,0.000217,0.000472,0.000241,0.110419,0.111539,0.075321,0.114758,0.117760,0.122028,0.121377,0.121377,0.117395,0.125360,-0.057626,0.322217,-0.288385,-0.034715,0.004614,-0.002531,-0.000086,0.001048,-0.001815,-0.001192,0.002174,0.001286,-0.000850,0.031649,-0.000800
C21,0.000000,0.000120,-0.003752,0.000464,0.000785,0.001241,0.008107,0.005159,0.000746,0.001597,0.000382,0.002265,0.003909,-0.003492,-0.011311,-0.008935,-0.012708,-0.014465,-0.004503,-0.000650,-0.016097,-0.014765,0.001469,-0.008421,0.020042,0.020175,0.015887,0.020556,0.020912,0.021417,0.021340,0.021340,0.020868,0.021811,0.021486,0.023779,0.024001,0.019430,0.014089,0.016543,0.013044,0.013309,0.021833,0.026433,0.013554,0.013354,0.028963,0.014777,0.267574,0.269600,0.204051,0.275427,0.280859,0.288583,0.287406,0.287406,0.280198,0.294614,0.224996,0.389336,0.229468,0.158674,0.076082,0.065507,0.064946,0.064374,0.015377,-0.028214,0.068270,0.066963,-0.052189,0.125012,-0.049124
C22,0.000000,0.000132,-0.004150,0.000513,0.000868,0.001372,0.008965,0.005705,0.000825,0.001766,0.000423,0.002505,0.004323,-0.003862,-0.012509,-0.009881,-0.014054,-0.015998,-0.004980,-0.000719,-0.017803,-0.016329,0.001625,-0.009313,0.022166,0.022313,0.017571,0.022734,0.023127,0.023686,0.023601,0.023601,0.023079,0.024122,0.023762,0.026299,0.026544,0.021489,0.015582,0.018296,0.014426,0.014719,0.024147,0.029234,0.014990,0.014769,0.032032,0.016342,0.237408,0.239050,0.185949,0.243770,0.248171,0.254428,0.253475,0.253475,0.247636,0.259314,0.282652,0.256312,0.414952,0.196066,0.082282,0.074433,0.072458,0.071195,0.018146,-0.030799,0.074918,0.073951,-0.057719,0.121919,-0.054330
C23,0.000000,-0.000156,0.004878,-0.000603,-0.001020,-0.001613,-0.010539,-0.006707,-0.000970,-0.002077,-0.000497,-0.002945,-0.005082,0.004540,0.014705,0.011616,0.016521,0.018806,0.005855,0.000845,0.020928,0.019196,-0.001910,0.010948,-0.026057,-0.026230,-0.020655,-0.026725,-0.027187,-0.027844,-0.027744,-0.027744,-0.027131,-0.028357,-0.027934,-0.030915,-0.031204,-0.025262,-0.018317,-0.021508,-0.016959,-0.017303,-0.028386,-0.034366,-0.017622,-0.017361,-0.037656,-0.019211,0.232067,0.235374,0.128393,0.244884,0.253750,0.266356,0.264435,0.264435,0.252672,0.276199,0.372346,0.221024,0.247207,0.589754,-0.080462,-0.104841,-0.090688,-0.083693,-0.031287,0.032673,-0.082953,-0.085993,0.067851,-0.000606,0.063867
C24,0.000000,0.000288,-0.009012,0.001114,0.001885,0.002981,0.019472,0.012391,0.001791,0.003836,0.000919,0.005441,0.009388,-0.008388,-0.027168,-0.021461,-0.030524,-0.034745,-0.010817,-0.001561,-0.038665,-0.035465,0.003529,-0.020226,0.048142,0.048460,0.038161,0.049376,0.050229,0.051443,0.051258,0.051258,0.050125,0.052390,0.051608,0.057117,0.057650,0.046671,0.033842,0.039737,0.031332,0.031967,0.052443,0.063492,0.032557,0.032075,0.069570,0.035493,0.031831,0.026409,0.201804,0.010817,-0.003719,-0.024386,-0.021237,-0.021237,-0.001950,-0.040524,-0.083204,-0.065016,-0.085191,-0.143434,0.544221,-0.228042,0.033535,0.154625,-0.184306,-0.146274,0.277698,0.181726,-0.125356,0.413297,-0.117996
C25-1,0.000000,-0.000192,0.006018,-0.000744,-0.001259,-0.001990,-0.013002,-0.008274,-0.001196,-0.002562,-0.000613,-0.003633,-0.006269,0.005601,0.018142,0.014330,0.020382,0.023201,0.007223,0.001043,0.025818,0.023682,-0.002356,0.013506,-0.032146,-0.032359,-0.025482,-0.032970,-0.033540,-0.034351,-0.034227,-0.034227,-0.033471,-0.034983,-0.034461,-0.038139,-0.038496,-0.031165,-0.022598,-0.026534,-0.020922,-0.021346,-0.035019,-0.042397,-0.021740,-0.021418,-0.046455,-0.023701,0.115560,0.114784,0.139902,0.112551,0.110469,0.107510,0.107960,0.107960,0.110722,0.105198,0.101605,0.099172,0.096782,0.099470,0.188938,0.096471,-0.040125,-0.103251,0.091034,0.086307,-0.168966,-0.118324,0.083706,0.170189,0.078791
C25-2,0.000000,-0.000192,0.006018,-0.000744,-0.001259,-0.001990,-0.013002,-0.008274,-0.001196,-0.002562,-0.000613,-0.003633,-0.006269,0.005601,0.018142,0.014330,0.020382,0.023201,0.007223,0.001043,0.025818,0.023682,-0.002356,0.013506,-0.032146,-0.032359,-0.025482,-0.032970,-0.033540,-0.034351,-0.034227,-0.034227,-0.033471,-0.034983,-0.034461,-0.038139,-0.038496,-0.031165,-0.022598,-0.026534,-0.020922,-0.021346,-0.035019,-0.042397,-0.021740,-0.021418,-0.046455,-0.023701,0.115560,0.114784,0.139902,0.112551,0.110469,0.107510,0.107960,0.107960,0.110722,0.105198,0.101605,0.099172,0.096782,0.099470,0.188938,0.096471,-0.040125,-0.103251,0.091034,0.086307,-0.168966,-0.118324,0.083706,0.170189,0.078791
C26,0.000000,0.000096,-0.003024,0.000374,0.000632,0.001000,0.006533,0.004157,0.000601,0.001287,0.000308,0.001825,0.003150,-0.002814,-0.009115,-0.007200,-0.010241,-0.011657,-0.003629,-0.000524,-0.012972,-0.011898,0.001184,-0.006786,0.016151,0.016258,0.012803,0.016565,0.016852,0.017259,0.017197,0.017197,0.016817,0.017577,0.017314,0.019162,0.019341,0.015658,0.011354,0.013331,0.010512,0.010725,0.017594,0.021301,0.010923,0.010761,0.023340,0.011908,-0.262952,-0.255976,-0.481607,-0.235919,-0.217219,-0.190633,-0.194684,-0.194684,-0.219495,-0.169873,-0.120006,-0.133328,-0.108373,-0.055506,0.077902,0.035100,0.046715,0.051876,0.002237,-0.026339,0.060235,0.054921,-0.042056,-0.753675,-0.039587
C27,0.000000,-0.000488,0.015309,-0.001893,-0.003202,-0.005063,-0.033076,-0.021048,-0.003043,-0.006517,-0.001560,-0.009242,-0.015948,0.014248,0.046151,0.036455,0.051851,0.059021,0.018374,0.002652,0.065680,0.060244,-0.005995,0.034358,-0.081778,-0.082319,-0.064824,-0.083874,-0.085324,-0.087385,-0.087071,-0.087071,-0.085147,-0.088995,-0.087666,-0.097024,-0.097930,-0.079280,-0.057487,-0.067500,-0.053223,-0.054302,-0.089085,-0.107854,-0.055304,-0.054486,-0.118177,-0.060292,0.202579,0.203541,0.172419,0.206307,0.208887,0.212554,0.211995,0.211995,0.208573,0.215417,0.227715,0.215038,0.219553,0.250577,0.111662,0.282693,-0.407994,-0.262661,0.252984,0.227151,-0.145769,-0.248840,0.212942,0.134893,0.200439
C28,0.000000,0.000620,-0.019444,0.002404,0.004067,0.006431,0.042009,0.026732,0.003864,0.008277,0.001982,0.011738,0.020255,-0.018096,-0.058614,-0.046300,-0.065853,-0.074960,-0.023337,-0.003369,-0.083417,-0.076513,0.007614,-0.043637,0.103862,0.104549,0.082330,0.106524,0.108366,0.110984,0.110585,0.110585,0.108142,0.113028,0.111341,0.123225,0.124377,0.100690,0.073012,0.085729,0.067596,0.068966,0.113142,0.136980,0.070239,0.069200,0.150091,0.076574,0.061319,0.058242,0.157778,0.049394,0.041145,0.029416,0.031203,0.031203,0.042148,0.020258,0.061427,-0.059031,-0.057536,0.195743,0.352097,0.384424,0.350841,0.333593,-0.468577,-0.340752,0.340515,0.344574,-0.270448,0.277799,-0.254568
C29,0.000000,-0.000479,0.015020,-0.001857,-0.003141,-0.004968,-0.032451,-0.020650,-0.002985,-0.006394,-0.001531,-0.009067,-0.015647,0.013979,0.045279,0.035766,0.050871,0.057906,0.018027,0.002602,0.064439,0.059106,-0.005881,0.033709,-0.080232,-0.080763,-0.063599,-0.082289,-0.083711,-0.085734,-0.085426,-0.085426,-0.083538,-0.087313,-0.086010,-0.095190,-0.096080,-0.077782,-0.056401,-0.066225,-0.052217,-0.053276,-0.087401,-0.105816,-0.054259,-0.053456,-0.115944,-0.059153,0.203421,0.204215,0.178537,0.206497,0.208625,0.211651,0.211190,0.211190,0.208367,0.214014,0.224984,0.212878,0.216766,0.245968,0.128407,0.275446,0.545349,-0.257697,0.247110,0.222470,-0.092531,0.158196,0.208918,0.147575,0.196651
C30,0.000000,-0.000009,0.000289,-0.000036,-0.000061,-0.000096,-0.000625,-0.000398,-0.000057,-0.000123,-0.000029,-0.000175,-0.000301,0.000269,0.000872,0.000689,0.000980,0.001115,0.000347,0.000050,0.001241,0.001138,-0.000113,0.000649,-0.001545,-0.001556,-0.001225,-0.001585,-0.001612,-0.001651,-0.001645,-0.001645,-0.001609,-0.001682,-0.001657,-0.001834,-0.001851,-0.001498,-0.001086,-0.001276,-0.001006,-0.001026,-0.001684,-0.002038,-0.001045,-0.001030,-0.002233,-0.001139,-0.000842,-0.000674,-0.006118,-0.000190,0.000261,0.000903,0.000805,0.000805,0.000206,0.001403,0.002731,0.002160,0.002787,0.004609,-0.016746,0.007247,0.046657,-0.004964,0.005874,0.004681,-0.053238,-0.407037,0.004024,-0.012682,0.003788
C31-1,0.000000,0.000197,-0.006163,0.000762,0.001289,0.002038,0.013315,0.008473,0.001225,0.002623,0.000628,0.003720,0.006420,-0.005735,-0.018578,-0.014675,-0.020872,-0.023759,-0.007397,-0.001068,-0.026439,-0.024251,0.002413,-0.013831,0.032919,0.033137,0.026094,0.033763,0.034347,0.035176,0.035050,0.035050,0.034276,0.035824,0.035289,0.039056,0.039421,0.031914,0.023141,0.027172,0.021425,0.021859,0.035861,0.043416,0.022262,0.021933,0.047571,0.024270,-0.115139,-0.114447,-0.136843,-0.112456,-0.110600,-0.107961,-0.108363,-0.108363,-0.110826,-0.105900,-0.102971,-0.100252,-0.098175,-0.101775,-0.180565,-0.100095,0.016797,0.105732,-0.093971,-0.088647,-0.304415,-0.178158,-0.085718,-0.163848,-0.080685
C31-2,0.000000,0.000197,-0.006163,0.000762,0.001289,0.002038,0.013315,0.008473,0.001225,0.002623,0.000628,0.003720,0.006420,-0.005735,-0.018578,-0.014675,-0.020872,-0.023759,-0.007397,-0.001068,-0.026439,-0.024251,0.002413,-0.013831,0.032919,0.033137,0.026094,0.033763,0.034347,0.035176,0.035050,0.035050,0.034276,0.035824,0.035289,0.039056,0.039421,0.031914,0.023141,0.027172,0.021425,0.021859,0.035861,0.043416,0.022262,0.021933,0.047571,0.024270,-0.115139,-0.114447,-0.136843,-0.112456,-0.110600,-0.107961,-0.108363,-0.108363,-0.110826,-0.105900,-0.102971,-0.100252,-0.098175,-0.101775,-0.180565,-0.100095,0.016797,0.105732,-0.093971,-0.088647,-0.304415,-0.178158,-0.085718,-0.163848,-0.080685
C32-1,0.000000,0.000310,-0.009722,0.001202,0.002033,0.003215,0.021004,0.013366,0.001932,0.004138,0.000991,0.005869,0.010127,-0.009048,-0.029307,-0.023150,-0.032926,-0.037480,-0.011668,-0.001684,-0.041709,-0.038257,0.003807,-0.021818,0.051931,0.052275,0.041165,0.053262,0.054183,0.055492,0.055292,0.055292,0.054071,0.056514,0.055670,0.061613,0.062188,0.050345,0.036506,0.042864,0.033798,0.034483,0.056571,0.068490,0.035119,0.034600,0.075046,0.038287,0.030660,0.029121,0.078889,0.024697,0.020572,0.014708,0.015602,0.015602,0.021074,0.010129,0.030713,-0.029515,-0.028768,0.097871,0.176049,0.192212,0.175420,0.166796,0.265712,-0.170376,0.170257,0.172287,-0.135224,0.138899,-0.127284
C32-2,0.000000,0.000310,-0.009722,0.001202,0.002033,0.003215,0.021004,0.013366,0.001932,0.004138,0.000991,0.005869,0.010127,-0.009048,-0.029307,-0.023150,-0.032926,-0.037480,-0.011668,-0.001684,-0.041709,-0.038257,0.003807,-0.021818,0.051931,0.052275,0.041165,0.053262,0.054183,0.055492,0.055292,0.055292,0.054071,0.056514,0.055670,0.061613,0.062188,0.050345,0.036506,0.042864,0.033798,0.034483,0.056571,0.068490,0.035119,0.034600,0.075046,0.038287,0.030660,0.029121,0.078889,0.024697,0.020572,0.014708,0.015602,0.015602,0.021074,0.010129,0.030713,-0.029515,-0.028768,0.097871,0.176049,0.192212,0.175420,0.166796,0.265712,-0.170376,0.170257,0.172287,-0.135224,0.138899,-0.127284
C33-1,0.000000,0.000310,-0.009722,0.001202,0.002033,0.003215,0.021004,0.013366,0.001932,0.004138,0.000991,0.005869,0.010127,-0.009048,-0.029307,-0.023150,-0.032926,-0.037480,-0.011668,-0.001684,-0.041709,-0.038257,0.003807,-0.021818,0.051931,0.052275,0.041165,0.053262,0.054183,0.055492,0.055292,0.055292,0.054071,0.056514,0.055670,0.061613,0.062188,0.050345,0.036506,0.042864,0.033798,0.034483,0.056571,0.068490,0.035119,0.034600,0.075046,0.038287,0.030660,0.029121,0.078889,0.024697,0.020572,0.014708,0.015602,0.015602,0.021074,0.010129,0.030713,-0.029515,-0.028768,0.097871,0.176049,0.192212,0.175420,0.166796,0.265712,0.329624,0.170257,0.172287,-0.135224,0.138899,-0.127284
C33-2,0.000000,0.000310,-0.009722,0.001202,0.002033,0.003215,0.021004,0.013366,0.001932,0.004138,0.000991,0.005869,0.010127,-0.009048,-0.029307,-0.023150,-0.032926,-0.037480,-0.011668,-0.001684,-0.041709,-0.038257,0.003807,-0.021818,0.051931,0.052275,0.041165,0.053262,0.054183,0.055492,0.055292,0.055292,0.054071,0.056514,0.055670,0.061613,0.062188,0.050345,0.036506,0.042864,0.033798,0.034483,0.056571,0.068490,0.035119,0.034600,0.075046,0.038287,0.030660,0.029121,0.078889,0.024697,0.020572,0.014708,0.015602,0.015602,0.021074,0.010129,0.030713,-0.029515,-0.028768,0.097871,0.176049,0.192212,0.175420,0.166796,0.265712,0.329624,0.170257,0.172287,-0.135224,0.138899,-0.127284
C34,0.000000,0.000009,-0.000289,0.000036,0.000061,0.000096,0.000625,0.000398,0.000057,0.000123,0.000029,0.000175,0.000301,-0.000269,-0.000872,-0.000689,-0.000980,-0.001115,-0.000347,-0.000050,-0.001241,-0.001138,0.000113,-0.000649,0.001545,0.001556,0.001225,0.001585,0.001612,0.001651,0.001645,0.001645,0.001609,0.001682,0.001657,0.001834,0.001851,0.001498,0.001086,0.001276,0.001006,0.001026,0.001684,0.002038,0.001045,0.001030,0.002233,0.001139,0.000842,0.000674,0.006118,0.000190,-0.000261,-0.000903,-0.000805,-0.000805,-0.000206,-0.001403,-0.002731,-0.002160,-0.002787,-0.004609,0.016746,-0.007247,-0.046657,0.004964,-0.005874,-0.004681,0.053238,-0.592963,-0.004024,0.012682,-0.003788
CA-1,0.000000,0.000872,-0.027345,0.003381,0.005719,0.009044,0.059081,0.037596,0.005435,0.011641,0.002787,0.016508,0.028486,-0.025449,-0.082434,-0.065115,-0.092615,-0.105424,-0.032820,-0.004738,-0.117317,-0.107608,0.010708,-0.061371,0.146071,0.147037,0.115788,0.149815,0.152404,0.156087,0.155526,0.155526,0.152089,0.158962,0.156589,0.173303,0.174922,0.141610,0.102683,0.120568,0.095066,0.096994,0.159122,0.192648,0.098783,0.097322,0.211087,0.107693,0.566301,0.566892,0.547778,0.568591,0.570175,0.572427,0.572084,0.572084,0.569982,0.574186,0.569075,0.586618,0.586884,0.550483,0.510462,0.524365,0.488244,0.469162,0.564947,0.600236,0.483702,0.485488,0.619645,0.524730,0.641978
CB-1,0.000000,-0.000872,0.027345,-0.003381,-0.005719,-0.009044,-0.059081,-0.037596,-0.005435,-0.011641,-0.002787,-0.016508,-0.028486,0.025449,0.082434,0.065115,0.092615,0.105424,0.032820,0.004738,0.117317,0.107608,-0.010708,0.061371,-0.146071,-0.147037,-0.115788,-0.149815,-0.152404,-0.156087,-0.155526,-0.155526,-0.152089,-0.158962,-0.156589,-0.173303,-0.174922,-0.141610,-0.102683,-0.120568,-0.095066,-0.096994,-0.159122,-0.192648,-0.098783,-0.097322,-0.211087,-0.107693,0.433699,0.433108,0.452222,0.431409,0.429825,0.427573,0.427916,0.427916,0.430018,0.425814,0.430925,0.413382,0.413116,0.449517,0.489538,0.475635,0.511756,0.530838,0.435053,0.399764,0.516298,0.514512,0.380355,0.475270,0.358022
C35,0.000000,0.000872,-0.027345,0.003381,0.005719,0.009044,0.059081,0.037596,0.005435,0.011641,0.002787,0.016508,0.028486,-0.025449,-0.082434,-0.065115,-0.092615,-0.105424,-0.032820,-0.004738,-0.117317,-0.107608,0.010708,-0.061371,0.146071,0.147037,0.115788,0.149815,0.152404,0.156087,0.155526,0.155526,0.152089,0.158962,0.156589,0.173303,0.174922,0.141610,0.102683,0.120568,0.095066,0.096994,0.159122,0.192648,0.098783,0.097322,0.211087,0.107693,0.566301,0.566892,0.547778,0.568591,0.570175,0.572427,0.572084,0.572084,0.569982,0.574186,0.569075,0.586618,0.586884,0.550483,0.510462,0.524365,0.488244,0.469162,0.564947,0.600236,0.483702,0.485488,0.619645,0.524730,-0.358022
