,2020-07-15 00:00:00,2020-07-15 01:00:00,2020-07-15 02:00:00,2020-07-15 03:00:00,2020-07-15 04:00:00,2020-07-15 05:00:00,2020-07-15 06:00:00,2020-07-15 07:00:00,2020-07-15 08:00:00,2020-07-15 09:00:00,2020-07-15 10:00:00,2020-07-15 11:00:00,2020-07-15 12:00:00,2020-07-15 13:00:00,2020-07-15 14:00:00,2020-07-15 15:00:00,2020-07-15 16:00:00,2020-07-15 17:00:00,2020-07-15 18:00:00,2020-07-15 19:00:00,2020-07-15 20:00:00,2020-07-15 21:00:00,2020-07-15 22:00:00,2020-07-15 23:00:00,2020-07-16 00:00:00,2020-07-16 02:00:00,2020-07-16 04:00:00,2020-07-16 06:00:00,2020-07-16 08:00:00,2020-07-16 10:00:00,2020-07-16 12:00:00,2020-07-16 14:00:00,2020-07-16 16:00:00,2020-07-16 18:00:00,2020-07-16 20:00:00,2020-07-16 22:00:00
101_CT_1,0.0,0.0,0.0,0.0,0.0,0.0,0.0,0.0,0.0,0.0,0.0,0.0,0.0,0.0,0.0,8.0,0.0,0.0,0.0,0.0,0.0,0.0,0.0,0.0,0.0,0.0,0.0,0.0,0.0,0.0,0.0,0.0,0.0,0.0,0.0,0.0
101_CT_2,0.0,0.0,0.0,0.0,0.0,0.0,0.0,0.0,0.0,0.0,0.0,0.0,0.0,0.0,0.0,8.0,0.0,0.0,0.0,0.0,0.0,0.0,0.0,0.0,0.0,0.0,0.0,0.0,0.0,0.0,0.0,0.0,0.0,0.0,0.0,0.0
101_STEAM_3,30.0,30.0,30.0,30.0,30.0,30.0,30.0,45.74667435205283,30.0,30.129656668870048,30.0,65.69604119159536,70.00266951590508,73.37961144059456,30.0,30.0,75.05349849502454,72.26592381159095,30.0,30.0,30.0,53.51825964894823,46.615663790240276,41.2126331021387,36.583120115312354,30.0,35.56730436641233,30.0,30.0,67.56302315874825,30.0,76.0,76.0,30.0,30.0,72.65823777578537
101_STEAM_4,33.4486167075177,30.0,30.0,30.0,30.0,30.0,30.0,30.0,50.50608775522918,55.9286230279011,61.05757969013524,30.0,30.0,30.0,75.31944776213356,60.5215308305897,30.162270619689927,30.0,68.0879772268616,65.50077896759042,60.439478628980105,30.0,30.0,30.0,30.0,32.62272970657557,30.0,45.68032587147998,56.449111204900845,30.0,75.65379700916796,33.59889085985499,30.834539731128913,69.8267349898685,60.463127622096884,0.0
102_CT_1,0.0,0.0,0.0,0.0,0.0,0.0,0.0,0.0,0.0,0.0,0.0,0.0,0.0,0.0,0.0,8.0,0.0,0.0,0.0,0.0,0.0,0.0,0.0,0.0,0.0,0.0,0.0,0.0,0.0,0.0,0.0,0.0,0.0,0.0,0.0,0.0
102_CT_2,0.0,0.0,0.0,0.0,0.0,0.0,0.0,0.0,0.0,0.0,0.0,0.0,0.0,0.0,0.0,8.0,0.0,0.0,20.0,0.0,0.0,0.0,0.0,0.0,0.0,0.0,0.0,0.0,0.0,0.0,0.0,0.0,0.0,0.0,0.0,0.0
102_STEAM_3,30.0,30.0,36.80299251209847,76.0,30.0,35.94292972533891,76.0,76.0,76.0,76.0,76.0,76.0,76.0,76.0,76.0,76.0,76.0,76.0,76.0,76.0,76.0,76.0,76.0,76.0,38.38267264365979,30.0,76.0,76.0,76.0,76.0,76.0,76.0,76.0,76.0,76.0,76.0
102_STEAM_4,30.0,30.0,76.0,32.51627952604855,30.0,76.0,76.0,76.0,76.0,76.0,76.0,76.0,76.0,76.0,76.0,76.0,76.0,76.0,76.0,76.0,76.0,76.0,76.0,76.0,76.0,30.0,56.769196020701656,76.0,76.0,76.0,76.0,76.0,76.0,76.0,76.0,76.0
107_CC_1,170.0,170.0,170.0,170.0,170.0,170.0,170.0,170.0,355.0,355.0,355.0,355.0,355.0,355.0,355.0,355.0,355.0,355.0,355.0,355.0,355.0,355.0,170.0,170.0,170.0,170.0,170.0,170.0,355.0,355.0,355.0,355.0,355.0,355.0,355.0,0.0
113_CT_1,0.0,0.0,0.0,0.0,0.0,0.0,0.0,0.0,0.0,0.0,0.0,0.0,0.0,0.0,0.0,0.0,0.0,0.0,0.0,0.0,0.0,0.0,0.0,0.0,0.0,0.0,0.0,0.0,0.0,0.0,0.0,0.0,0.0,0.0,0.0,0.0
113_CT_2,0.0,0.0,0.0,0.0,0.0,0.0,0.0,0.0,0.0,0.0,0.0,0.0,0.0,0.0,0.0,0.0,0.0,0.0,0.0,0.0,0.0,0.0,0.0,0.0,0.0,0.0,0.0,0.0,0.0,0.0,0.0,0.0,0.0,0.0,0.0,0.0
113_CT_3,0.0,0.0,0.0,0.0,0.0,0.0,0.0,0.0,0.0,0.0,0.0,0.0,0.0,0.0,0.0,0.0,0.0,0.0,0.0,0.0,0.0,0.0,0.0,0.0,0.0,0.0,0.0,0.0,0.0,0.0,0.0,0.0,0.0,0.0,0.0,0.0
113_CT_4,0.0,0.0,0.0,0.0,0.0,0.0,0.0,0.0,0.0,0.0,0.0,0.0,0.0,0.0,0.0,0.0,0.0,0.0,0.0,0.0,0.0,0.0,0.0,0.0,0.0,0.0,0.0,0.0,0.0,0.0,0.0,0.0,0.0,0.0,0.0,0.0
115_STEAM_1,0.0,0.0,0.0,0.0,0.0,0.0,0.0,0.0,0.0,0.0,0.0,0.0,0.0,0.0,0.0,0.0,0.0,0.0,0.0,0.0,0.0,0.0,0.0,0.0,0.0,0.0,0.0,0.0,0.0,0.0,0.0,0.0,0.0,0.0,0.0,0.0
115_STEAM_2,0.0,0.0,0.0,0.0,0.0,0.0,0.0,0.0,0.0,0.0,0.0,0.0,0.0,0.0,0.0,0.0,0.0,0.0,0.0,0.0,0.0,0.0,0.0,0.0,0.0,0.0,0.0,0.0,0.0,0.0,0.0,0.0,0.0,0.0,0.0,0.0
115_STEAM_3,62.0,62.0,62.0,62.0,62.0,62.0,62.0,155.0,155.0,155.0,155.0,155.0,155.0,155.0,155.0,155.0,155.0,155.0,155.0,155.0,155.0,155.0,155.0,62.0,62.0,62.0,62.0,155.0,155.0,155.0,155.0,155.0,155.0,155.0,155.0,155.0
116_STEAM_1,62.0,62.0,62.0,62.0,62.0,62.0,155.0,155.0,155.0,155.0,155.0,155.0,155.0,155.0,155.0,155.0,155.0,155.0,155.0,155.0,155.0,155.0,155.0,88.20613480753528,62.0,62.0,62.0,155.0,155.0,155.0,155.0,155.0,155.0,155.0,155.0,155.0
118_CC_1,170.0,170.0,170.0,170.0,170.0,170.0,170.0,170.0,355.0,355.0,355.0,355.0,355.0,355.0,355.0,355.0,355.0,355.0,355.0,355.0,248.4,0.0,0.0,0.0,0.0,0.0,0.0,0.0,355.0,355.0,355.0,355.0,355.0,355.0,355.0,355.0
122_WIND_1,523.3644409179688,490.1272888183594,317.9800490389514,325.11466039905184,409.1724548339844,393.8700256347656,378.9211730957031,354.81158447265625,302.9635925292969,222.12644958496094,208.04945373535156,221.732177734375,245.1647491455078,267.5063171386719,298.6573181152344,340.3313293457031,376.4082946777344,391.6524353027344,390.1222839355469,370.5920715332031,390.7495422363281,404.7757873535156,390.09765625,498.5765075683594,478.84324645996094,447.0950927734375,410.4322814941406,339.4709930419922,214.11196899414062,167.12508392333984,203.0431365966797,270.3037338256836,257.22196197509766,208.42853546142578,187.52051544189453,207.8979263305664
123_CT_1,0.0,0.0,0.0,0.0,0.0,0.0,0.0,0.0,0.0,0.0,0.0,0.0,0.0,0.0,0.0,0.0,0.0,0.0,0.0,0.0,0.0,0.0,0.0,0.0,0.0,0.0,0.0,0.0,0.0,0.0,0.0,0.0,0.0,0.0,0.0,0.0
123_CT_4,0.0,0.0,0.0,0.0,0.0,0.0,0.0,0.0,0.0,0.0,0.0,0.0,0.0,0.0,0.0,0.0,0.0,0.0,0.0,0.0,0.0,0.0,0.0,0.0,0.0,0.0,0.0,0.0,0.0,0.0,0.0,0.0,0.0,0.0,0.0,0.0
123_CT_5,0.0,0.0,0.0,0.0,0.0,0.0,0.0,0.0,0.0,0.0,0.0,0.0,0.0,0.0,0.0,0.0,0.0,0.0,0.0,0.0,0.0,0.0,0.0,0.0,0.0,0.0,0.0,0.0,0.0,0.0,0.0,55.0,0.0,0.0,0.0,0.0
123_STEAM_2,62.0,62.0,62.0,62.0,62.0,62.0,62.0,155.0,155.0,155.0,155.0,155.0,155.0,155.0,155.0,155.0,155.0,155.0,155.0,155.0,155.0,155.0,155.0,62.0,62.0,62.0,62.0,105.2919471426143,155.0,155.0,155.0,155.0,155.0,155.0,155.0,155.0
123_STEAM_3,140.0,140.0,140.0,140.0,140.0,140.0,197.20765323390646,350.0,350.0,350.0,350.0,350.0,350.0,350.0,350.0,350.0,350.0,350.0,350.0,350.0,350.0,350.0,350.0,140.0,140.0,140.0,140.0,350.0,350.0,350.0,350.0,350.0,350.0,350.0,350.0,350.0
201_CT_1,0.0,0.0,0.0,0.0,0.0,0.0,0.0,0.0,0.0,0.0,0.0,0.0,0.0,0.0,0.0,8.0,0.0,0.0,0.0,0.0,8.0,0.0,0.0,0.0,0.0,0.0,0.0,0.0,0.0,0.0,0.0,0.0,0.0,0.0,0.0,0.0
201_CT_2,0.0,0.0,0.0,0.0,0.0,0.0,0.0,0.0,0.0,0.0,0.0,0.0,0.0,0.0,0.0,8.0,0.0,0.0,0.0,0.0,0.0,0.0,0.0,0.0,0.0,0.0,0.0,0.0,0.0,0.0,0.0,0.0,0.0,0.0,0.0,0.0
201_STEAM_3,30.0,30.0,30.0,30.0,30.0,30.0,30.0,30.0,76.0,76.0,76.0,76.0,76.0,76.0,76.0,76.0,76.0,76.0,76.0,76.0,76.0,76.0,30.0,30.0,30.0,30.0,30.0,30.0,76.0,76.0,76.0,76.0,76.0,76.0,76.0,76.0
202_CT_1,0.0,0.0,0.0,0.0,0.0,0.0,0.0,0.0,0.0,0.0,0.0,0.0,0.0,0.0,0.0,8.0,0.0,0.0,20.0,0.0,8.0,0.0,0.0,0.0,0.0,0.0,0.0,0.0,0.0,0.0,0.0,0.0,0.0,0.0,0.0,0.0
202_CT_2,0.0,0.0,0.0,0.0,0.0,0.0,0.0,0.0,0.0,0.0,0.0,0.0,0.0,0.0,8.0,8.0,0.0,0.0,20.0,0.0,0.0,0.0,0.0,0.0,0.0,0.0,0.0,0.0,0.0,0.0,0.0,16.60350038761686,0.0,8.0,0.0,0.0
202_STEAM_3,30.0,30.0,30.0,30.0,30.0,30.0,30.0,36.90516140484333,76.0,76.0,76.0,76.0,76.0,76.0,76.0,76.0,76.0,76.0,76.0,76.0,76.0,76.0,30.0,30.0,30.0,30.0,30.0,30.0,76.0,76.0,76.0,76.0,76.0,76.0,76.0,76.0
202_STEAM_4,30.0,30.0,30.0,30.0,30.0,30.0,30.0,76.0,76.0,76.0,76.0,76.0,76.0,76.0,76.0,76.0,76.0,76.0,76.0,76.0,76.0,76.0,62.80716115466201,30.0,30.0,30.0,30.0,30.0,76.0,76.0,76.0,76.0,76.0,76.0,76.0,76.0
207_CT_1,0.0,0.0,0.0,0.0,0.0,0.0,0.0,0.0,0.0,0.0,0.0,0.0,0.0,0.0,0.0,0.0,0.0,0.0,0.0,0.0,0.0,0.0,0.0,0.0,0.0,0.0,0.0,0.0,0.0,0.0,0.0,0.0,0.0,0.0,0.0,0.0
207_CT_2,0.0,0.0,0.0,0.0,0.0,0.0,0.0,0.0,0.0,0.0,0.0,0.0,0.0,0.0,0.0,0.0,0.0,0.0,0.0,0.0,0.0,0.0,0.0,0.0,0.0,0.0,0.0,0.0,0.0,0.0,0.0,0.0,0.0,0.0,0.0,0.0
212_CSP_1,200.0,195.52839147318645,200.0,199.99999999907217,200.0,200.0,200.0,200.0,200.0,200.0,200.0,200.0,200.0,200.0,200.0,200.0,200.0,200.0,200.0,200.0,200.0,200.0,200.0,200.0,200.0,200.0,200.0,200.0,200.0,200.0,200.0,200.0,200.0,200.0,200.0,200.0
213_CC_3,0.0,0.0,0.0,0.0,0.0,0.0,0.0,0.0,0.0,0.0,248.4,355.0,355.0,355.0,355.0,355.0,345.2259028998192,355.0,355.0,248.4,0.0,0.0,0.0,0.0,0.0,0.0,0.0,0.0,0.0,188.1750207657755,355.0,355.0,355.0,341.7554383751647,170.0,0.0
213_CT_1,0.0,0.0,0.0,0.0,0.0,0.0,0.0,0.0,0.0,0.0,0.0,0.0,0.0,0.0,0.0,0.0,0.0,0.0,0.0,0.0,0.0,0.0,0.0,0.0,0.0,0.0,0.0,0.0,0.0,0.0,0.0,0.0,0.0,0.0,0.0,0.0
213_CT_2,0.0,0.0,0.0,0.0,0.0,0.0,0.0,0.0,0.0,0.0,0.0,0.0,0.0,0.0,0.0,0.0,0.0,0.0,0.0,0.0,0.0,0.0,0.0,0.0,0.0,0.0,0.0,0.0,0.0,0.0,0.0,0.0,0.0,0.0,0.0,0.0
215_CT_4,0.0,0.0,0.0,0.0,0.0,0.0,0.0,0.0,0.0,0.0,0.0,0.0,0.0,0.0,0.0,0.0,0.0,0.0,0.0,0.0,0.0,0.0,0.0,0.0,0.0,0.0,0.0,0.0,0.0,0.0,0.0,0.0,0.0,0.0,0.0,0.0
215_CT_5,0.0,0.0,0.0,0.0,0.0,0.0,0.0,0.0,0.0,0.0,0.0,0.0,0.0,0.0,0.0,0.0,0.0,0.0,0.0,0.0,0.0,0.0,0.0,0.0,0.0,0.0,0.0,0.0,0.0,0.0,0.0,0.0,0.0,0.0,0.0,0.0
216_STEAM_1,62.0,62.0,62.0,62.0,62.0,62.0,155.0,155.0,155.0,155.0,155.0,155.0,155.0,155.0,155.0,155.0,155.0,155.0,155.0,155.0,155.0,155.0,155.0,155.0,62.0,62.0,62.0,155.0,155.0,155.0,155.0,155.0,155.0,155.0,155.0,155.0
218_CC_1,0.0,0.0,0.0,0.0,0.0,0.0,0.0,0.0,0.0,0.0,248.4,355.0,355.0,355.0,355.0,355.0,355.0,248.4,0.0,0.0,0.0,0.0,0.0,0.0,0.0,0.0,0.0,0.0,0.0,355.0,355.0,355.0,355.0,0.0,0.0,0.0
221_CC_1,170.0,170.0,170.0,170.0,170.0,170.0,170.0,170.0,197.53412168519978,355.0,355.0,355.0,355.0,355.0,355.0,355.0,355.0,355.0,355.0,355.0,355.0,170.0,170.0,170.0,170.0,170.0,170.0,170.0,188.0372452878881,355.0,355.0,355.0,355.0,355.0,222.5050596775501,0.0
223_CT_4,0.0,0.0,0.0,0.0,0.0,0.0,0.0,0.0,0.0,0.0,0.0,0.0,0.0,0.0,0.0,0.0,0.0,0.0,0.0,0.0,0.0,0.0,0.0,0.0,0.0,0.0,0.0,0.0,0.0,0.0,0.0,0.0,0.0,0.0,0.0,0.0
223_CT_5,0.0,0.0,0.0,0.0,0.0,0.0,0.0,0.0,0.0,0.0,0.0,0.0,0.0,0.0,0.0,0.0,0.0,0.0,0.0,0.0,0.0,0.0,0.0,0.0,0.0,0.0,0.0,0.0,0.0,0.0,0.0,0.0,0.0,0.0,0.0,0.0
223_CT_6,0.0,0.0,0.0,0.0,0.0,0.0,0.0,0.0,0.0,0.0,0.0,0.0,0.0,0.0,0.0,0.0,0.0,0.0,0.0,0.0,0.0,0.0,0.0,0.0,0.0,0.0,0.0,0.0,0.0,0.0,0.0,0.0,0.0,0.0,0.0,0.0
223_STEAM_1,104.37194160570982,62.0,62.0,62.0,62.0,62.0,155.0,155.0,155.0,155.0,155.0,155.0,155.0,155.0,155.0,155.0,155.0,155.0,155.0,155.0,155.0,155.0,155.0,155.0,155.0,147.17407868621092,95.24756601366994,155.0,155.0,155.0,155.0,155.0,155.0,155.0,155.0,155.0
223_STEAM_2,155.0,62.0,62.0,62.0,62.0,62.0,155.0,155.0,155.0,155.0,155.0,155.0,155.0,155.0,155.0,155.0,155.0,155.0,155.0,155.0,155.0,155.0,155.0,155.0,155.0,62.0,62.0,155.0,155.0,155.0,155.0,155.0,155.0,155.0,155.0,155.0
223_STEAM_3,140.0,140.0,140.0,140.0,140.0,140.0,140.0,350.0,350.0,350.0,350.0,350.0,350.0,350.0,350.0,350.0,350.0,350.0,350.0,350.0,350.0,350.0,350.0,243.23938942302755,140.0,140.0,140.0,350.0,350.0,350.0,350.0,350.0,350.0,350.0,350.0,350.0
301_CT_1,0.0,0.0,0.0,0.0,0.0,0.0,0.0,0.0,0.0,0.0,0.0,0.0,0.0,0.0,0.0,0.0,0.0,0.0,0.0,0.0,0.0,0.0,0.0,0.0,0.0,0.0,0.0,0.0,0.0,0.0,0.0,0.0,0.0,0.0,0.0,0.0
301_CT_2,0.0,0.0,0.0,0.0,0.0,0.0,0.0,0.0,0.0,0.0,0.0,0.0,0.0,0.0,0.0,8.0,0.0,0.0,0.0,0.0,0.0,0.0,0.0,0.0,0.0,0.0,0.0,0.0,0.0,0.0,0.0,0.0,0.0,0.0,0.0,0.0
301_CT_3,0.0,0.0,0.0,0.0,0.0,0.0,0.0,0.0,0.0,0.0,0.0,0.0,0.0,0.0,0.0,0.0,0.0,0.0,0.0,0.0,0.0,0.0,0.0,0.0,0.0,0.0,0.0,0.0,0.0,0.0,0.0,0.0,0.0,0.0,0.0,0.0
301_CT_4,0.0,0.0,0.0,0.0,0.0,0.0,0.0,0.0,0.0,0.0,0.0,0.0,0.0,0.0,0.0,0.0,0.0,0.0,0.0,0.0,0.0,0.0,0.0,0.0,0.0,0.0,0.0,0.0,0.0,0.0,0.0,0.0,0.0,0.0,0.0,0.0
302_CT_1,0.0,0.0,0.0,0.0,0.0,0.0,0.0,0.0,0.0,0.0,0.0,0.0,0.0,0.0,0.0,0.0,0.0,0.0,14.115880230315433,0.0,0.0,0.0,0.0,0.0,0.0,0.0,0.0,0.0,0.0,0.0,0.0,0.0,0.0,0.0,0.0,0.0
302_CT_2,0.0,0.0,0.0,0.0,0.0,0.0,0.0,0.0,0.0,0.0,0.0,0.0,0.0,0.0,0.0,0.0,0.0,0.0,8.0,0.0,0.0,0.0,0.0,0.0,0.0,0.0,0.0,0.0,0.0,0.0,0.0,0.0,0.0,0.0,0.0,0.0
302_CT_3,0.0,0.0,0.0,0.0,0.0,0.0,0.0,0.0,0.0,0.0,0.0,0.0,0.0,0.0,0.0,0.0,0.0,0.0,0.0,0.0,0.0,0.0,0.0,0.0,0.0,0.0,0.0,0.0,0.0,0.0,0.0,0.0,0.0,0.0,0.0,0.0
302_CT_4,0.0,0.0,0.0,0.0,0.0,0.0,0.0,0.0,0.0,0.0,0.0,0.0,0.0,0.0,0.0,0.0,0.0,0.0,0.0,0.0,0.0,0.0,0.0,0.0,0.0,0.0,0.0,0.0,0.0,0.0,0.0,0.0,0.0,0.0,0.0,0.0
303_WIND_1,547.6497749417035,547.9518316650983,539.9668220685788,538.4050550592258,543.3466232745695,571.6466205837435,559.5342579477335,544.2386635585341,511.48065185546875,356.44110107421875,313.4838562011719,314.57147216796875,324.49517822265625,334.38629150390625,353.9631652832031,385.0428466796875,403.5436706542969,407.4228820800781,437.13299560546875,474.3531188964844,524.5253295898438,553.2062524438909,553.3585617758015,563.5909608352688,549.4188883496095,542.7492126769961,569.0524318611806,544.5324545149565,556.2275848388672,518.9312016704469,500.9321444427571,518.6532696170418,531.0471233360564,494.38658519504907,566.3089022596787,560.4593654863085
307_CT_1,0.0,0.0,0.0,0.0,0.0,0.0,0.0,0.0,0.0,0.0,0.0,0.0,0.0,0.0,0.0,0.0,0.0,0.0,0.0,0.0,0.0,0.0,0.0,0.0,0.0,0.0,0.0,0.0,0.0,0.0,0.0,55.0,55.0,0.0,0.0,0.0
307_CT_2,0.0,0.0,0.0,0.0,0.0,0.0,0.0,0.0,0.0,0.0,0.0,0.0,0.0,0.0,0.0,0.0,0.0,0.0,0.0,0.0,0.0,0.0,0.0,0.0,0.0,0.0,0.0,0.0,0.0,0.0,55.0,55.0,55.0,0.0,0.0,0.0
309_WIND_1,124.62793731689453,124.30108642578125,121.2934799194336,115.98432922363281,108.4781494140625,99.3995590209961,89.23388671875,78.06929016113281,67.73255920410156,46.879791259765625,44.0899772644043,45.805057525634766,50.788917541503906,57.46614074707031,63.663299560546875,70.83959197998047,74.13316345214844,73.16699981689453,78.91297912597656,81.93839263916016,92.14865112304688,106.0692367553711,118.04660034179688,129.68014526367188,129.78461456298828,126.81410598754883,118.57714462280273,104.64848709106445,80.2075424194336,75.85721206665039,90.74107360839844,102.078369140625,94.47250366210938,85.08010864257812,103.5114860534668,118.63493347167969
313_CC_1,201.96037279926958,170.0,170.0,170.0,204.50554828988402,355.0,355.0,355.0,355.0,355.0,355.0,355.0,355.0,355.0,355.0,355.0,355.0,355.0,355.0,355.0,355.0,355.0,355.0,355.0,257.16060054035125,215.58532750712106,355.0,355.0,355.0,355.0,355.0,355.0,355.0,355.0,355.0,355.0
315_CT_6,0.0,0.0,0.0,0.0,0.0,0.0,0.0,0.0,0.0,0.0,0.0,0.0,0.0,0.0,55.0,55.0,22.0,0.0,0.0,0.0,0.0,0.0,0.0,0.0,0.0,0.0,0.0,0.0,0.0,0.0,0.0,0.0,0.0,0.0,0.0,0.0
315_CT_7,0.0,0.0,0.0,0.0,0.0,0.0,0.0,0.0,0.0,0.0,0.0,0.0,0.0,0.0,0.0,0.0,0.0,0.0,0.0,0.0,0.0,0.0,0.0,0.0,0.0,0.0,0.0,0.0,0.0,0.0,0.0,0.0,0.0,0.0,0.0,0.0
315_CT_8,0.0,0.0,0.0,0.0,0.0,0.0,0.0,0.0,0.0,0.0,0.0,0.0,0.0,0.0,55.0,55.0,55.0,55.0,55.0,0.0,0.0,0.0,0.0,0.0,0.0,0.0,0.0,0.0,0.0,0.0,0.0,0.0,0.0,0.0,0.0,0.0
315_STEAM_1,0.0,0.0,0.0,0.0,0.0,0.0,0.0,0.0,0.0,0.0,0.0,0.0,0.0,0.0,0.0,0.0,0.0,0.0,0.0,0.0,0.0,0.0,0.0,0.0,0.0,0.0,0.0,0.0,0.0,0.0,0.0,0.0,0.0,0.0,0.0,0.0
315_STEAM_2,0.0,0.0,0.0,0.0,0.0,0.0,0.0,0.0,0.0,0.0,0.0,0.0,0.0,0.0,0.0,0.0,0.0,0.0,0.0,0.0,0.0,0.0,0.0,0.0,0.0,0.0,0.0,0.0,0.0,0.0,0.0,0.0,0.0,0.0,0.0,0.0
315_STEAM_3,0.0,0.0,0.0,0.0,0.0,0.0,0.0,0.0,0.0,0.0,0.0,0.0,0.0,0.0,0.0,0.0,0.0,0.0,0.0,0.0,0.0,0.0,0.0,0.0,0.0,0.0,0.0,0.0,0.0,0.0,0.0,0.0,0.0,0.0,0.0,0.0
315_STEAM_4,0.0,0.0,0.0,0.0,0.0,0.0,0.0,0.0,0.0,0.0,0.0,0.0,0.0,0.0,0.0,0.0,0.0,0.0,0.0,0.0,0.0,0.0,0.0,0.0,0.0,0.0,0.0,0.0,0.0,0.0,0.0,0.0,0.0,0.0,0.0,0.0
315_STEAM_5,0.0,0.0,0.0,0.0,0.0,0.0,0.0,0.0,0.0,0.0,0.0,0.0,0.0,0.0,0.0,0.0,0.0,0.0,0.0,0.0,0.0,0.0,0.0,0.0,0.0,0.0,0.0,0.0,0.0,0.0,0.0,0.0,0.0,0.0,0.0,0.0
316_STEAM_1,62.0,62.0,62.0,62.0,62.0,62.0,62.0,62.0,155.0,155.0,155.0,155.0,155.0,155.0,155.0,155.0,155.0,155.0,155.0,155.0,155.0,155.0,62.0,62.0,62.0,62.0,62.0,62.0,155.0,155.0,155.0,155.0,155.0,155.0,155.0,155.0
317_WIND_1,688.0550537109375,668.0948786175745,679.6448974609375,659.8468627929688,634.8544921875,600.8594360351562,550.5972290039062,484.45147705078125,408.1848449707031,274.80810546875,258.9436950683594,268.7961730957031,300.48980712890625,339.43731689453125,390.9498291015625,426.40643310546875,448.3737487792969,463.22308349609375,477.6709899902344,493.54150390625,554.520263671875,620.2589111328125,671.8935546875,714.125,715.846923828125,710.9881286621094,670.4594116210938,614.8556213378906,498.6781463623047,487.74073791503906,538.0114440917969,578.9486083984375,558.7264099121094,504.65313720703125,570.7325439453125,624.5414733886719
318_CC_1,0.0,0.0,0.0,0.0,0.0,0.0,0.0,0.0,0.0,191.9247569155338,204.7135550405752,322.63504828472264,355.0,355.0,355.0,355.0,355.0,248.4,0.0,0.0,0.0,0.0,0.0,0.0,0.0,0.0,0.0,0.0,0.0,0.0,170.0,355.0,170.0,170.0,0.0,0.0
321_CC_1,0.0,0.0,0.0,0.0,0.0,0.0,0.0,0.0,0.0,248.4,355.0,355.0,355.0,355.0,355.0,355.0,355.0,355.0,355.0,355.0,200.92950107165808,0.0,0.0,0.0,0.0,0.0,0.0,0.0,0.0,170.0,331.59927775119877,234.62910827073924,307.6810058834971,355.0,0.0,0.0
322_CT_5,0.0,0.0,0.0,0.0,0.0,0.0,0.0,0.0,0.0,0.0,0.0,0.0,0.0,0.0,0.0,0.0,0.0,0.0,0.0,0.0,0.0,0.0,0.0,0.0,0.0,0.0,0.0,0.0,0.0,0.0,0.0,0.0,0.0,0.0,0.0,0.0
322_CT_6,0.0,0.0,0.0,0.0,0.0,0.0,0.0,0.0,0.0,0.0,0.0,0.0,0.0,0.0,0.0,0.0,0.0,0.0,0.0,0.0,0.0,0.0,0.0,0.0,0.0,0.0,0.0,0.0,0.0,0.0,0.0,0.0,0.0,0.0,0.0,0.0
323_CC_1,170.0,170.0,170.0,170.0,170.0,170.0,170.0,170.0,170.0,355.0,170.0,170.0,355.0,355.0,355.0,229.1776035798162,170.0,258.1712004926053,170.0,291.3597910573113,340.76519767826767,170.0,170.0,170.0,170.0,170.0,170.0,170.0,355.0,355.0,355.0,355.0,355.0,355.0,355.0,170.0
323_CC_2,170.0,170.0,170.0,170.0,170.0,170.0,170.0,170.0,170.0,170.0,170.0,170.0,180.48422544552142,331.12928527522615,307.3740081773192,343.0956794787541,317.78963342199006,170.0,273.0779318855958,170.0,170.0,354.9738466654617,170.0,170.0,170.0,170.0,170.0,170.0,299.36283939246476,355.0,355.0,355.0,355.0,350.8946806288835,355.0,173.94671154698943
