time,2020-07-15 00:00:00,2020-07-15 00:00:00,2020-07-15 00:00:00,2020-07-15 00:00:00,2020-07-15 01:00:00,2020-07-15 01:00:00,2020-07-15 01:00:00,2020-07-15 01:00:00,2020-07-15 02:00:00,2020-07-15 02:00:00,2020-07-15 02:00:00,2020-07-15 02:00:00,2020-07-15 03:00:00,2020-07-15 03:00:00,2020-07-15 03:00:00,2020-07-15 03:00:00,2020-07-15 04:00:00,2020-07-15 04:00:00,2020-07-15 04:00:00,2020-07-15 04:00:00,2020-07-15 05:00:00,2020-07-15 05:00:00,2020-07-15 05:00:00,2020-07-15 05:00:00
k,0,1,2,3,0,1,2,3,0,1,2,3,0,1,2,3,0,1,2,3,0,1,2,3
101_CT_1,0.0,0.0,0.0,0.0,0.0003617011629725294,0.0,0.00010643043394121081,0.0001768422377037175,0.0,0.0,0.0,0.0,0.0,0.0,0.00013577475764009467,0.0,0.0006694655869169375,0.0,0.00018598549314883029,0.00020064639640375375,0.0,2.1016783868565106e-05,0.0,0.0
101_CT_2,0.0,0.0,0.00019109073274728902,0.000466352893215306,0.0,1.3027396672509468e-05,0.0,0.0,0.0,0.0,9.739961584175238e-05,0.0,0.0,0.0,0.0,0.0,0.0,5.7231121838274436e-05,0.0,0.0,0.0,0.0,0.00015216126963675376,0.00013573297461668709
101_PV_1,0.0,0.0,0.0,0.0,0.0,0.0,0.0,0.0,0.0,0.0,0.0,0.0,0.0,0.0,0.0,0.0,0.0,0.0,0.0,0.0,0.0,0.0,0.0,0.0
101_PV_2,0.0,0.0,0.0,0.0,0.0,0.0,0.0,0.0,0.0,0.0,0.0,0.0,0.0,0.0,0.0,0.0,0.0,0.0,0.0,0.0,0.0,0.0,0.0,0.0
101_PV_3,0.0,0.0,0.0,0.0,0.0,0.0,0.0,0.0,0.0,0.0,0.0,0.0,0.0,0.0,0.0,0.0,0.0,0.0,0.0,0.0,0.0,0.0,0.0,0.0
101_PV_4,0.0,0.0,0.0,0.0,0.0,0.0,0.0,0.0,0.0,0.0,0.0,0.0,0.0,0.0,0.0,0.0,0.0,0.0,0.0,0.0,0.0,0.0,0.0,0.0
101_STEAM_3,2.480515292862976e-09,9.134032975373041e-08,2.8999828388272394e-09,7.134278225342875e-08,2.3029783576502293e-09,9.526400594375947e-08,3.178470515539192e-09,7.441068896342218e-08,2.3654478343308612e-09,9.790095287409934e-08,3.2413377824352163e-09,7.646966683044963e-08,2.387547355906938e-09,9.878520406801495e-08,3.308494616272815e-09,7.716057399610124e-08,2.3953083694906346e-09,9.870927277452352e-08,3.4009962074791133e-09,7.710140861797267e-08,2.4082339222875127e-09,9.932969735923389e-08,3.3942472378163102e-09,7.758635828128992e-08
101_STEAM_4,0.00572527482033873,0.00011751286099075139,0.0,0.0,0.0,0.0,0.0,0.0,0.00022337062861544954,-1.5184616972089205e-06,0.0,0.00012502405577775004,0.0003116679875555674,9.336634410831799e-06,0.0,0.0001543004676799225,0.0,0.0,0.0,0.0,0.0003533771242458913,0.0,0.0,0.0
102_CT_1,-0.16122493908863972,0.0,6.952376631253563e-06,0.0,0.0,0.0,0.0011044703344771957,0.0,-0.005316425542825737,0.0,0.0,0.0,-0.008969540880633883,-8.851133055892104e-05,-0.00035653582222609895,0.0,-0.022148565207654042,-0.0025191987565838622,0.0,-0.006604119072124368,-0.011865140398823004,0.0,0.0,-0.00404865839564497
102_CT_2,0.0,-0.005013334202179119,0.0,-0.011243232814560241,-0.009426276770153489,-0.0006521260242559194,0.0,-0.004961032728536969,0.0,0.0003855909973971647,0.0012571860750911499,-0.0031345219925994236,0.0,0.0,0.0,-0.004519341594825085,0.0,0.0,-0.0023013533379712924,0.0,0.0,-0.0006856051180294468,-0.0016177890184889412,0.0
102_PV_1,0.0,0.0,0.0,0.0,0.0,0.0,0.0,0.0,0.0,0.0,0.0,0.0,0.0,0.0,0.0,0.0,0.0,0.0,0.0,0.0,0.0,0.0,0.0,0.0
102_PV_2,0.0,0.0,0.0,0.0,0.0,0.0,0.0,0.0,0.0,0.0,0.0,0.0,0.0,0.0,0.0,0.0,0.0,0.0,0.0,0.0,0.0,0.0,0.0,0.0
102_STEAM_3,-1.8285385362698935e-07,-3.93957131735553e-07,-1.2449129931391046e-08,-3.287505087655983e-07,-2.4664546467222945e-07,-5.327932176997777e-07,-1.792801667779898e-08,-4.446262296008319e-07,-2.945477776606468e-07,-6.362853657167691e-07,-2.160180921263437e-08,-5.309891675184392e-07,-3.2360265093261715e-07,-6.99028994072249e-07,-2.3955039788563e-08,-5.833511945060397e-07,-3.399078319617289e-07,-7.340622193736931e-07,-2.5559213506348622e-08,-6.125878098984674e-07,-3.661774101791981e-07,-7.908825303745565e-07,-2.780687419344241e-08,-6.600050947176683e-07
102_STEAM_4,-1.8285385362697768e-07,-3.9395713173552713e-07,-1.2449129931389947e-08,-3.287505087655776e-07,-2.4664546467221875e-07,-5.32793217699755e-07,-1.7928016677799803e-08,-4.4462622960081313e-07,-2.9454777766063597e-07,-6.362853657167447e-07,-2.160180921264026e-08,-5.309891675184193e-07,-3.236026509326054e-07,-6.990289940722227e-07,-2.395503978855718e-08,-5.833511945060188e-07,-3.3990783196172507e-07,-7.340622193736843e-07,-2.555921350635247e-08,-6.125878098984595e-07,-3.661774101791753e-07,-7.90882530374505e-07,-2.7806874193448996e-08,-6.600050947176261e-07
103_PV_1,0.0,0.0,0.0,0.0,0.0,0.0,0.0,0.0,0.0,0.0,0.0,0.0,0.0,0.0,0.0,0.0,0.0,0.0,0.0,0.0,0.0,0.0,0.0,0.0
104_PV_1,0.0,0.0,0.0,0.0,0.0,0.0,0.0,0.0,0.0,0.0,0.0,0.0,0.0,0.0,0.0,0.0,0.0,0.0,0.0,0.0,0.0,0.0,0.0,0.0
107_CC_1,-0.0727303869143786,0.007127493029249795,-0.004088910402673112,-0.0016978075189636433,-0.003675803547516561,0.002961660807346666,-0.0018393323127993556,-0.0011454376217668555,-0.0013385261716917741,0.0019515840733506495,-0.001348591316028418,-0.0009757633705992735,-0.0012620743462004311,0.0019070196054424156,-0.0012582156949374067,-0.0008322860553652874,-0.002969719559939548,0.002572751213436687,-0.0014729214458078987,-0.000604013188871619,-0.0007667955546180552,0.001884200763685322,-0.001161301743384937,-0.0011202727764024493
113_CT_1,0.0,0.0,0.0,-0.009140496762517162,0.0,0.0,0.0,0.0,8.355388200205786e-05,0.0,-0.0023192517574939387,0.0,-0.0010650279082427385,0.0,0.0,0.0,-0.004520150595279777,0.0,0.0,0.0,0.0,0.0,0.0,0.0
113_CT_2,-0.1571763513018791,0.005481400559890359,0.0,0.0,-0.0006474075879036471,0.0,0.0,-0.0018570820646980329,0.0,0.0,0.0,0.0,0.0,0.0,0.0,0.0,0.0,0.0,0.0,-0.0024687388761372763,0.0,0.0,-0.0028730131767131053,0.0
113_CT_3,0.0,0.0,-0.008568838934605454,0.0,0.0,0.0,-0.0028021702341294906,0.0,0.0,0.0,0.0,0.0,0.0,0.0,-0.003067190754258048,0.0,0.0,0.001959962274209097,-0.004343535155305827,0.0,-0.0008022032183101004,0.001063729284989142,0.0,0.0
113_CT_4,0.0,0.0,0.0,0.0,0.0,0.0014604499522725615,0.0,0.0,0.0,0.0008405266547590136,0.0,-0.001373778026736254,0.0,0.001078675710776594,0.0,-0.0018616077477695502,0.0,0.0,0.0,0.0,0.0,0.0,0.0,-0.0018201110587539098
113_PV_1,0.0,0.0,0.0,0.0,0.0,0.0,0.0,0.0,0.0,0.0,0.0,0.0,0.0,0.0,0.0,0.0,0.0,0.0,0.0,0.0,0.0,0.0,0.0,0.0
115_STEAM_1,0.0,-0.03605051761823796,0.0,0.00807392932082528,0.015662280221197658,0.0,0.011611351230867518,0.0,-0.035220097060347184,-0.014912886388797078,0.0,0.0,-0.032694190271255585,0.0,0.008649680729791347,0.0066704775336549485,0.0341240269446316,0.0,0.0,0.006136239233382856,-0.04446775337901183,-0.016624160668345253,0.0,0.0
115_STEAM_2,0.2500798697778875,0.0,0.019093302237008794,0.0,0.0,-0.021203860098939323,0.0,0.008064069039383661,0.0,0.0,0.008481552352034552,0.006913357847757798,0.0,-0.015678934301026317,0.0,0.0,0.0,-0.023641844378365837,0.012075341882198222,0.0,0.0,0.0,0.008803790836862807,0.009478688011790573
115_STEAM_3,-5.485661847919885e-07,-1.988812013332731e-07,-8.445089250415786e-09,-1.776003918463618e-07,-9.792227203365083e-07,-3.5513574071174447e-07,-1.4839418518891277e-08,-3.171303809829757e-07,-1.327409151871793e-06,-4.812900237126924e-07,-2.0165248141670627e-08,-4.297978570642476e-07,-1.5426552910134528e-06,-5.592421707499196e-07,-2.3481474926814083e-08,-4.994197256819784e-07,-1.6689956428737106e-06,-6.049967571079607e-07,-2.5474493612488332e-08,-5.40275747137485e-07,-1.8891520175341313e-06,-6.84825109272848e-07,-2.8698574969892414e-08,-6.115750099026848e-07
116_STEAM_1,-0.8469982919464482,0.025632597379015,-0.017109746619245067,-0.010633158213830695,-0.17453078649342182,0.007662842132785215,-0.0061854309782240855,-0.0044872586172743974,-0.13798078996866867,0.005076125837882118,-0.004844581634405377,-0.0036987242369199433,-0.14992946473993563,0.005521411673326277,-0.0050392224933335766,-0.0036877443507658102,-0.2420925117323614,0.009227163607963187,-0.00683350616149417,-0.0037648955806553574,-0.15414307928553495,0.006329504449942195,-0.005317542733780641,-0.0048654987592322615
118_CC_1,-1.415577145868606,-0.05646613393785963,0.03637259419025604,0.02256084297092101,-0.5879460831521961,-0.036873027917126676,0.02524233887247667,0.019005234399453456,-0.5646971292985757,-0.02452921458747183,0.018614642279402613,0.015235381987636038,-0.5944384359749596,-0.02573985690342787,0.01919645497709541,0.015005874617364141,-0.6879240015817152,-0.038405244341681355,0.02523761546663815,0.014405804401464203,-0.6306347545705744,-0.027154717663129595,0.01929048540090743,0.019311740857692574
118_RTPV_1,0.0,0.0,0.0,0.0,0.0,0.0,0.0,0.0,0.0,0.0,0.0,0.0,0.0,0.0,0.0,0.0,0.0,0.0,0.0,0.0,0.0,0.0,0.0,0.0
118_RTPV_10,0.0,0.0,0.0,0.0,0.0,0.0,0.0,0.0,0.0,0.0,0.0,0.0,0.0,0.0,0.0,0.0,0.0,0.0,0.0,0.0,0.0,0.0,0.0,0.0
118_RTPV_2,0.0,0.0,0.0,0.0,0.0,0.0,0.0,0.0,0.0,0.0,0.0,0.0,0.0,0.0,0.0,0.0,0.0,0.0,0.0,0.0,0.0,0.0,0.0,0.0
118_RTPV_3,0.0,0.0,0.0,0.0,0.0,0.0,0.0,0.0,0.0,0.0,0.0,0.0,0.0,0.0,0.0,0.0,0.0,0.0,0.0,0.0,0.0,0.0,0.0,0.0
118_RTPV_4,0.0,0.0,0.0,0.0,0.0,0.0,0.0,0.0,0.0,0.0,0.0,0.0,0.0,0.0,0.0,0.0,0.0,0.0,0.0,0.0,0.0,0.0,0.0,0.0
118_RTPV_5,0.0,0.0,0.0,0.0,0.0,0.0,0.0,0.0,0.0,0.0,0.0,0.0,0.0,0.0,0.0,0.0,0.0,0.0,0.0,0.0,0.0,0.0,0.0,0.0
118_RTPV_6,0.0,0.0,0.0,0.0,0.0,0.0,0.0,0.0,0.0,0.0,0.0,0.0,0.0,0.0,0.0,0.0,0.0,0.0,0.0,0.0,0.0,0.0,0.0,0.0
118_RTPV_7,0.0,0.0,0.0,0.0,0.0,0.0,0.0,0.0,0.0,0.0,0.0,0.0,0.0,0.0,0.0,0.0,0.0,0.0,0.0,0.0,0.0,0.0,0.0,0.0
118_RTPV_8,0.0,0.0,0.0,0.0,0.0,0.0,0.0,0.0,0.0,0.0,0.0,0.0,0.0,0.0,0.0,0.0,0.0,0.0,0.0,0.0,0.0,0.0,0.0,0.0
118_RTPV_9,0.0,0.0,0.0,0.0,0.0,0.0,0.0,0.0,0.0,0.0,0.0,0.0,0.0,0.0,0.0,0.0,0.0,0.0,0.0,0.0,0.0,0.0,0.0,0.0
119_PV_1,0.0,0.0,0.0,0.0,0.0,0.0,0.0,0.0,0.0,0.0,0.0,0.0,0.0,0.0,0.0,0.0,0.0,0.0,0.0,0.0,0.0,0.0,0.0,0.0
121_NUCLEAR_1,-0.00015402606583808502,1.9510263793782545e-06,1.2648959894064236e-07,7.3649081030555466e-06,-0.00015909108640650937,1.1693347145361055e-06,-3.8988088637959355e-08,3.5187984022416585e-06,-0.00015278331910538042,1.1929870582396253e-06,-1.1330465506811877e-07,2.7553501158128597e-06,-0.00015524136683630477,1.185106439488683e-06,-1.3292225609403228e-07,2.799038819925746e-06,-0.00017070574555916679,1.1218518748148348e-06,-9.140016305396309e-08,3.3648761646057735e-06,-0.00013532938061557246,9.013425287335148e-07,-1.547688703286732e-07,2.6601454180828758e-06
122_HYDRO_1,0.0,0.0,0.0,0.0,0.0,0.0,0.0,0.0,0.0,0.0,0.0,0.0,0.0,0.0,0.0,0.0,0.0,0.0,0.0,0.0,0.0,0.0,0.0,0.0
122_HYDRO_2,0.0,0.0,0.0,0.0,0.0,0.0,0.0,0.0,0.0,0.0,0.0,0.0,0.0,0.0,0.0,0.0,0.0,0.0,0.0,0.0,0.0,0.0,0.0,0.0
122_HYDRO_3,0.0,0.0,0.0,0.0,0.0,0.0,0.0,0.0,0.0,0.0,0.0,0.0,0.0,0.0,0.0,0.0,0.0,0.0,0.0,0.0,0.0,0.0,0.0,0.0
122_HYDRO_4,0.0,0.0,0.0,0.0,0.0,0.0,0.0,0.0,0.0,0.0,0.0,0.0,0.0,0.0,0.0,0.0,0.0,0.0,0.0,0.0,0.0,0.0,0.0,0.0
122_HYDRO_5,0.0,0.0,0.0,0.0,0.0,0.0,0.0,0.0,0.0,0.0,0.0,0.0,0.0,0.0,0.0,0.0,0.0,0.0,0.0,0.0,0.0,0.0,0.0,0.0
122_HYDRO_6,0.0,0.0,0.0,0.0,0.0,0.0,0.0,0.0,0.0,0.0,0.0,0.0,0.0,0.0,0.0,0.0,0.0,0.0,0.0,0.0,0.0,0.0,0.0,0.0
122_WIND_1,0.6419634289300914,0.002879168960572591,-0.00165517069381814,-0.0007839744788889155,0.6526677693899083,0.0007292736263489492,-0.0004871952385895142,-0.00037143989705937984,0.7003804726364147,0.0002912109238679694,-0.00020954745423956976,-0.00017211119969297642,0.7339510107606939,0.00029618974732405424,-0.0001962447639606929,-0.0001414583915347659,0.7645867311924907,0.000626629559112152,-0.0003649496312801516,-0.0001734066864348197,0.7976935290694415,0.00020409876661420226,-0.00012387923799886866,-9.297731889380111e-05
123_CT_1,-0.7976102147497546,0.0,-0.042604824783536305,0.0,-0.05207929121268745,0.023368312503150728,0.0,0.0,0.0,0.015583489867711818,0.0,0.0,0.0,0.0,0.0,0.0,0.0,0.0,0.0,0.0,-0.023878636515912044,0.0,0.0,0.0
123_CT_4,0.0,0.0,0.0,-0.026671838711938966,0.0,0.0,-0.018174696681435298,0.0,-0.025118659378673216,0.0,0.0,-0.011185361235574546,0.0,0.0,-0.01418279006065417,0.0,-0.061005470959521836,0.024746897288759225,0.0,0.0,0.0,0.0,-0.01428954151968047,0.0
123_CT_5,0.0,0.06510961652024293,0.0,0.0,0.0,0.0,0.0,-0.013703482825482206,0.0,0.0,0.0,0.0,0.0,0.016353103630951705,0.0,0.0,0.0,0.0,-0.017978564838629488,0.0,0.0,0.01763387033522224,0.0,-0.013738121178136432
123_STEAM_2,-1.0462778310845761e-07,-5.267700048816867e-08,-2.4087757931508866e-09,-4.8043662682465386e-08,-2.2445269761159272e-07,-1.1415057821996068e-07,-4.530561446365548e-09,-1.0405999976154059e-07,-3.1321678630939973e-07,-1.5934579069429463e-07,-6.06311013266135e-09,-1.4523866028413848e-07,-3.6325193547736464e-07,-1.8482865425621006e-07,-6.9857646821307844e-09,-1.6845759278003586e-07,-3.912899601794172e-07,-1.9915217700610805e-07,-7.726514514568907e-09,-1.815147563612769e-07,-4.5710495273348336e-07,-2.325635289957713e-07,-8.737452560274396e-09,-2.1195503707966707e-07
123_STEAM_3,0.0,0.0,0.0,0.0,0.0,0.0,0.0,0.0,0.0,0.0,-0.013996234658930178,0.0,-0.027340062286347843,0.0,0.0,-0.01086441363450635,0.0,0.0,0.0,-0.010308605863981567,0.0,0.0,0.0,0.0
201_CT_1,0.026223672802627076,0.0,0.0,0.0014090282460024366,0.0,0.0,0.0,0.0,0.0,-0.00018094477648268975,0.0,0.0,0.0008897668407233646,0.0,0.0,0.0,0.0019543948723790006,-0.00015063717014779414,0.0005755704248508632,0.0,0.0,0.0,0.0,0.0
201_CT_2,0.0,-0.0008162259299934838,0.0,0.0,0.0013139531771328688,-0.00027205890941702166,0.0004507462484304553,0.0005560849047032056,0.0006870305048950284,0.0,0.0003655663304272462,0.0,0.0,-0.00016669043860560514,0.0,0.0,0.0,0.0,0.0,0.0005421161720439755,0.0,0.0,0.0,0.0
201_HYDRO_4,0.0,0.0,0.0,0.0,0.0,0.0,0.0,0.0,0.0,0.0,0.0,0.0,0.0,0.0,0.0,0.0,0.0,0.0,0.0,0.0,0.0,0.0,0.0,0.0
201_STEAM_3,0.0,0.0,0.0010697289425146612,0.0,0.0,0.0,0.0,0.0,0.0,0.0,0.0,0.0004074394706423419,0.0,0.0,0.0004444222398732634,0.0004624441043747255,0.0,0.0,0.0,0.0,0.0009245944904074117,-0.00014496852963285468,0.000468726248305257,0.0004536980340719554
202_CT_1,0.0,0.0,0.0,0.0,-0.00048768388698956425,0.0008579254160321454,0.0,4.1175999646586826e-05,0.0,0.0,0.0,-2.6518480389033483e-05,0.0,0.0006330160663789897,0.0,0.0,-7.586490676141115e-05,0.0,0.0,0.0,0.0,0.0,0.0,0.0
202_CT_2,0.0,0.0,-0.0007832646229873282,0.0,0.0,0.0,0.0,0.0,0.0,0.0,0.0,0.0,0.0,0.0,0.0,0.0,0.0,0.0,0.0,0.0,0.0,0.0,-5.616837091908508e-05,0.0
202_STEAM_3,0.0,0.0,0.0,0.0,0.0,0.0,-0.00025280517442610696,0.0,-8.014144695903203e-05,0.0,0.0,0.0,6.241747203675506e-05,0.0,0.0,4.886000678724375e-05,0.0,0.0010419993982987378,0.0,0.00017082171865788926,0.0,0.0,0.0,-0.00010845308385051968
202_STEAM_4,-0.007982533100565726,0.002370783690266806,0.0,0.0004365816485050843,0.0,0.0,0.0,0.0,0.0,0.0005836091133502569,-0.00015357364572345425,0.0,0.0,0.0,-7.560657297811714e-05,0.0,0.0,0.0,-0.00010484143125646777,0.0,0.00025275661049008386,0.0007104123129113963,0.0,0.0
207_CT_1,-0.0019916410799161936,0.0013096974507792259,0.0,0.0,0.0,0.0004553269638195714,-0.00022378074958787848,0.0,0.0,0.00030508264266666574,-0.00017786063178361415,3.4210669309969826e-05,0.0,0.0003461832038128351,0.0,0.0,0.0,0.0006266595600978847,-0.00013912541321097616,0.00017350596374752285,0.00021816021104463626,0.0,0.0,0.0
207_CT_2,0.0,0.0,-0.00048446066433016096,0.00044898218287424955,-0.00018229878531955104,0.0,0.0,0.00010162880930816689,-1.8946346798088633e-05,0.0,0.0,0.0,9.079605299704617e-05,0.0,-0.00012374469873215543,8.695949987891102e-05,0.00011048940340614785,0.0,0.0,0.0,0.0,0.0003933248057991055,-0.00011292283827395801,-1.5270695179668406e-05
212_CSP_1,-1.5930252539788862e-06,-1.256117214590937e-06,-7.099400423325242e-06,-1.0327656703109341e-07,-9.504972043720735e-06,-3.214509433245912e-06,-3.67623121445579e-05,-2.9480511053408012e-08,-1.1644425651246497e-05,-3.0819211354264203e-06,-4.407211466016663e-05,-2.6017150328349333e-07,-1.2256228288583176e-05,-3.0607235638991456e-06,-4.2222918115155154e-05,-3.872102486810016e-07,-1.2622727216426651e-05,-2.9443874532244322e-06,-3.572525967440664e-05,-3.1976921263467486e-07,-1.2839761109565365e-05,-3.874461668157668e-06,-4.16294238944411e-05,-1.793840994326182e-06
213_CC_3,-0.1870498066194847,0.0,-0.010658484285673588,-0.0039626461879973445,-0.01301376250162793,0.008719740457426461,0.0,0.0,-0.006015683492342188,0.0,0.0,-0.0030303582076541317,0.0,0.0,-0.0036667550305486485,0.0,0.0,0.0,0.0,0.0,0.0,0.0,0.0,-0.00409514670685547
213_CT_1,0.0,0.0,0.0,0.0,0.0,0.0,-0.004837312356230848,-0.003199083868226248,0.0,0.0,0.0,0.0,-0.0062677278707646165,0.0,0.0,-0.002800362659417281,-0.01543285161978295,0.0,0.0,-0.0023799494973314973,-0.004861200175711846,0.0,-0.0036428623797471094,0.0
213_CT_2,0.0,0.020455622012796933,0.0,0.0,0.0,0.0,0.0,0.0,0.0,0.006290575079739837,-0.0037491995162873978,0.0,0.0,0.006693881750949294,0.0,0.0,0.0,0.01041044131689301,-0.004971288031282539,0.0,0.0,0.007206349945300072,0.0,0.0
213_RTPV_1,0.0,0.0,0.0,0.0,0.0,0.0,0.0,0.0,0.0,0.0,0.0,0.0,0.0,0.0,0.0,0.0,0.0,0.0,0.0,0.0,0.0,0.0,0.0,0.0
215_CT_4,0.0,-0.03826442806615737,0.0,0.0,0.0,0.0,0.0,0.0,0.012328309276513199,0.0,0.007614590099107004,0.006411829525402425,0.0,-0.010408404617857402,0.008175512737928109,0.006579427049170597,0.0,0.0,0.01105580707804693,0.006629383195276955,0.0,0.0,0.0083629261611764,0.0
215_CT_5,0.49771156770888536,0.0,0.024915613603616937,0.016595238890366053,0.026557411805194917,-0.014105941513001277,0.009961855815854086,0.007833066749268784,0.0,-0.009733425310855545,0.0,0.0,0.014248046345969097,0.0,0.0,0.0,0.034446179681151705,-0.015746867903582377,0.0,0.0,0.012543871391022343,-0.011140220113165936,0.0,0.008352653349897907
215_HYDRO_1,0.0,0.0,0.0,0.0,0.0,0.0,0.0,0.0,0.0,0.0,0.0,0.0,0.0,0.0,0.0,0.0,0.0,0.0,0.0,0.0,0.0,0.0,0.0,0.0
215_HYDRO_2,0.0,0.0,0.0,0.0,0.0,0.0,0.0,0.0,0.0,0.0,0.0,0.0,0.0,0.0,0.0,0.0,0.0,0.0,0.0,0.0,0.0,0.0,0.0,0.0
215_HYDRO_3,0.0,0.0,0.0,0.0,0.0,0.0,0.0,0.0,0.0,0.0,0.0,0.0,0.0,0.0,0.0,0.0,0.0,0.0,0.0,0.0,0.0,0.0,0.0,0.0
215_PV_1,0.0,0.0,0.0,0.0,0.0,0.0,0.0,0.0,0.0,0.0,0.0,0.0,0.0,0.0,0.0,0.0,0.0,0.0,0.0,0.0,0.0,0.0,0.0,0.0
216_STEAM_1,-9.389690318161583e-08,-1.5999311676360298e-06,-8.382246511978902e-06,-3.749234556311719e-08,-3.1707877861206653e-07,-2.347978407390876e-06,-1.5343326836871724e-05,8.13232717413817e-08,-6.39519454941222e-07,-2.7312222016404515e-06,-1.9643058932651797e-05,1.5881489962830814e-07,-1.0588372213987443e-06,-3.260462377351866e-06,-2.2541138216047124e-05,9.452042261602828e-08,-1.4419026717711964e-06,-4.2382691457479664e-06,-2.5696446985568394e-05,-7.052801231123086e-08,-1.8431503222180652e-06,-4.588959723384806e-06,-2.5570304734965622e-05,-8.170816179025194e-08
218_CC_1,0.222275241572202,-0.0170138959701916,0.0114658303403552,0.007775296565448803,0.016077146428749342,-0.007339889393213519,0.005560227756967609,0.004420450817499688,0.008165694843182985,-0.005153423489273715,0.004409529175727729,0.0036854169157636576,0.009286749614865654,-0.005511731383199542,0.004703597925218564,0.003764400037841567,0.021229864399917715,-0.008429392568968077,0.006296670920356287,0.0038177815442665694,0.008673251820116273,-0.00616091105423564,0.0050225728661780185,0.004895130609737467
221_CC_1,0.006689021055961876,0.0002875135125508097,0.00031591399568774116,0.000729063579139446,0.0011416644754262547,-0.00025438478621883783,0.0003935651743663238,0.0004603926673638915,0.0006930896769365341,-0.00021100700916766387,0.00034767900049642196,0.00036206824079967426,0.0008901217969259433,-0.0002137295741467327,0.00043085203018009634,0.0004179644022059483,0.001948533521634838,-0.0002762591168483832,0.0005984278711825356,0.0005021122613517403,0.0009851307163730545,-0.0002502272666665992,0.0004975514516749829,0.0004612073169018354
222_HYDRO_1,0.0,0.0,0.0,0.0,0.0,0.0,0.0,0.0,0.0,0.0,0.0,0.0,0.0,0.0,0.0,0.0,0.0,0.0,0.0,0.0,0.0,0.0,0.0,0.0
222_HYDRO_2,0.0,0.0,0.0,0.0,0.0,0.0,0.0,0.0,0.0,0.0,0.0,0.0,0.0,0.0,0.0,0.0,0.0,0.0,0.0,0.0,0.0,0.0,0.0,0.0
222_HYDRO_3,0.0,0.0,0.0,0.0,0.0,0.0,0.0,0.0,0.0,0.0,0.0,0.0,0.0,0.0,0.0,0.0,0.0,0.0,0.0,0.0,0.0,0.0,0.0,0.0
222_HYDRO_4,0.0,0.0,0.0,0.0,0.0,0.0,0.0,0.0,0.0,0.0,0.0,0.0,0.0,0.0,0.0,0.0,0.0,0.0,0.0,0.0,0.0,0.0,0.0,0.0
222_HYDRO_5,0.0,0.0,0.0,0.0,0.0,0.0,0.0,0.0,0.0,0.0,0.0,0.0,0.0,0.0,0.0,0.0,0.0,0.0,0.0,0.0,0.0,0.0,0.0,0.0
222_HYDRO_6,0.0,0.0,0.0,0.0,0.0,0.0,0.0,0.0,0.0,0.0,0.0,0.0,0.0,0.0,0.0,0.0,0.0,0.0,0.0,0.0,0.0,0.0,0.0,0.0
223_CT_4,0.0,0.0,0.0,0.0,0.0,0.0,0.007382933106816732,0.0,0.0,0.0,0.0,0.0,0.0008570223533768456,0.0,0.0,0.0,0.0,0.0,0.0,0.0,0.0,0.0,0.0,0.0
223_CT_5,0.674869817814736,-0.05752481258448156,0.0,0.0,0.0,0.0,0.0,0.0,0.0010535934278753446,-0.003110009423087359,0.0,0.0032429523495892225,0.0,0.0,0.0,0.0,0.0029700408062889945,-0.0022384228563700355,0.0,0.0,0.0009850282568535191,-0.003367874578534243,0.0,0.003973336635475414
223_CT_6,0.0,0.0,0.03644975821782827,0.0,0.015494884379910248,-0.009968762711057,0.0,0.0,0.0,0.0,0.00276608226470202,0.0,0.0,-0.0026234079217053335,0.002505762115000309,0.0029806785883377354,0.0,0.0,0.0,0.002797193947559276,0.0,0.0,0.0,0.0
223_STEAM_1,-1.3666485888131509e-08,-1.4586339470135158e-07,-2.4286476237787906e-09,-3.7193907133335315e-07,-3.238887488634362e-08,-3.232963630912506e-07,-6.209481991138873e-09,-8.245338108437184e-07,-4.5571810243847774e-08,-4.5501270598304025e-07,-8.667426822297869e-09,-1.1604862688053133e-06,-5.324137870977066e-08,-5.316271167980076e-07,-1.0006822472130344e-08,-1.355892346435315e-06,-5.79193525960411e-08,-5.779803720150431e-07,-1.064531147849767e-08,-1.474110213616058e-06,-6.813581440551444e-08,-6.803648332910728e-07,-1.2707887987065125e-08,-1.7352671370513711e-06
223_STEAM_2,-1.3666485888245283e-08,-1.458633947023911e-07,-2.428647623804068e-09,-3.719390713360062e-07,-3.238887488646509e-08,-3.232963630923244e-07,-6.2094819911741576e-09,-8.245338108464626e-07,-4.5571810244002874e-08,-4.5501270598434537e-07,-8.667426822235973e-09,-1.1604862688087203e-06,-5.324137870974387e-08,-5.316271167983401e-07,-1.0006822472238084e-08,-1.355892346436021e-06,-5.791935259624572e-08,-5.779803720185143e-07,-1.0645311478530116e-08,-1.4741102136248101e-06,-6.813581440580827e-08,-6.803648332945197e-07,-1.2707887986969324e-08,-1.7352671370600716e-06
223_STEAM_3,0.0,0.0,0.0,0.022892354508410935,0.0,0.0,0.0,0.0069682095044675384,0.0,0.0,0.0,0.0,0.0,0.0,0.0,0.0,0.0,0.0,0.0024064392058211685,0.0,0.0,0.0,0.002994079714756415,0.0
301_CT_1,0.0,0.0,0.0,0.0,0.0,0.0,0.0,0.00037688671754896447,0.00047452140941176707,0.0,0.0,0.0,0.0,-0.07829550608311538,-0.01286846531542874,0.0,0.0014755612247816876,0.0,0.009444278244506402,0.00042500395491612656,0.0,0.0,-0.003930191902769891,0.0
301_CT_2,0.011643947607218093,-0.1434427497760491,0.0,0.0015594432706549117,0.0008001471205430497,0.0,0.0030725648785641818,0.0,0.0,0.0,0.0,0.0,0.0006569318791651924,0.0,0.0,0.0,0.0,0.0,0.0,0.0,0.0007331163620525159,-0.0791945857315603,0.0,0.0
301_CT_3,0.0,0.0,0.07575368323845973,0.0,0.0,-0.08825097072219919,0.0,0.0,0.0,-0.07435886965408638,-0.013374166673408718,0.00024616077971951263,0.0,0.0,0.0,0.0,0.0,-0.10265751012080584,0.0,0.0,0.0,0.0,0.0,0.0
301_CT_4,0.0,0.0,0.0,0.0,0.0,0.0,0.0,0.0,0.0,0.0,0.0,0.0,0.0,0.0,0.0,0.00030537400354827666,0.0,0.0,0.0,0.0,0.0,0.0,0.0,0.00017039564080501685
302_CT_1,0.007915104287065095,0.0,0.0,0.0,0.0,-0.02662049234535049,-0.04852859174644872,0.00023096425466778882,0.0003692826076801142,0.0,0.0,0.00017107751559755315,0.0,0.0,0.0,0.0002369227943477253,0.0,0.0,-0.044701873890854886,0.0,0.0,0.0,0.0,0.0
302_CT_2,0.0,0.0,-0.0016893370001442778,0.0,0.0005586350038671807,0.0,0.0,0.0,0.0,0.0,0.0,0.0,0.0005518244580774828,0.0,0.0,0.0,0.001205617562714394,-0.03349962028141312,0.0,0.0,0.0006372770255090421,-0.01569588633698927,-0.05785522357248417,0.0
302_CT_3,0.0,-0.058645220908656204,0.0,0.0008059102348629378,0.0,0.0,0.0,0.0,0.0,0.0,0.0,0.0,0.0,-0.020897896210387276,-0.06008453530757995,0.0,0.0,0.0,0.0,0.00031867729936991293,0.0,0.0,0.0,0.0
302_CT_4,0.0,0.0,0.0,0.0,0.0,0.0,0.0,0.0,0.0,-0.018867251379869495,-0.06064135789248102,0.0,0.0,0.0,0.0,0.0,0.0,0.0,0.0,0.0,0.0,0.0,0.0,0.0002662579960587475
303_WIND_1,0.037717956962165976,0.5772845695518072,0.13312078395242422,0.006477179151766788,0.002640490337905618,0.40391798217833574,0.19764416865066312,0.0015336358231671232,0.0012693759344047093,0.35634290680267705,0.20187184139474323,0.0007121863108548723,0.0013851139289205966,0.36735421732881374,0.20124187375829083,0.0007123629604008542,0.0029203896275519134,0.44165676443685414,0.18983169751312312,0.0011904105421560042,0.0011110352859094658,0.4164771098776993,0.17032914765410812,-0.0006218740438659316
307_CT_1,0.0,0.16027251880072416,-0.12325176971902144,-0.0015178136365476263,-0.00016820580284976434,0.08301172035542001,0.0,-0.00011271013779255774,0.0,0.0,-0.09133610379385064,0.0,0.00016706375215876394,0.06548317724704156,0.0,0.0,0.0,0.09811990163020876,0.0,5.474350554505556e-06,0.0,0.053429024927695176,0.0,0.0
307_CT_2,-0.00588294965902283,0.0,0.0,0.0,0.0,0.0,-0.09750706404546376,0.0,5.221173685901469e-05,0.06049275167375919,0.0,1.5386972151002238e-05,0.0,0.0,-0.09485208789148743,6.606564129247726e-05,0.00015771177797261067,0.0,-0.10388597985376706,0.0,0.0003381006785602913,0.0,-0.09576151681632336,0.00033103375051606325
308_RTPV_1,0.0,0.0,0.0,0.0,0.0,0.0,0.0,0.0,0.0,0.0,0.0,0.0,0.0,0.0,0.0,0.0,0.0,0.0,0.0,0.0,0.0,0.0,0.0,0.0
309_WIND_1,-3.0196774782717086e-06,-8.50325585595543e-05,1.000327644098051,3.673970904790884e-07,-1.2366606329379975e-05,0.0007094434088504606,1.0005313108864649,-7.224653065752717e-06,-1.2917860802500411e-05,0.0009199296699847384,0.999520160152985,-6.682064317015873e-06,-1.3805263757914615e-05,0.0008899540543933878,0.9999076899462427,-6.406795624575684e-06,-1.4301461422423513e-05,0.0006484775226464083,1.0012041556046967,-5.630594630914765e-06,-1.3405496200409391e-05,0.000758040868835914,0.9990238639299709,-3.149305368795548e-06
310_PV_1,0.0,0.0,0.0,0.0,0.0,0.0,0.0,0.0,0.0,0.0,0.0,0.0,0.0,0.0,0.0,0.0,0.0,0.0,0.0,0.0,0.0,0.0,0.0,0.0
310_PV_2,0.0,0.0,0.0,0.0,0.0,0.0,0.0,0.0,0.0,0.0,0.0,0.0,0.0,0.0,0.0,0.0,0.0,0.0,0.0,0.0,0.0,0.0,0.0,0.0
312_PV_1,0.0,0.0,0.0,0.0,0.0,0.0,0.0,0.0,0.0,0.0,0.0,0.0,0.0,0.0,0.0,0.0,0.0,0.0,0.0,0.0,0.0,0.0,0.0,0.0
313_CC_1,-0.07383844482061727,1.7433512244750493,-1.6250666160045972,-0.014002026262413494,-0.007735129360619304,0.806533986311237,-1.073694202608416,-0.0032282294113497693,-0.0028374677087419577,0.5689232494097329,-0.9372876478941236,-0.0016235940661232225,-0.002834661955841896,0.6083626530933862,-0.9550039846791558,-0.0014735503612521212,-0.007964676813856795,0.9364268891119947,-1.1333992700331528,-0.0024343443265547778,-0.002026614805652401,0.6141298078754661,-0.9312190424777348,0.0010067082638071131
313_PV_1,0.0,0.0,0.0,0.0,0.0,0.0,0.0,0.0,0.0,0.0,0.0,0.0,0.0,0.0,0.0,0.0,0.0,0.0,0.0,0.0,0.0,0.0,0.0,0.0
313_PV_2,0.0,0.0,0.0,0.0,0.0,0.0,0.0,0.0,0.0,0.0,0.0,0.0,0.0,0.0,0.0,0.0,0.0,0.0,0.0,0.0,0.0,0.0,0.0,0.0
313_RTPV_1,0.0,0.0,0.0,0.0,0.0,0.0,0.0,0.0,0.0,0.0,0.0,0.0,0.0,0.0,0.0,0.0,0.0,0.0,0.0,0.0,0.0,0.0,0.0,0.0
313_RTPV_10,0.0,0.0,0.0,0.0,0.0,0.0,0.0,0.0,0.0,0.0,0.0,0.0,0.0,0.0,0.0,0.0,0.0,0.0,0.0,0.0,0.0,0.0,0.0,0.0
313_RTPV_11,0.0,0.0,0.0,0.0,0.0,0.0,0.0,0.0,0.0,0.0,0.0,0.0,0.0,0.0,0.0,0.0,0.0,0.0,0.0,0.0,0.0,0.0,0.0,0.0
313_RTPV_12,0.0,0.0,0.0,0.0,0.0,0.0,0.0,0.0,0.0,0.0,0.0,0.0,0.0,0.0,0.0,0.0,0.0,0.0,0.0,0.0,0.0,0.0,0.0,0.0
313_RTPV_13,0.0,0.0,0.0,0.0,0.0,0.0,0.0,0.0,0.0,0.0,0.0,0.0,0.0,0.0,0.0,0.0,0.0,0.0,0.0,0.0,0.0,0.0,0.0,0.0
313_RTPV_2,0.0,0.0,0.0,0.0,0.0,0.0,0.0,0.0,0.0,0.0,0.0,0.0,0.0,0.0,0.0,0.0,0.0,0.0,0.0,0.0,0.0,0.0,0.0,0.0
313_RTPV_3,0.0,0.0,0.0,0.0,0.0,0.0,0.0,0.0,0.0,0.0,0.0,0.0,0.0,0.0,0.0,0.0,0.0,0.0,0.0,0.0,0.0,0.0,0.0,0.0
313_RTPV_4,0.0,0.0,0.0,0.0,0.0,0.0,0.0,0.0,0.0,0.0,0.0,0.0,0.0,0.0,0.0,0.0,0.0,0.0,0.0,0.0,0.0,0.0,0.0,0.0
313_RTPV_5,0.0,0.0,0.0,0.0,0.0,0.0,0.0,0.0,0.0,0.0,0.0,0.0,0.0,0.0,0.0,0.0,0.0,0.0,0.0,0.0,0.0,0.0,0.0,0.0
313_RTPV_6,0.0,0.0,0.0,0.0,0.0,0.0,0.0,0.0,0.0,0.0,0.0,0.0,0.0,0.0,0.0,0.0,0.0,0.0,0.0,0.0,0.0,0.0,0.0,0.0
313_RTPV_7,0.0,0.0,0.0,0.0,0.0,0.0,0.0,0.0,0.0,0.0,0.0,0.0,0.0,0.0,0.0,0.0,0.0,0.0,0.0,0.0,0.0,0.0,0.0,0.0
313_RTPV_8,0.0,0.0,0.0,0.0,0.0,0.0,0.0,0.0,0.0,0.0,0.0,0.0,0.0,0.0,0.0,0.0,0.0,0.0,0.0,0.0,0.0,0.0,0.0,0.0
313_RTPV_9,0.0,0.0,0.0,0.0,0.0,0.0,0.0,0.0,0.0,0.0,0.0,0.0,0.0,0.0,0.0,0.0,0.0,0.0,0.0,0.0,0.0,0.0,0.0,0.0
314_PV_1,0.0,0.0,0.0,0.0,0.0,0.0,0.0,0.0,0.0,0.0,0.0,0.0,0.0,0.0,0.0,0.0,0.0,0.0,0.0,0.0,0.0,0.0,0.0,0.0
314_PV_2,0.0,0.0,0.0,0.0,0.0,0.0,0.0,0.0,0.0,0.0,0.0,0.0,0.0,0.0,0.0,0.0,0.0,0.0,0.0,0.0,0.0,0.0,0.0,0.0
314_PV_3,0.0,0.0,0.0,0.0,0.0,0.0,0.0,0.0,0.0,0.0,0.0,0.0,0.0,0.0,0.0,0.0,0.0,0.0,0.0,0.0,0.0,0.0,0.0,0.0
314_PV_4,0.0,0.0,0.0,0.0,0.0,0.0,0.0,0.0,0.0,0.0,0.0,0.0,0.0,0.0,0.0,0.0,0.0,0.0,0.0,0.0,0.0,0.0,0.0,0.0
315_CT_6,0.0,0.0,0.0,0.0,0.0,0.0,0.0,0.0,0.0,0.0,0.0,0.0,0.0,0.0,0.04866129199496264,0.010284548381271229,0.0,0.0,0.0,0.0,0.0,-0.6298823160649967,0.0,0.0
315_CT_7,0.0,0.0,0.0,0.0,0.0,0.0,0.0,0.0,0.0,0.0,0.036398519750768694,0.0,0.0,0.0,0.0,0.0,0.005060130741043155,0.0,0.0,0.0,0.0,0.0,0.0,0.0
315_CT_8,0.060464673691797706,0.0,0.42103377760978367,0.0,0.00293485659740477,0.0,0.0,0.03901698002705848,0.0,-0.5688446206552551,0.0,0.00990080116786303,0.001620040537471542,-0.5994061513175414,0.0,0.0,0.0,0.0,0.0,0.0,0.0,0.0,0.0,-0.04094141900624381
315_STEAM_1,0.0,0.0,0.0,0.0,0.0,-0.7516944015782636,0.11114796723967435,0.0,0.0,0.0,0.0,0.0,0.0,0.0,0.0,0.0,0.0,0.0,0.0,0.0,0.0,0.0,0.0,0.0
315_STEAM_2,0.0,0.0,0.0,0.0,0.0,0.0,0.0,0.0,0.0,0.0,0.0,0.0,0.0,0.0,0.0,0.0,0.0,0.0,0.15183912841906205,0.0,0.0,0.0,0.0,0.0
315_STEAM_3,0.0,0.0,0.0,0.0,0.0,0.0,0.0,0.0,0.001259973307889304,0.0,0.0,0.0,0.0,0.0,0.0,0.0,0.0,0.0,0.0,0.029159678658988695,0.0,0.0,0.0,0.0
315_STEAM_4,0.0,-1.3950269794669607,0.0,0.1892673039241285,0.0,0.0,0.0,0.0,0.0,0.0,0.0,0.0,0.0,0.0,0.0,0.0,0.0,-0.8601522799662419,0.0,0.0,0.0,0.0,0.051244700907553724,0.0
315_STEAM_5,0.0,0.0,0.0,0.0,0.0,0.0,0.0,0.0,0.0,0.0,0.0,0.0,0.0,0.0,0.0,0.0,0.0,0.0,0.0,0.0,0.0017184985253197618,0.0,0.0,0.0
316_STEAM_1,-0.28947737534352,-0.3627284226594502,0.05748865155474331,-0.2959693176827789,-0.024024849659570736,-0.22083210957538812,-0.010879521627919197,-0.314146697984554,-0.010892483130568158,-0.16664079792553646,-0.03302574806092889,-0.3160767356019388,-0.011578445688205803,-0.17532983509459174,-0.029183722964764652,-0.3188784445438444,-0.02532869464315093,-0.25106401189721866,0.0031051486519232006,-0.3044416533663369,-0.009867584047203351,-0.18931562705402855,-0.026839003056309662,-0.4151610960965815
317_WIND_1,4.678298538818485e-05,-2.0761831523544373e-05,2.822688068214388e-05,0.9969478574442666,-3.813168890656802e-05,0.00018894244852932633,-0.00012063959056753575,0.9826840901538608,-9.357637416642386e-05,0.0001563710523433784,-0.00012591037808603898,0.9628050506930689,-6.649664489399635e-05,0.00012705391376206113,-9.93679752007751e-05,0.9776159664289132,1.1889153133187867e-05,9.539116693530841e-05,-5.196464373717877e-05,0.9998580495110723,-4.726312580873504e-05,5.901347969586937e-05,-4.3231429925738964e-05,0.9897901701388429
318_CC_1,0.173504970613032,0.14190718919190126,-0.0787608316292809,1.048717424829099,0.03468297545617396,0.058209835089756946,-0.03661840285335637,0.4333829710392485,0.022173404198441108,0.03841065305807136,-0.02568748345699981,0.2650354622531097,0.024980156525492587,0.040157577532730734,-0.026257183156670666,0.24851456162640218,0.058504455000362686,0.05878088218391381,-0.03454854452752453,0.2752722869589848,0.02122425793575404,0.03876312183024764,-0.02396996770579969,0.20667148986475709
319_PV_1,0.0,0.0,0.0,0.0,0.0,0.0,0.0,0.0,0.0,0.0,0.0,0.0,0.0,0.0,0.0,0.0,0.0,0.0,0.0,0.0,0.0,0.0,0.0,0.0
320_PV_1,0.0,0.0,0.0,0.0,0.0,0.0,0.0,0.0,0.0,0.0,0.0,0.0,0.0,0.0,0.0,0.0,0.0,0.0,0.0,0.0,0.0,0.0,0.0,0.0
320_RTPV_1,0.0,0.0,0.0,0.0,0.0,0.0,0.0,0.0,0.0,0.0,0.0,0.0,0.0,0.0,0.0,0.0,0.0,0.0,0.0,0.0,0.0,0.0,0.0,0.0
320_RTPV_2,0.0,0.0,0.0,0.0,0.0,0.0,0.0,0.0,0.0,0.0,0.0,0.0,0.0,0.0,0.0,0.0,0.0,0.0,0.0,0.0,0.0,0.0,0.0,0.0
320_RTPV_3,0.0,0.0,0.0,0.0,0.0,0.0,0.0,0.0,0.0,0.0,0.0,0.0,0.0,0.0,0.0,0.0,0.0,0.0,0.0,0.0,0.0,0.0,0.0,0.0
320_RTPV_4,0.0,0.0,0.0,0.0,0.0,0.0,0.0,0.0,0.0,0.0,0.0,0.0,0.0,0.0,0.0,0.0,0.0,0.0,0.0,0.0,0.0,0.0,0.0,0.0
320_RTPV_5,0.0,0.0,0.0,0.0,0.0,0.0,0.0,0.0,0.0,0.0,0.0,0.0,0.0,0.0,0.0,0.0,0.0,0.0,0.0,0.0,0.0,0.0,0.0,0.0
320_RTPV_6,0.0,0.0,0.0,0.0,0.0,0.0,0.0,0.0,0.0,0.0,0.0,0.0,0.0,0.0,0.0,0.0,0.0,0.0,0.0,0.0,0.0,0.0,0.0,0.0
321_CC_1,-0.0330868253650416,0.13326382728620118,-0.07984056622893443,-0.8323404705942794,-0.0009750608848459684,0.06888320946648356,-0.04183237444360502,-0.00635346952642146,-0.0004690834860943698,0.04695315462916778,-0.031392762198098105,0.12942225917185526,-0.0004780745597711091,0.05008517182037991,-0.03274172105865236,0.13198028880104123,-0.0013752340227334763,0.07918874821621334,-0.04565497796281868,0.07765583760214449,-0.000454147689483301,0.051549820665266984,-0.03215251146878561,0.2080724868934862
322_CT_5,0.0,0.005586458182955253,-0.00258453253263207,-1.1084593051437892,-0.0020927938333203636,-0.003175886865637585,0.0,-1.1333936327152592,-0.0007244588325794318,0.0,0.0,0.0,-0.0006623863905352939,-0.0030461893694234336,0.002195773092781381,0.0,-0.0018322695433039388,0.0,0.002081881555215135,-1.072398704216132,0.0,0.0,0.0,0.0
322_CT_6,-0.01893607199249606,0.0,0.0,0.0,0.0,0.0,0.0019789937776011164,0.0,0.0,-0.0029797557282104634,0.0021172563930394847,-1.0478973122878725,0.0,0.0,0.0,-1.0456870363124986,0.0,-0.003305990313166486,0.0,0.0,-0.0002728917529160969,-0.005044667854982427,0.003501023484943085,-0.9456353912797743
322_HYDRO_1,0.0,0.0,0.0,0.0,0.0,0.0,0.0,0.0,0.0,0.0,0.0,0.0,0.0,0.0,0.0,0.0,0.0,0.0,0.0,0.0,0.0,0.0,0.0,0.0
322_HYDRO_2,0.0,0.0,0.0,0.0,0.0,0.0,0.0,0.0,0.0,0.0,0.0,0.0,0.0,0.0,0.0,0.0,0.0,0.0,0.0,0.0,0.0,0.0,0.0,0.0
322_HYDRO_3,0.0,0.0,0.0,0.0,0.0,0.0,0.0,0.0,0.0,0.0,0.0,0.0,0.0,0.0,0.0,0.0,0.0,0.0,0.0,0.0,0.0,0.0,0.0,0.0
322_HYDRO_4,0.0,0.0,0.0,0.0,0.0,0.0,0.0,0.0,0.0,0.0,0.0,0.0,0.0,0.0,0.0,0.0,0.0,0.0,0.0,0.0,0.0,0.0,0.0,0.0
323_CC_1,0.0,0.0,0.0,-0.00874673750783005,0.10631268879621905,0.0,-0.0321531946723894,0.0,0.0,-0.21397574120938712,-0.0641280719177578,0.0,0.04782287811500071,-0.2278835357909494,-0.057126320003378646,0.0,0.0,0.0,-0.015123836656790601,-0.01367511893694818,0.0,0.0,0.0,-0.021098538741783548
323_CC_2,1.4528914236405766,-0.721336533073765,0.17952919501746278,0.0,0.0,-0.28643328671979823,0.0,-0.017886586634253875,0.041769887792590915,0.0,0.0,-0.015523377632270225,0.0,0.0,0.0,-0.015132861642276374,0.14149645507121783,-0.3240901196084127,0.0,0.0,0.03586270927989348,-0.2259393563064113,-0.06865785090814935,0.0
324_PV_1,0.0,0.0,0.0,0.0,0.0,0.0,0.0,0.0,0.0,0.0,0.0,0.0,0.0,0.0,0.0,0.0,0.0,0.0,0.0,0.0,0.0,0.0,0.0,0.0
324_PV_2,0.0,0.0,0.0,0.0,0.0,0.0,0.0,0.0,0.0,0.0,0.0,0.0,0.0,0.0,0.0,0.0,0.0,0.0,0.0,0.0,0.0,0.0,0.0,0.0
324_PV_3,0.0,0.0,0.0,0.0,0.0,0.0,0.0,0.0,0.0,0.0,0.0,0.0,0.0,0.0,0.0,0.0,0.0,0.0,0.0,0.0,0.0,0.0,0.0,0.0
