time,2020-07-15 00:00:00,2020-07-15 00:00:00,2020-07-15 00:00:00,2020-07-15 00:00:00,2020-07-15 01:00:00,2020-07-15 01:00:00,2020-07-15 01:00:00,2020-07-15 01:00:00,2020-07-15 02:00:00,2020-07-15 02:00:00,2020-07-15 02:00:00,2020-07-15 02:00:00,2020-07-15 03:00:00,2020-07-15 03:00:00,2020-07-15 03:00:00,2020-07-15 03:00:00,2020-07-15 04:00:00,2020-07-15 04:00:00,2020-07-15 04:00:00,2020-07-15 04:00:00,2020-07-15 05:00:00,2020-07-15 05:00:00,2020-07-15 05:00:00,2020-07-15 05:00:00,2020-07-15 06:00:00,2020-07-15 06:00:00,2020-07-15 06:00:00,2020-07-15 06:00:00,2020-07-15 07:00:00,2020-07-15 07:00:00,2020-07-15 07:00:00,2020-07-15 07:00:00,2020-07-15 08:00:00,2020-07-15 08:00:00,2020-07-15 08:00:00,2020-07-15 08:00:00,2020-07-15 09:00:00,2020-07-15 09:00:00,2020-07-15 09:00:00,2020-07-15 09:00:00,2020-07-15 10:00:00,2020-07-15 10:00:00,2020-07-15 10:00:00,2020-07-15 10:00:00,2020-07-15 11:00:00,2020-07-15 11:00:00,2020-07-15 11:00:00,2020-07-15 11:00:00,2020-07-15 12:00:00,2020-07-15 12:00:00,2020-07-15 12:00:00,2020-07-15 12:00:00,2020-07-15 13:00:00,2020-07-15 13:00:00,2020-07-15 13:00:00,2020-07-15 13:00:00,2020-07-15 14:00:00,2020-07-15 14:00:00,2020-07-15 14:00:00,2020-07-15 14:00:00,2020-07-15 15:00:00,2020-07-15 15:00:00,2020-07-15 15:00:00,2020-07-15 15:00:00,2020-07-15 16:00:00,2020-07-15 16:00:00,2020-07-15 16:00:00,2020-07-15 16:00:00,2020-07-15 17:00:00,2020-07-15 17:00:00,2020-07-15 17:00:00,2020-07-15 17:00:00,2020-07-15 18:00:00,2020-07-15 18:00:00,2020-07-15 18:00:00,2020-07-15 18:00:00,2020-07-15 19:00:00,2020-07-15 19:00:00,2020-07-15 19:00:00,2020-07-15 19:00:00,2020-07-15 20:00:00,2020-07-15 20:00:00,2020-07-15 20:00:00,2020-07-15 20:00:00,2020-07-15 21:00:00,2020-07-15 21:00:00,2020-07-15 21:00:00,2020-07-15 21:00:00,2020-07-15 22:00:00,2020-07-15 22:00:00,2020-07-15 22:00:00,2020-07-15 22:00:00,2020-07-15 23:00:00,2020-07-15 23:00:00,2020-07-15 23:00:00,2020-07-15 23:00:00,2020-07-16 00:00:00,2020-07-16 00:00:00,2020-07-16 00:00:00,2020-07-16 00:00:00,2020-07-16 02:00:00,2020-07-16 02:00:00,2020-07-16 02:00:00,2020-07-16 02:00:00,2020-07-16 04:00:00,2020-07-16 04:00:00,2020-07-16 04:00:00,2020-07-16 04:00:00,2020-07-16 06:00:00,2020-07-16 06:00:00,2020-07-16 06:00:00,2020-07-16 06:00:00,2020-07-16 08:00:00,2020-07-16 08:00:00,2020-07-16 08:00:00,2020-07-16 08:00:00,2020-07-16 10:00:00,2020-07-16 10:00:00,2020-07-16 10:00:00,2020-07-16 10:00:00,2020-07-16 12:00:00,2020-07-16 12:00:00,2020-07-16 12:00:00,2020-07-16 12:00:00,2020-07-16 14:00:00,2020-07-16 14:00:00,2020-07-16 14:00:00,2020-07-16 14:00:00,2020-07-16 16:00:00,2020-07-16 16:00:00,2020-07-16 16:00:00,2020-07-16 16:00:00,2020-07-16 18:00:00,2020-07-16 18:00:00,2020-07-16 18:00:00,2020-07-16 18:00:00,2020-07-16 20:00:00,2020-07-16 20:00:00,2020-07-16 20:00:00,2020-07-16 20:00:00,2020-07-16 22:00:00,2020-07-16 22:00:00,2020-07-16 22:00:00,2020-07-16 22:00:00
k,0,1,2,3,0,1,2,3,0,1,2,3,0,1,2,3,0,1,2,3,0,1,2,3,0,1,2,3,0,1,2,3,0,1,2,3,0,1,2,3,0,1,2,3,0,1,2,3,0,1,2,3,0,1,2,3,0,1,2,3,0,1,2,3,0,1,2,3,0,1,2,3,0,1,2,3,0,1,2,3,0,1,2,3,0,1,2,3,0,1,2,3,0,1,2,3,0,1,2,3,0,1,2,3,0,1,2,3,0,1,2,3,0,1,2,3,0,1,2,3,0,1,2,3,0,1,2,3,0,1,2,3,0,1,2,3,0,1,2,3,0,1,2,3
101_CT_1,0.0,0.0,0.0,0.0,0.0,0.0,0.0,0.0,0.0,0.0,0.0,0.0,0.0,0.0,0.0,0.0,0.0,0.0,0.0,0.0,0.0,0.0,0.0,0.0,0.0,0.0,0.0,0.0,0.0,0.0,0.0,0.0,0.0,0.0,0.0,0.0,0.0,0.0,0.0,0.0,0.0,0.0,0.0,0.0,0.0,0.0,0.0,0.0,0.0,0.0,0.0,0.0,0.0,0.0,0.0,0.0,-0.0029764270296619294,-0.00297642697305725,-0.0029764270357608424,-0.0029764269754231267,0.0,0.0,0.0,0.0,0.0,0.0,0.0,0.0,0.0,0.0,0.0,0.0,0.0,0.0,0.0,0.0,0.0,0.0,0.0,0.0,0.0,0.0,0.0,0.0,0.0,0.0,0.0,0.0,0.0,0.0,0.0,0.0,0.0,0.0,0.0,0.0,0.0,0.0,0.0,0.0,0.0,0.0,0.0,0.0,0.0,0.0,0.0,0.0,0.0,0.0,0.0,0.0,0.0,0.0,0.0,0.0,0.0,0.0,0.0,0.0,0.0,0.0,0.0,0.0,0.0,0.0,0.0,0.0,0.0,0.0,0.0,0.0,0.0,0.0,0.0,0.0,0.0,0.0,0.0,0.0,0.0,0.0,0.0,0.0
101_CT_2,0.0,0.0,0.0,0.0,0.0,0.0,0.0,0.0,0.0,0.0,0.0,0.0,0.0,0.0,0.0,0.0,0.0,0.0,0.0,0.0,0.0,0.0,0.0,0.0,0.0,0.0,0.0,0.0,0.0,0.0,0.0,0.0,0.0,0.0,0.0,0.0,0.0,0.0,0.0,0.0,0.0,0.0,0.0,0.0,0.0,0.0,0.0,0.0,0.0,0.0,0.0,0.0,0.0,0.0,0.0,0.0,0.0,0.0,0.0,0.0,0.0,0.0,0.0,0.0,0.0,0.0,0.0,0.0,0.0,0.0,0.0,0.0,0.0,0.0,0.0,0.0,0.0,0.0,0.0,0.0,0.0,0.0,0.0,0.0,0.0,0.0,0.0,0.0,0.0,0.0,0.0,0.0,0.0,0.0,0.0,0.0,0.0,0.0,0.0,0.0,0.0,0.0,0.0,0.0,0.0,0.0,0.0,0.0,0.0,0.0,0.0,0.0,0.0,0.0,0.0,0.0,0.0,0.0,0.0,0.0,0.0,0.0,0.0,0.0,0.0,0.0,0.0,0.0,0.0,0.0,0.0,0.0,0.0,0.0,0.0,0.0,0.0,0.0,0.0,0.0,0.0,0.0,0.0,0.0
101_STEAM_3,-0.05190432823114749,-0.051903270664314355,-0.05190942275184218,-0.051905596807947145,-0.0586195970998695,-0.058619573263909874,-0.058620415362753864,-0.05861973135057089,-0.053148760516193355,-0.05314874350601942,-0.05314940795143941,-0.05314884873746982,-0.050629316093551924,-0.05062929765157334,-0.05062987634656313,-0.050629353757925724,-0.04115728776593898,-0.04115740412943403,-0.04115819635744489,-0.04115774869490637,-0.03867284707904488,-0.0386728202955767,-0.03867387697273883,-0.03867353472268388,-0.019117766836719396,-0.019117758062580426,-0.01911779233737998,-0.019117777029818157,-0.01047991510689869,-0.010479911610276782,-0.010479917668656746,-0.010479915932856625,-0.012641853775012285,-0.012641849212634615,-0.012641855680739278,-0.012641853083400061,-0.010020948507079602,-0.010020944762565986,-0.01002096836213262,-0.010020959786946513,-0.01045066852037127,-0.010450630640724379,-0.010450737255413456,-0.010450741942117144,-0.010103326729718753,-0.010103329194582289,-0.0101033371369037,-0.010103343715835395,-0.009968670666644197,-0.009968670761494547,-0.009968670998846463,-0.009968671033779403,-0.01017332825724801,-0.010173328259062142,-0.010173328266168458,-0.010173328264035459,-0.009446576251806837,-0.009446576256326222,-0.009446576253442807,-0.009446576260729493,-0.007842626442565864,-0.007842626751200926,-0.007842627626470922,-0.007842630414797156,-0.007826456346967436,-0.007826456406189342,-0.007826456604139165,-0.007826456749118,-0.004451932767554068,-0.004451932834312111,-0.0044519317908146006,-0.0044519323288847255,-0.0072062832495736195,-0.007206282934761943,-0.007206275968604792,-0.007206283651036106,-0.006820695459166415,-0.006820696695918171,-0.006820690976452326,-0.006820694264839228,-0.007452274658502664,-0.0074522725367125175,-0.007452272021504558,-0.007452273101034282,-0.008317015446907938,-0.008317015337794803,-0.008317015989794063,-0.00831701528932885,-0.013371071008508317,-0.013371068708363548,-0.013371066749864435,-0.013371066990262767,-0.027618629060140565,-0.02761862803416218,-0.027618624091482413,-0.027618621526750816,0.0,0.0,0.0,0.0,0.0,0.0,0.0,0.0,0.0,0.0,0.0,0.0,0.0,0.0,0.0,0.0,0.0,0.0,0.0,0.0,0.0,0.0,0.0,0.0,0.0,0.0,0.0,0.0,0.0,0.0,0.0,0.0,0.0,0.0,0.0,0.0,0.0,0.0,0.0,0.0,0.0,0.0,0.0,0.0,0.0,0.0,0.0,0.0
101_STEAM_4,-0.051904328230915675,-0.05190327066408287,-0.05190942275160837,-0.05190559680771489,-0.0586195970998695,-0.058619573263909874,-0.058620415362753864,-0.05861973135057089,-0.0531487605161933,-0.053148743506019475,-0.05314940795143941,-0.053148848737465997,-0.05062931609355201,-0.05062929765157376,-0.050629876346562686,-0.05062935375793168,-0.04115728776593898,-0.04115740412943403,-0.04115819635744489,-0.04115774869490637,-0.03867284707904488,-0.0386728202955767,-0.03867387697273883,-0.03867353472268388,-0.019117766836719396,-0.019117758062580426,-0.01911779233737998,-0.019117777029818157,-0.010562732484547172,-0.010562728827863133,-0.010562735787367883,-0.010562733621811527,-0.01264185376390975,-0.012641849201531996,-0.012641855669636826,-0.012641853072299236,-0.010020948507079602,-0.010020944762565986,-0.01002096836213262,-0.010020959786946513,-0.01045066852037127,-0.010450630640724379,-0.010450737255413456,-0.010450741942117144,-0.010103326729718753,-0.010103329194582289,-0.0101033371369037,-0.010103343715835395,-0.009968670666644197,-0.009968670761494547,-0.009968670998846463,-0.009968671033779403,-0.010173339850989893,-0.010173339852803998,-0.010173339859909758,-0.010173339857674133,-0.009446583224096888,-0.009446583228617078,-0.00944658322573333,-0.00944658323329842,-0.007842621308362802,-0.007842621617008494,-0.007842622492200024,-0.00784262528128306,-0.00802397873091712,-0.008023978794274883,-0.008023979006226756,-0.008023979161177976,-0.003652125708846571,-0.003652125741435003,-0.0036521252309230645,-0.0036521254947171895,-0.007206283251831369,-0.007206282937019692,-0.007206275970862541,-0.007206283653294238,-0.006820695464630211,-0.00682069670138194,-0.0068206909819164,-0.006820694270302229,-0.007452274658502664,-0.0074522725367125175,-0.007452272021504558,-0.007452273101034282,-0.00831701544813962,-0.008317015339026498,-0.008317015991025634,-0.008317015290560592,-0.013371070996672063,-0.013371068696527266,-0.013371066738028015,-0.013371066978429056,-0.027618629060147448,-0.02761862803416898,-0.027618624091489297,-0.02761862152675428,0.0,0.0,0.0,0.0,0.0,0.0,0.0,0.0,0.0,0.0,0.0,0.0,0.0,0.0,0.0,0.0,0.0,0.0,0.0,0.0,0.0,0.0,0.0,0.0,0.0,0.0,0.0,0.0,0.0,0.0,0.0,0.0,0.0,0.0,0.0,0.0,0.0,0.0,0.0,0.0,0.0,0.0,0.0,0.0,0.0,0.0,0.0,0.0
102_CT_1,0.0,0.0,0.0,0.0,0.0,0.0,0.0,0.0,0.0,0.0,0.0,0.0,0.0,0.0,0.0,0.0,0.0,0.0,0.0,0.0,0.0,0.0,0.0,0.0,0.0,0.0,0.0,0.0,0.0,0.0,0.0,0.0,0.0,0.0,0.0,0.0,0.0,0.0,0.0,0.0,0.0,0.0,0.0,0.0,0.0,0.0,0.0,0.0,0.0,0.0,0.0,0.0,0.0,0.0,0.0,0.0,0.0,0.0,0.0,0.0,0.0,0.0,0.0,0.0,0.0,0.0,0.0,0.0,0.0,0.0,0.0,0.0,0.0,0.0,0.0,0.0,0.0,0.0,0.0,0.0,0.0,0.0,0.0,0.0,0.0,0.0,0.0,0.0,0.0,0.0,0.0,0.0,0.0,0.0,0.0,0.0,0.0,0.0,0.0,0.0,0.0,0.0,0.0,0.0,0.0,0.0,0.0,0.0,0.0,0.0,0.0,0.0,0.0,0.0,0.0,0.0,0.0,0.0,0.0,0.0,0.0,0.0,0.0,0.0,0.0,0.0,0.0,0.0,0.0,0.0,0.0,0.0,0.0,0.0,0.0,0.0,0.0,0.0,0.0,0.0,0.0,0.0,0.0,0.0
102_CT_2,0.0,0.0,0.0,0.0,0.0,0.0,0.0,0.0,0.0,0.0,0.0,0.0,0.0,0.0,0.0,0.0,0.0,0.0,0.0,0.0,0.0,0.0,0.0,0.0,0.0,0.0,0.0,0.0,0.0,0.0,0.0,0.0,0.0,0.0,0.0,0.0,0.0,0.0,0.0,0.0,0.0,0.0,0.0,0.0,0.0,0.0,0.0,0.0,0.0,0.0,0.0,0.0,0.0,0.0,0.0,0.0,0.0,0.0,0.0,0.0,0.0,0.0,0.0,0.0,0.0,0.0,0.0,0.0,0.0,0.0,0.0,0.0,0.0,0.0,0.0,0.0,0.0,0.0,0.0,0.0,0.0,0.0,0.0,0.0,0.0,0.0,0.0,0.0,0.0,0.0,0.0,0.0,0.0,0.0,0.0,0.0,0.0,0.0,0.0,0.0,0.0,0.0,0.0,0.0,0.0,0.0,0.0,0.0,0.0,0.0,0.0,0.0,0.0,0.0,0.0,0.0,0.0,0.0,0.0,0.0,0.0,0.0,0.0,0.0,0.0,0.0,0.0,0.0,0.0,0.0,0.0,0.0,0.0,0.0,0.0,0.0,0.0,0.0,0.0,0.0,0.0,0.0,0.0,0.0
102_STEAM_3,-0.051884730717606325,-0.05188357816329628,-0.05188874208004779,-0.05188822224068967,-0.0586196564137581,-0.058619661459479666,-0.05861944387807183,-0.05861967976244158,-0.05314882123145845,-0.053148823878473694,-0.05314842909348649,-0.05314877683295965,-0.05062936399629932,-0.050629373779688736,-0.05062888248017683,-0.05062931193071201,-0.041157372786966476,-0.04115741114985971,-0.04115784987416238,-0.041157698270012456,-0.03857481208982959,-0.03857435394602199,-0.038576330308135676,-0.03857595307405514,-0.018412736330912838,-0.01841273085951811,-0.018412748490582276,-0.018412740842422008,-0.010187196889272804,-0.010187195143675776,-0.0101872003190846,-0.010187197176249064,-0.012207417203324189,-0.012207418604476383,-0.012207408067160808,-0.012207414184781861,-0.009687341143329004,-0.009687332939295246,-0.009687355220488802,-0.009687354985800499,-0.010237384474133304,-0.010237339523805955,-0.010237450955697946,-0.010237468343668827,-0.009858119517070552,-0.009858111019952931,-0.009858149047251574,-0.00985814187409978,-0.009760247784900228,-0.009760247856593351,-0.009760248027222307,-0.009760248052104695,-0.010178491292479608,-0.010178491289320135,-0.01017849129581605,-0.010178491298900565,-0.009003174713353046,-0.009003174713749895,-0.009003174709412698,-0.009003174703755733,-0.007879556843262941,-0.007879557132842052,-0.00787955795573958,-0.007879560564888055,-0.007941410764041229,-0.007941410824109651,-0.007941411024961265,-0.00794141117198417,-0.006466145265978329,-0.006466145189679945,-0.006466146406143958,-0.006466145774804225,-0.007098259234397553,-0.007098259026541237,-0.0070982523060262315,-0.007098258173613572,-0.0065596864461930915,-0.0065596879579037926,-0.00655968012168906,-0.006559685219209672,-0.007324719546115785,-0.007324717147048146,-0.007324716257050445,-0.007324719590170582,-0.00836707257793498,-0.008367074990344947,-0.0083670745739447,-0.008367073296447466,-0.013272996752552502,-0.01327299412873667,-0.013272991755498897,-0.013272991624196361,-0.027604866058758004,-0.027604863791645284,-0.02760487226981645,-0.027604858682519308,0.0,0.0,0.0,0.0,0.0,0.0,0.0,0.0,0.0,0.0,0.0,0.0,0.0,0.0,0.0,0.0,0.0,0.0,0.0,0.0,0.0,0.0,0.0,0.0,0.0,0.0,0.0,0.0,0.0,0.0,0.0,0.0,0.0,0.0,0.0,0.0,0.0,0.0,0.0,0.0,0.0,0.0,0.0,0.0,0.0,0.0,0.0,0.0
102_STEAM_4,-0.051884730718262356,-0.05188357816395206,-0.05188874208070504,-0.05188822224134511,-0.05861965641375805,-0.05861966145947947,-0.05861944387807139,-0.058619679762441874,-0.05314882123145845,-0.053148823878473694,-0.05314842909348649,-0.05314877683295965,-0.05062936399629932,-0.050629373779688736,-0.05062888248017683,-0.05062931193071201,-0.04115737278696653,-0.041157411149859546,-0.0411578498741626,-0.04115769826999538,-0.03857481208947139,-0.038574353945664,-0.03857633030777774,-0.03857595307369592,-0.018412736330912838,-0.01841273085951811,-0.018412748490582276,-0.018412740842422008,-0.010187196884776373,-0.01018719513917965,-0.010187200314587308,-0.010187197171752637,-0.012207417203324189,-0.012207418604476383,-0.012207408067160808,-0.012207414184781861,-0.009687341143329004,-0.009687332939295246,-0.009687355220488802,-0.009687354985800499,-0.010237384474133304,-0.010237339523805955,-0.010237450955697946,-0.010237468343668827,-0.009858119517070552,-0.009858111019952931,-0.009858149047251574,-0.00985814187409978,-0.009760247784900228,-0.009760247856593351,-0.009760248027222307,-0.009760248052104695,-0.010178491292479608,-0.010178491289320135,-0.01017849129581605,-0.010178491298900565,-0.009003181865791632,-0.00900318186618837,-0.009003181861851006,-0.009003181856373133,-0.007879562455472333,-0.007879562745124608,-0.007879563567949277,-0.007879566176734855,-0.007941410764041229,-0.007941410824109651,-0.007941411024961265,-0.00794141117198417,-0.006466145265978329,-0.006466145189679945,-0.006466146406143958,-0.006466145774804225,-0.007098259234397553,-0.007098259026541237,-0.0070982523060262315,-0.007098258173613572,-0.0065596864461930915,-0.0065596879579037926,-0.00655968012168906,-0.006559685219209672,-0.007324719546115785,-0.007324717147048146,-0.007324716257050445,-0.007324719590170582,-0.00836707257793498,-0.008367074990344947,-0.0083670745739447,-0.008367073296447466,-0.013272996752552502,-0.01327299412873667,-0.013272991755498897,-0.013272991624196361,-0.027604866058761113,-0.027604863791648407,-0.027604872269819447,-0.027604858682520737,0.0,0.0,0.0,0.0,0.0,0.0,0.0,0.0,0.0,0.0,0.0,0.0,0.0,0.0,0.0,0.0,0.0,0.0,0.0,0.0,0.0,0.0,0.0,0.0,0.0,0.0,0.0,0.0,0.0,0.0,0.0,0.0,0.0,0.0,0.0,0.0,0.0,0.0,0.0,0.0,0.0,0.0,0.0,0.0,0.0,0.0,0.0,0.0
107_CC_1,0.0071739839295923424,0.0071739889044905025,0.00717396448078933,0.007173975629024572,-2.079498795382051e-10,-2.0861712357600481e-10,-1.9553070274014317e-10,-2.0543070844519181e-10,-1.8242496402365305e-10,-1.8340440277597736e-10,-1.610445110600267e-10,-1.7308795339048242e-10,-2.0810020373573934e-10,-2.092290785071782e-10,-1.8809487301041372e-10,-1.992673066494943e-10,-2.2393537024711918e-10,-2.2019208678614177e-10,-1.818372119544165e-10,-2.048989639924438e-10,0.009322876910209499,0.009322871551948664,0.009322877194009038,0.00932287593692678,-0.04073223089977818,-0.0407319402107591,-0.040734672414568074,-0.040733688825008156,-0.10317832637962598,-0.10317826804753927,-0.10317843583084052,-0.10317838647154305,-0.055871729206502185,-0.05587170511655315,-0.055871725045783194,-0.055871721172021896,-0.042714878355534114,-0.042714860399382326,-0.04271486750815345,-0.04271489185486485,-0.04818954147318466,-0.04818937312679483,-0.04818964055896391,-0.04818977996922023,-0.04648813249046846,-0.0464881141800666,-0.046488171633520814,-0.046488176146615,-0.05540477872057803,-0.05540477844849523,-0.055404777788913506,-0.055404777695626996,-0.05627771122951242,-0.056277711248317264,-0.05627771121130998,-0.05627771121186586,-0.05706422641759612,-0.057064226420305175,-0.05706422641505071,-0.057064226423558,-0.043250256039348844,-0.04325025585937925,-0.04325025534700355,-0.04325025373649221,-0.060120582988607785,-0.06012058293474731,-0.06012058275486032,-0.060120582627555263,-0.060641854649164495,-0.06064185472904082,-0.06064185346743445,-0.06064185412461539,-0.06603102467285504,-0.06603102122439974,-0.06603102033756159,-0.06603103341444255,-0.06810577740937585,-0.06810577266516216,-0.06810580178805958,-0.06810579063195367,-0.06998763860175344,-0.06998764527517687,-0.06998763757859039,-0.06998764705595935,-0.08824698703355227,-0.08824683245042181,-0.0882469380864892,-0.08824601709545617,-0.09805850214830181,-0.09805851239818542,-0.09805851639418073,-0.0980585163778367,-0.05144674617800904,-0.05144686303171586,-0.051446532463685024,-0.051447146168182696,0.0,0.0,0.0,0.0,0.0,0.0,0.0,0.0,0.0,0.0,0.0,0.0,0.0,0.0,0.0,0.0,0.0,0.0,0.0,0.0,0.0,0.0,0.0,0.0,0.0,0.0,0.0,0.0,0.0,0.0,0.0,0.0,0.0,0.0,0.0,0.0,0.0,0.0,0.0,0.0,0.0,0.0,0.0,0.0,0.0,0.0,0.0,0.0
113_CT_1,0.0,0.0,0.0,0.0,2.463763830215265e-15,5.779615414432685e-15,0.0,0.0,0.0,0.0,0.0,0.0,0.0,0.0,0.0,0.0,0.0,0.0,0.0,0.0,0.0,0.0,0.0,0.0,0.0,0.0,0.0,0.0,0.0,0.0,0.0,0.0,0.0,0.0,0.0,0.0,0.0,0.0,0.0,0.0,0.0,0.0,0.0,0.0,0.0,0.0,0.0,0.0,0.0,0.0,0.0,0.0,0.0,0.0,0.0,0.0,0.0,0.0,0.0,0.0,0.0,0.0,0.0,0.0,0.0,0.0,0.0,0.0,0.0,0.0,0.0,0.0,0.0,0.0,0.0,0.0,0.0,0.0,0.0,0.0,0.0,0.0,0.0,0.0,0.0,0.0,0.0,0.0,0.0,0.0,0.0,0.0,0.0,0.0,0.0,0.0,0.0,0.0,0.0,0.0,0.0,0.0,0.0,0.0,0.0,0.0,0.0,0.0,0.0,0.0,0.0,0.0,0.0,0.0,0.0,0.0,0.0,0.0,0.0,0.0,0.0,0.0,0.0,0.0,0.0,0.0,0.0,0.0,0.0,0.0,0.0,0.0,0.0,0.0,0.0,0.0,0.0,0.0,0.0,0.0,0.0,0.0,0.0,0.0
113_CT_2,0.0,0.0,0.0,0.0,-2.463763830215265e-15,-5.779615414432685e-15,1.1612932837579137e-13,0.0,0.0,0.0,0.0,0.0,0.0,0.0,0.0,0.0,0.0,0.0,0.0,0.0,0.0,0.0,0.0,0.0,0.0,0.0,0.0,0.0,0.0,0.0,0.0,0.0,0.0,0.0,0.0,0.0,0.0,0.0,0.0,0.0,0.0,0.0,0.0,0.0,0.0,0.0,0.0,0.0,0.0,0.0,0.0,0.0,0.0,0.0,0.0,0.0,0.0,0.0,0.0,0.0,0.0,0.0,0.0,0.0,0.0,0.0,0.0,0.0,0.0,0.0,0.0,0.0,0.0,0.0,0.0,0.0,0.0,0.0,0.0,0.0,0.0,0.0,0.0,0.0,0.0,0.0,0.0,0.0,0.0,0.0,0.0,0.0,0.0,0.0,0.0,0.0,0.0,0.0,0.0,0.0,0.0,0.0,0.0,0.0,0.0,0.0,0.0,0.0,0.0,0.0,0.0,0.0,0.0,0.0,0.0,0.0,0.0,0.0,0.0,0.0,0.0,0.0,0.0,0.0,0.0,0.0,0.0,0.0,0.0,0.0,0.0,0.0,0.0,0.0,0.0,0.0,0.0,0.0,0.0,0.0,0.0,0.0,0.0,0.0
113_CT_3,0.0,0.0,0.0,0.0,0.0,0.0,0.0,0.0,0.0,0.0,0.0,0.0,0.0,0.0,0.0,0.0,0.0,0.0,0.0,0.0,0.0,0.0,0.0,0.0,0.0,0.0,0.0,0.0,0.0,0.0,0.0,0.0,0.0,0.0,0.0,0.0,0.0,0.0,0.0,0.0,0.0,0.0,0.0,0.0,0.0,0.0,0.0,0.0,0.0,0.0,0.0,0.0,0.0,0.0,0.0,0.0,0.0,0.0,0.0,0.0,0.0,0.0,0.0,0.0,0.0,0.0,0.0,0.0,0.0,0.0,0.0,0.0,0.0,0.0,0.0,0.0,0.0,0.0,0.0,0.0,0.0,0.0,0.0,0.0,0.0,0.0,0.0,0.0,0.0,0.0,0.0,0.0,0.0,0.0,0.0,0.0,0.0,0.0,0.0,0.0,0.0,0.0,0.0,0.0,0.0,0.0,0.0,0.0,0.0,0.0,0.0,0.0,0.0,0.0,0.0,0.0,0.0,0.0,0.0,0.0,0.0,0.0,0.0,0.0,0.0,0.0,0.0,0.0,0.0,0.0,0.0,0.0,0.0,0.0,0.0,0.0,0.0,0.0,0.0,0.0,0.0,0.0,0.0,0.0
113_CT_4,0.0,0.0,0.0,0.0,0.0,0.0,0.0,0.0,0.0,0.0,0.0,0.0,0.0,0.0,0.0,0.0,0.0,0.0,0.0,0.0,0.0,0.0,0.0,0.0,0.0,0.0,0.0,0.0,0.0,0.0,0.0,0.0,0.0,0.0,0.0,0.0,0.0,0.0,0.0,0.0,0.0,0.0,0.0,0.0,0.0,0.0,0.0,0.0,0.0,0.0,0.0,0.0,0.0,0.0,0.0,0.0,0.0,0.0,0.0,0.0,0.0,0.0,0.0,0.0,0.0,0.0,0.0,0.0,0.0,0.0,0.0,0.0,0.0,0.0,0.0,0.0,0.0,0.0,0.0,0.0,0.0,0.0,0.0,0.0,0.0,0.0,0.0,0.0,0.0,0.0,0.0,0.0,0.0,0.0,0.0,0.0,0.0,0.0,0.0,0.0,0.0,0.0,0.0,0.0,0.0,0.0,0.0,0.0,0.0,0.0,0.0,0.0,0.0,0.0,0.0,0.0,0.0,0.0,0.0,0.0,0.0,0.0,0.0,0.0,0.0,0.0,0.0,0.0,0.0,0.0,0.0,0.0,0.0,0.0,0.0,0.0,0.0,0.0,0.0,0.0,0.0,0.0,0.0,0.0
115_STEAM_1,0.0,0.0,0.0,0.0,0.0,0.0,0.0,0.0,0.0,0.0,0.0,0.0,0.0,0.0,0.0,0.0,0.0,0.0,0.0,0.0,0.0,0.0,0.0,0.0,0.0,0.0,0.0,0.0,0.0,0.0,0.0,0.0,0.0,0.0,0.0,0.0,0.0,0.0,0.0,0.0,0.0,0.0,0.0,0.0,0.0,0.0,0.0,0.0,0.0,0.0,0.0,0.0,0.0,0.0,0.0,0.0,0.0,0.0,0.0,0.0,0.0,0.0,0.0,0.0,0.0,0.0,0.0,0.0,0.0,0.0,0.0,0.0,0.0,0.0,0.0,0.0,0.0,0.0,0.0,0.0,0.0,0.0,0.0,0.0,0.0,0.0,0.0,0.0,0.0,0.0,0.0,0.0,0.0,0.0,0.0,0.0,0.0,0.0,0.0,0.0,0.0,0.0,0.0,0.0,0.0,0.0,0.0,0.0,0.0,0.0,0.0,0.0,0.0,0.0,0.0,0.0,0.0,0.0,0.0,0.0,0.0,0.0,0.0,0.0,0.0,0.0,0.0,0.0,0.0,0.0,0.0,0.0,0.0,0.0,0.0,0.0,0.0,0.0,0.0,0.0,0.0,0.0,0.0,0.0
115_STEAM_2,0.0,0.0,0.0,0.0,0.0,0.0,0.0,0.0,0.0,0.0,0.0,0.0,0.0,0.0,0.0,0.0,0.0,0.0,0.0,0.0,0.0,0.0,0.0,0.0,0.0,0.0,0.0,0.0,0.0,0.0,0.0,0.0,0.0,0.0,0.0,0.0,0.0,0.0,0.0,0.0,0.0,0.0,0.0,0.0,0.0,0.0,0.0,0.0,0.0,0.0,0.0,0.0,0.0,0.0,0.0,0.0,0.0,0.0,0.0,0.0,0.0,0.0,0.0,0.0,0.0,0.0,0.0,0.0,0.0,0.0,0.0,0.0,0.0,0.0,0.0,0.0,0.0,0.0,0.0,0.0,0.0,0.0,0.0,0.0,0.0,0.0,0.0,0.0,0.0,0.0,0.0,0.0,0.0,0.0,0.0,0.0,0.0,0.0,0.0,0.0,0.0,0.0,0.0,0.0,0.0,0.0,0.0,0.0,0.0,0.0,0.0,0.0,0.0,0.0,0.0,0.0,0.0,0.0,0.0,0.0,0.0,0.0,0.0,0.0,0.0,0.0,0.0,0.0,0.0,0.0,0.0,0.0,0.0,0.0,0.0,0.0,0.0,0.0,0.0,0.0,0.0,0.0,0.0,0.0
115_STEAM_3,0.014020510722899338,0.0140205113314113,0.014020514109383875,0.014020504328589468,-1.2201015753277034e-09,-1.2183445363689316e-09,-1.2503953428222303e-09,-1.2360075588269893e-09,-1.084297596154471e-09,-1.082974265820269e-09,-1.1150755874211882e-09,-1.1006759066577517e-09,-1.0090611679558492e-09,-1.007326111412965e-09,-1.0339600287068151e-09,-1.0207214147456078e-09,-6.600077429030904e-10,-6.564674914777413e-10,-6.336231539449955e-10,-6.485634630575458e-10,0.011243625799382484,0.01124360082898368,0.01124362914168442,0.011243606353423615,-0.060710646412734715,-0.06071063846658964,-0.060710655979287154,-0.060710645727219674,-0.02981793701896074,-0.029817926819638574,-0.02981795633735418,-0.029817942429232636,-0.026691111398637946,-0.026691111119243827,-0.026691092615032996,-0.026691105716774948,-0.0211496160121048,-0.021149604747210837,-0.021149611374593924,-0.02114962704325726,-0.02302516163220114,-0.02302508527444791,-0.023025221179783006,-0.023025275321358455,-0.021327597504135543,-0.021327589976920747,-0.02132761951204465,-0.021327622247115537,-0.022709360794349653,-0.022709360782404486,-0.022709360742335427,-0.02270936074079766,-0.02329242793902253,-0.02329242794155939,-0.02329242793523978,-0.023292427935269547,-0.02231148966171309,-0.0223114896530745,-0.022311489667437234,-0.02231148965481181,-0.0199083452717585,-0.019908345384625104,-0.019908345704671593,-0.01990834672544816,-0.01867254915859956,-0.018672549139100214,-0.018672549071694355,-0.01867254902647678,-0.019538514983979127,-0.019538514951940367,-0.019538515460510553,-0.01953851519743983,-0.020017837148240458,-0.02001783735988516,-0.020017827517046838,-0.020017836022156663,-0.021215178263021772,-0.0212151794288028,-0.02121517940542339,-0.021215180768526156,-0.024424274315608674,-0.024424272664915758,-0.024424271420336763,-0.02442427541593915,-0.026482192805110216,-0.02648220092548345,-0.0264821967791129,-0.026482224084127266,-0.041227914714872416,-0.041227914583103153,-0.041227913183620624,-0.04122791363229606,-0.05651601971174114,-0.05651601523844585,-0.05651607311185902,-0.05651603083511136,0.0,0.0,0.0,0.0,0.0,0.0,0.0,0.0,0.0,0.0,0.0,0.0,0.0,0.0,0.0,0.0,0.0,0.0,0.0,0.0,0.0,0.0,0.0,0.0,0.0,0.0,0.0,0.0,0.0,0.0,0.0,0.0,0.0,0.0,0.0,0.0,0.0,0.0,0.0,0.0,0.0,0.0,0.0,0.0,0.0,0.0,0.0,0.0
116_STEAM_1,-0.04080995519625541,-0.04080667155746559,-0.040823923729989886,-0.040814862551498785,-4.4579303803971015e-08,-4.4573510882273126e-08,-4.471870518329979e-08,-4.4623164024704174e-08,-0.025990443622945614,-0.02599042957994735,-0.025990780164620197,-0.025990536348866923,-0.07216234977605851,-0.07216233582158099,-0.07216257037194129,-0.07216240854650828,-0.08320983530302078,-0.08320982029338736,-0.0832094840354658,-0.08320969112771524,-0.09503934022969296,-0.0950398588874461,-0.09504208813614712,-0.0950428802430202,-0.06042190126302549,-0.060421888345588926,-0.06042192181292361,-0.060421905272860725,-0.029438430340003985,-0.029438421259652126,-0.029438446183982947,-0.02943843411424862,-0.02682478466381233,-0.026824785015702513,-0.026824767801011618,-0.02682478016715847,-0.021157855175185813,-0.02115784423671785,-0.02115785064452469,-0.021157865811389346,-0.023246406955785726,-0.023246332250131174,-0.023246465677907224,-0.023246517728900136,-0.021884884402948113,-0.021884876329898884,-0.021884909410780473,-0.021884911833014154,-0.02306930286709785,-0.02306930288138842,-0.023069302903413025,-0.023069302911366954,-0.0232808690327308,-0.023280869029895568,-0.023280869032411555,-0.02328086903259689,-0.022264867974226166,-0.022264867964948643,-0.022264867979449043,-0.022264867968224952,-0.019481281372483894,-0.019481281473683054,-0.01948128176151842,-0.019481282678787758,-0.009184436753783443,-0.00918443657952489,-0.009184435988338846,-0.009184435569952548,-0.019427955978396638,-0.01942795594159724,-0.019427956527150014,-0.01942795622441732,-0.020023720605837347,-0.0200237207082416,-0.020023710956869945,-0.02002372041190479,-0.021390116795843017,-0.02139011771503807,-0.021390117570333267,-0.02139011869069761,-0.024489884351486052,-0.02448988283478537,-0.024489881588669826,-0.024489884777797028,-0.026474781766462063,-0.026474783797111046,-0.026474784773039328,-0.02647478565537419,-0.041478281098262126,-0.041478280686557484,-0.041478277426718835,-0.04147827892819973,-0.05653873067688964,-0.05653872970380108,-0.056538751212891425,-0.05653873846068728,0.0,0.0,0.0,0.0,0.0,0.0,0.0,0.0,0.0,0.0,0.0,0.0,0.0,0.0,0.0,0.0,0.0,0.0,0.0,0.0,0.0,0.0,0.0,0.0,0.0,0.0,0.0,0.0,0.0,0.0,0.0,0.0,0.0,0.0,0.0,0.0,0.0,0.0,0.0,0.0,0.0,0.0,0.0,0.0,0.0,0.0,0.0,0.0
118_CC_1,1.156852391659413e-13,1.1601830607332886e-13,8.988365607365267e-13,0.0,1.1257661469699087e-13,1.099120794378905e-13,9.023892744153272e-13,0.0,1.1091128016005314e-13,1.1213252548714081e-13,8.899547765395255e-13,0.0,1.120215031846783e-13,1.1501910535116622e-13,9.059419880941277e-13,0.0,1.0874634526203408e-13,1.1468603844377867e-13,4.432010314303625e-13,0.0,1.1335377081422848e-13,1.0902390101819037e-13,4.440892098500626e-13,0.0,1.1235457009206584e-13,1.1390888232654106e-13,4.5208281562736374e-13,0.0,2.2681856393091948e-13,1.1524114995609125e-13,9.059419880941277e-13,0.0,-0.24613039396828407,-0.24613053360603443,-0.2461301526336408,-0.24613037670658325,-0.06114043062966401,-0.0611403915714146,-0.06114038925314258,-0.06114046494737936,-0.047867359680953014,-0.047867192795505,-0.04786745777135515,-0.0478675961633187,-0.04646438473200243,-0.04646436628453521,-0.046464423954284406,-0.04646442824441723,-0.055623350194122345,-0.055623349940963074,-0.055623349315622406,-0.05562334922676766,-0.056114584457048866,-0.05611458447649076,-0.05611458443849049,-0.056114584451618627,-0.056436158643445034,-0.05643615864350293,-0.05643615864239271,-0.05643615865720666,-0.05920420003762816,-0.05920419966019341,-0.05920419858804182,-0.05920419516212403,-0.06017994865596743,-0.06017994860498749,-0.06017994843454311,-0.060179948305013865,-0.06077760186647141,-0.060777601945397275,-0.0607776007016283,-0.060777601343739815,-0.06601810285945486,-0.0660180993803795,-0.06601809886114607,-0.06601811166906137,-0.06856586939360465,-0.06856586469334247,-0.06856589442073258,-0.06856588265950582,-0.08399502198837605,-0.08399502633216932,-0.08399504582363981,-0.08399501169142821,2.255973186038318e-13,5.6565863104651726e-14,4.5208281562736374e-13,0.0,2.2493118478905672e-13,2.2537527399890678e-13,4.516387264175137e-13,0.0,2.2604140781368187e-13,5.651035195342047e-14,4.5075054799781356e-13,0.0,0.0,0.0,0.0,0.0,0.0,0.0,0.0,0.0,0.0,0.0,0.0,0.0,0.0,0.0,0.0,0.0,0.0,0.0,0.0,0.0,0.0,0.0,0.0,0.0,0.0,0.0,0.0,0.0,0.0,0.0,0.0,0.0,0.0,0.0,0.0,0.0,0.0,0.0,0.0,0.0,0.0,0.0,0.0,0.0,0.0,0.0,0.0,0.0
122_WIND_1,1.0,0.0,0.0,0.0,1.0,0.0,0.0,0.0,1.0,0.0,0.0,0.0,1.0,0.0,0.0,0.0,1.0,0.0,0.0,0.0,1.0,0.0,0.0,0.0,1.0,0.0,0.0,0.0,1.0,0.0,0.0,0.0,1.0,0.0,0.0,0.0,1.0,0.0,0.0,0.0,1.0,0.0,0.0,0.0,1.0,0.0,0.0,0.0,1.0,0.0,0.0,0.0,1.0,0.0,0.0,0.0,1.0,0.0,0.0,0.0,1.0,0.0,0.0,0.0,1.0,0.0,0.0,0.0,1.0,0.0,0.0,0.0,1.0,0.0,0.0,0.0,1.0,0.0,0.0,0.0,1.0,0.0,0.0,0.0,1.0,0.0,0.0,0.0,1.0,0.0,0.0,0.0,1.0,0.0,0.0,0.0,0.0,0.0,0.0,0.0,0.0,0.0,0.0,0.0,0.0,0.0,0.0,0.0,0.0,0.0,0.0,0.0,0.0,0.0,0.0,0.0,0.0,0.0,0.0,0.0,0.0,0.0,0.0,0.0,0.0,0.0,0.0,0.0,0.0,0.0,0.0,0.0,0.0,0.0,0.0,0.0,0.0,0.0,0.0,0.0,0.0,0.0,0.0,0.0
123_CT_1,0.0,0.0,0.0,0.0,0.0,0.0,0.0,0.0,0.0,0.0,0.0,0.0,0.0,0.0,0.0,0.0,0.0,0.0,0.0,0.0,0.0,0.0,0.0,0.0,0.0,0.0,0.0,0.0,0.0,0.0,0.0,0.0,0.0,0.0,0.0,0.0,0.0,0.0,0.0,0.0,0.0,0.0,0.0,0.0,0.0,0.0,0.0,0.0,0.0,0.0,0.0,0.0,0.0,0.0,0.0,0.0,0.0,0.0,0.0,0.0,0.0,0.0,0.0,0.0,0.0,0.0,0.0,0.0,0.0,0.0,0.0,0.0,0.0,0.0,0.0,0.0,0.0,0.0,0.0,0.0,0.0,0.0,0.0,0.0,0.0,0.0,0.0,0.0,0.0,0.0,0.0,0.0,0.0,0.0,0.0,0.0,0.0,0.0,0.0,0.0,0.0,0.0,0.0,0.0,0.0,0.0,0.0,0.0,0.0,0.0,0.0,0.0,0.0,0.0,0.0,0.0,0.0,0.0,0.0,0.0,0.0,0.0,0.0,0.0,0.0,0.0,0.0,0.0,0.0,0.0,0.0,0.0,0.0,0.0,0.0,0.0,0.0,0.0,0.0,0.0,0.0,0.0,0.0,0.0
123_CT_4,0.0,0.0,0.0,0.0,0.0,0.0,0.0,0.0,0.0,0.0,0.0,0.0,0.0,0.0,0.0,0.0,0.0,0.0,0.0,0.0,0.0,0.0,0.0,0.0,0.0,0.0,0.0,0.0,0.0,0.0,0.0,0.0,0.0,0.0,0.0,0.0,0.0,0.0,0.0,0.0,0.0,0.0,0.0,0.0,0.0,0.0,0.0,0.0,0.0,0.0,0.0,0.0,0.0,0.0,0.0,0.0,0.0,0.0,0.0,0.0,0.0,0.0,0.0,0.0,0.0,0.0,0.0,0.0,0.0,0.0,0.0,0.0,0.0,0.0,0.0,0.0,0.0,0.0,0.0,0.0,0.0,0.0,0.0,0.0,0.0,0.0,0.0,0.0,0.0,0.0,0.0,0.0,0.0,0.0,0.0,0.0,0.0,0.0,0.0,0.0,0.0,0.0,0.0,0.0,0.0,0.0,0.0,0.0,0.0,0.0,0.0,0.0,0.0,0.0,0.0,0.0,0.0,0.0,0.0,0.0,0.0,0.0,0.0,0.0,0.0,0.0,0.0,0.0,0.0,0.0,0.0,0.0,0.0,0.0,0.0,0.0,0.0,0.0,0.0,0.0,0.0,0.0,0.0,0.0
123_CT_5,0.0,0.0,0.0,0.0,0.0,0.0,0.0,0.0,0.0,0.0,0.0,0.0,0.0,0.0,0.0,0.0,0.0,0.0,0.0,0.0,0.0,0.0,0.0,0.0,0.0,0.0,0.0,0.0,0.0,0.0,0.0,0.0,0.0,0.0,0.0,0.0,0.0,0.0,0.0,0.0,0.0,0.0,0.0,0.0,0.0,0.0,0.0,0.0,0.0,0.0,0.0,0.0,0.0,0.0,0.0,0.0,0.0,0.0,0.0,0.0,0.0,0.0,0.0,0.0,0.0,0.0,0.0,0.0,0.0,0.0,0.0,0.0,0.0,0.0,0.0,0.0,0.0,0.0,0.0,0.0,0.0,0.0,0.0,0.0,0.0,0.0,0.0,0.0,0.0,0.0,0.0,0.0,0.0,0.0,0.0,0.0,0.0,0.0,0.0,0.0,0.0,0.0,0.0,0.0,0.0,0.0,0.0,0.0,0.0,0.0,0.0,0.0,0.0,0.0,0.0,0.0,0.0,0.0,0.0,0.0,0.0,0.0,0.0,0.0,0.0,0.0,0.0,0.0,0.0,0.0,0.0,0.0,0.0,0.0,0.0,0.0,0.0,0.0,0.0,0.0,0.0,0.0,0.0,0.0
123_STEAM_2,0.016022368684174615,0.01602237904448095,0.01602231950856492,0.016022355320250353,-7.799775270100895e-10,-7.787087641375479e-10,-7.996510120733547e-10,-7.923655344176201e-10,-7.001279556106965e-10,-6.990241718796142e-10,-7.223679432399877e-10,-7.136908733227287e-10,-6.509970895685058e-10,-6.495313176202444e-10,-6.689959697325776e-10,-6.602630118527659e-10,-4.775679018909074e-10,-4.74411177009415e-10,-4.569300493528772e-10,-4.695644259023813e-10,0.01362548742974451,0.013625483901575253,0.013625483320601983,0.013625482664717189,-0.06073185996450137,-0.060731854391942286,-0.06073186501485406,-0.060731857005935266,-0.02944086543267871,-0.02944085555869258,-0.029440884613319174,-0.029440870586176376,-0.025391627911965142,-0.025391627249334747,-0.025391608079306405,-0.025391621730894036,-0.020659117906207225,-0.02065910735669252,-0.02065911317027913,-0.020659127708999993,-0.02186179410681921,-0.02186172874159653,-0.02186184423253712,-0.021861890223822348,-0.022120317993126692,-0.02212030876208171,-0.022120345690684662,-0.02212034793283313,-0.022487057767688334,-0.022487057733613147,-0.022487057639632102,-0.022487057628866932,-0.022702679646667057,-0.022702679653190838,-0.022702679640459245,-0.022702679640161327,-0.022334951342458276,-0.022334951334159858,-0.022334951348448095,-0.02233495133536487,-0.01970127699563501,-0.01970127708327546,-0.019701277331549027,-0.019701278122570456,-0.019059162721873524,-0.019059162709603172,-0.019059162666732687,-0.019059162638790744,-0.019306783057595256,-0.019306783036596054,-0.019306783371687786,-0.0193067831988105,-0.019737287929297853,-0.019737288314953416,-0.01973727842058559,-0.01973728593728627,-0.02073088264606715,-0.020730883928469335,-0.02073088393319633,-0.020730885681608018,-0.024325125676770115,-0.024325123968216678,-0.024325122702817725,-0.024325127284288605,-0.026439739638784543,-0.026439763363659025,-0.02643974793465209,-0.02643985175232374,-0.041218515385354815,-0.04121851507057786,-0.04121851688832101,-0.04121851517725293,-0.056472345805467894,-0.05647233843318486,-0.05647242138683972,-0.0564723565734858,0.0,0.0,0.0,0.0,0.0,0.0,0.0,0.0,0.0,0.0,0.0,0.0,0.0,0.0,0.0,0.0,0.0,0.0,0.0,0.0,0.0,0.0,0.0,0.0,0.0,0.0,0.0,0.0,0.0,0.0,0.0,0.0,0.0,0.0,0.0,0.0,0.0,0.0,0.0,0.0,0.0,0.0,0.0,0.0,0.0,0.0,0.0,0.0
123_STEAM_3,0.008638798949788251,0.008638794432577868,0.008638815580999548,0.008638812377836886,-9.020661995151613e-09,-9.020565627793076e-09,-9.021521307772673e-09,-9.018771009877853e-09,-1.057602005971603e-08,-1.0573631303856246e-08,-1.0609358724877893e-08,-1.0574390274463407e-08,-9.435925707457216e-09,-9.433530845370797e-09,-9.443763993033372e-09,-9.426028965947317e-09,-0.1625341162299856,-0.16253400381144067,-0.16253359834885472,-0.16253368752205294,-0.15782908349229718,-0.15783097194393858,-0.15782096268939938,-0.1578223924032542,-0.1716773956862927,-0.1716773909954099,-0.1716774113315065,-0.17167740450934485,-0.12633431367784198,-0.12633423709396596,-0.12633445676281863,-0.12633437620872112,-0.0653077715819097,-0.06530776995522891,-0.06530775934539523,-0.06530776570363994,-0.05136797869689369,-0.05136795589811638,-0.0513679638883513,-0.05136799634769186,-0.05884362485646244,-0.0588434464090517,-0.058843736264964086,-0.05884387624686848,-0.05325228063567733,-0.0532522625814158,-0.053252322116193795,-0.053252330834900156,-0.06768243431836984,-0.06768243405937158,-0.0676824333883328,-0.06768243329796958,-0.06779245265435674,-0.06779245263971045,-0.067792452662645,-0.06779245266163395,-0.06905634789927517,-0.0690563479106776,-0.06905634789201365,-0.06905634789607938,-0.07702025464256146,-0.07702025426381476,-0.07702025318408445,-0.07702024971899325,-0.07363419617516698,-0.07363419600481957,-0.07363419542771155,-0.07363419501808652,-0.07481738470028976,-0.07481738476731226,-0.07481738370699009,-0.07481738426135863,-0.08064619876592705,-0.08064619578749677,-0.08064619004653029,-0.08064620671442452,-0.08303538345379535,-0.08303538257996657,-0.08303540300683121,-0.08303538579891387,-0.08223964068820883,-0.08223964536310646,-0.08223963941065038,-0.08223964360299299,-0.10724710871590837,-0.10724709920663705,-0.10724710848682717,-0.1072471151067974,-0.11445776348909065,-0.11445776792152174,-0.11445773474767318,-0.11445775650345182,-0.12866148663247623,-0.12866149144689754,-0.12866149135355265,-0.12866151079889862,0.0,0.0,0.0,0.0,0.0,0.0,0.0,0.0,0.0,0.0,0.0,0.0,0.0,0.0,0.0,0.0,0.0,0.0,0.0,0.0,0.0,0.0,0.0,0.0,0.0,0.0,0.0,0.0,0.0,0.0,0.0,0.0,0.0,0.0,0.0,0.0,0.0,0.0,0.0,0.0,0.0,0.0,0.0,0.0,0.0,0.0,0.0,0.0
201_CT_1,0.0,0.0,0.0,0.0,0.0,0.0,0.0,0.0,0.0,0.0,0.0,0.0,0.0,0.0,0.0,0.0,0.0,0.0,0.0,0.0,0.0,0.0,0.0,0.0,0.0,0.0,0.0,0.0,0.0,0.0,0.0,0.0,0.0,0.0,0.0,0.0,0.0,0.0,0.0,0.0,0.0,0.0,0.0,0.0,0.0,0.0,0.0,0.0,0.0,0.0,0.0,0.0,0.0,0.0,0.0,0.0,0.0,0.0,0.0,0.0,0.0,0.0,0.0,0.0,0.0,0.0,0.0,0.0,0.0,0.0,0.0,0.0,0.0,0.0,0.0,0.0,0.0,0.0,0.0,0.0,0.0,0.0,0.0,0.0,0.0,0.0,0.0,0.0,0.0,0.0,0.0,0.0,0.0,0.0,0.0,0.0,0.0,0.0,0.0,0.0,0.0,0.0,0.0,0.0,0.0,0.0,0.0,0.0,0.0,0.0,0.0,0.0,0.0,0.0,0.0,0.0,0.0,0.0,0.0,0.0,0.0,0.0,0.0,0.0,0.0,0.0,0.0,0.0,0.0,0.0,0.0,0.0,0.0,0.0,0.0,0.0,0.0,0.0,0.0,0.0,0.0,0.0,0.0,0.0
201_CT_2,0.0,0.0,0.0,0.0,0.0,0.0,0.0,0.0,0.0,0.0,0.0,0.0,0.0,0.0,0.0,0.0,0.0,0.0,0.0,0.0,0.0,0.0,0.0,0.0,0.0,0.0,0.0,0.0,0.0,0.0,0.0,0.0,0.0,0.0,0.0,0.0,0.0,0.0,0.0,0.0,0.0,0.0,0.0,0.0,0.0,0.0,0.0,0.0,0.0,0.0,0.0,0.0,0.0,0.0,0.0,0.0,0.0,0.0,0.0,0.0,0.0,0.0,0.0,0.0,0.0,0.0,0.0,0.0,0.0,0.0,0.0,0.0,0.0,0.0,0.0,0.0,0.0,0.0,0.0,0.0,0.0,0.0,0.0,0.0,0.0,0.0,0.0,0.0,0.0,0.0,0.0,0.0,0.0,0.0,0.0,0.0,0.0,0.0,0.0,0.0,0.0,0.0,0.0,0.0,0.0,0.0,0.0,0.0,0.0,0.0,0.0,0.0,0.0,0.0,0.0,0.0,0.0,0.0,0.0,0.0,0.0,0.0,0.0,0.0,0.0,0.0,0.0,0.0,0.0,0.0,0.0,0.0,0.0,0.0,0.0,0.0,0.0,0.0,0.0,0.0,0.0,0.0,0.0,0.0
201_STEAM_3,0.013626435310455431,0.013626437564196792,0.013626432622745765,0.013626429022041534,-7.102348986709472e-10,-7.080766528666516e-10,-7.43621164644992e-10,-7.324650892525973e-10,-6.324717138905811e-10,-6.289215814803129e-10,-6.476046365833099e-10,-6.537772764812271e-10,-5.923209422942222e-10,-5.869174590777959e-10,-6.161011700811514e-10,-6.09656615376902e-10,-4.852080820461069e-10,-4.79316142332209e-10,-4.767758410295642e-10,-4.899825469088297e-10,0.011617477595337766,0.011617469311355322,0.011617477175683621,0.01161747111298047,-0.017526193999876705,-0.01752619254501636,-0.017526189882378862,-0.017526188418137755,-0.009971091089818529,-0.009971090404434224,-0.009971096436141691,-0.00997109159814032,-0.011658304962235522,-0.011658307277344293,-0.01165829477262248,-0.011658299589382463,-0.009723526072861588,-0.009723511871017554,-0.009723542063464041,-0.00972354728105572,-0.01023597365072032,-0.010235909544921595,-0.010236059235635642,-0.010236095911739204,-0.009527393581584248,-0.009527381799590284,-0.00952742055890865,-0.009527417849076167,-0.009628868817865788,-0.009628868871492835,-0.009628868992642259,-0.009628869009254162,-0.009931181705043896,-0.009931181707114045,-0.009931181702686587,-0.009931181701468644,-0.009328188691222983,-0.00932818869314106,-0.009328188689190275,-0.009328188689611733,-0.007836730492475685,-0.00783673075321617,-0.007836731493862326,-0.007836733839867898,-0.005602158116380096,-0.005602158117915229,-0.00560215812176168,-0.005602158126800761,-0.007620408299088666,-0.007620408196893164,-0.007620409811840645,-0.007620408977031139,-0.007007389108932172,-0.007007389026065264,-0.007007382390258554,-0.007007385994402319,-0.0064116524973305,-0.006411654369385206,-0.006411643642584397,-0.0064116514062608106,-0.007077722567814179,-0.00707771936714012,-0.007077717887007173,-0.007077725192393715,-0.008022616318120013,-0.008022650072241566,-0.008022638090988243,-0.008022694127737099,-0.012904237536756014,-0.012904234431222461,-0.012904233543872157,-0.012904231915744548,-0.027545676187117896,-0.02754568118159309,-0.02754564356207756,-0.027545681431832534,0.0,0.0,0.0,0.0,0.0,0.0,0.0,0.0,0.0,0.0,0.0,0.0,0.0,0.0,0.0,0.0,0.0,0.0,0.0,0.0,0.0,0.0,0.0,0.0,0.0,0.0,0.0,0.0,0.0,0.0,0.0,0.0,0.0,0.0,0.0,0.0,0.0,0.0,0.0,0.0,0.0,0.0,0.0,0.0,0.0,0.0,0.0,0.0
202_CT_1,0.0,0.0,0.0,0.0,0.0,0.0,0.0,0.0,0.0,0.0,0.0,0.0,0.0,0.0,0.0,0.0,0.0,0.0,0.0,0.0,0.0,0.0,0.0,0.0,0.0,0.0,0.0,0.0,0.0,0.0,0.0,0.0,0.0,0.0,0.0,0.0,0.0,0.0,0.0,0.0,0.0,0.0,0.0,0.0,0.0,0.0,0.0,0.0,0.0,0.0,0.0,0.0,0.0,0.0,0.0,0.0,0.0,0.0,0.0,0.0,0.0,0.0,0.0,0.0,0.0,0.0,0.0,0.0,0.0,0.0,0.0,0.0,0.0,0.0,0.0,0.0,0.0,0.0,0.0,0.0,0.0,0.0,0.0,0.0,0.0,0.0,0.0,0.0,0.0,0.0,0.0,0.0,0.0,0.0,0.0,0.0,0.0,0.0,0.0,0.0,0.0,0.0,0.0,0.0,0.0,0.0,0.0,0.0,0.0,0.0,0.0,0.0,0.0,0.0,0.0,0.0,0.0,0.0,0.0,0.0,0.0,0.0,0.0,0.0,0.0,0.0,0.0,0.0,0.0,0.0,0.0,0.0,0.0,0.0,0.0,0.0,0.0,0.0,0.0,0.0,0.0,0.0,0.0,0.0
202_CT_2,0.0,0.0,0.0,0.0,0.0,0.0,0.0,0.0,0.0,0.0,0.0,0.0,0.0,0.0,0.0,0.0,0.0,0.0,0.0,0.0,0.0,0.0,0.0,0.0,0.0,0.0,0.0,0.0,0.0,0.0,0.0,0.0,0.0,0.0,0.0,0.0,0.0,0.0,0.0,0.0,0.0,0.0,0.0,0.0,0.0,0.0,0.0,0.0,0.0,0.0,0.0,0.0,0.0,0.0,0.0,0.0,-0.00242189144123537,-0.0024218914851981133,-0.0024218914335135677,-0.0024218914794227144,0.0,0.0,0.0,0.0,0.0,0.0,0.0,0.0,0.0,0.0,0.0,0.0,0.0,0.0,0.0,0.0,0.0,0.0,0.0,0.0,0.0,0.0,0.0,0.0,0.0,0.0,0.0,0.0,0.0,0.0,0.0,0.0,0.0,0.0,0.0,0.0,0.0,0.0,0.0,0.0,0.0,0.0,0.0,0.0,0.0,0.0,0.0,0.0,0.0,0.0,0.0,0.0,0.0,0.0,0.0,0.0,0.0,0.0,0.0,0.0,0.0,0.0,0.0,0.0,0.0,0.0,0.0,0.0,0.0,0.0,0.0,0.0,0.0,0.0,0.0,0.0,0.0,0.0,0.0,0.0,0.0,0.0,0.0,0.0
202_STEAM_3,0.013317086572701198,0.013317092357274685,0.013317062369572863,0.013317078710197584,-1.0990520715736807e-09,-1.0966268448875383e-09,-1.139650152026661e-09,-1.1233891899225741e-09,-9.884446039443162e-10,-9.844118298296678e-10,-1.0078156087445223e-09,-1.0137066393600012e-09,-9.269835732350629e-10,-9.208123152859571e-10,-9.55113765854776e-10,-9.463689126158888e-10,-8.304307935746991e-10,-8.234381787541878e-10,-8.197585943392482e-10,-8.361965324417175e-10,0.010099162626788866,0.010099151897480951,0.010099156637227935,0.01009914073022091,-0.017873034399974952,-0.01787303179534888,-0.01787303506210547,-0.017873031965108366,-0.010087030826456372,-0.010087029533875858,-0.010087036170397967,-0.010087031574098775,-0.011964475402863411,-0.011964477408019702,-0.011964465724780382,-0.011964470846870277,-0.00951788317804747,-0.009517871694414481,-0.009517896614535282,-0.009517900143098673,-0.010005659965895447,-0.010005607443163034,-0.010005730529633272,-0.01000575770414628,-0.009785546242260829,-0.009785534281527897,-0.009785576313062316,-0.009785572540112367,-0.009447643249367838,-0.009447643297339714,-0.00944764340595361,-0.009447643421183231,-0.009904606538675531,-0.00990460654007086,-0.009904606536961902,-0.009904606534427571,-0.009218935398499606,-0.009218935400311934,-0.009218935396087757,-0.009218935394053442,-0.007804879642520163,-0.007804879909722312,-0.007804880668862646,-0.007804883073121119,-0.007785754775090081,-0.007785754830539393,-0.007785755015932372,-0.007785755151839404,-0.002842758808702911,-0.002842758852135835,-0.0028427581519581135,-0.0028427585158853504,-0.006981311276749169,-0.006981311183664185,-0.006981304469981686,-0.0069813085340865565,-0.00646839766244961,-0.006468399425096083,-0.006468389613494607,-0.0064683964490983206,-0.0073337200250465084,-0.007333717384775548,-0.007333716192157114,-0.007333721782715211,-0.008059217626890908,-0.008059230529479447,-0.008059226268363417,-0.008059238104963874,-0.012930428343086442,-0.012930425777137378,-0.012930424164663723,-0.012930423485475007,-0.02758132771593591,-0.02758132595922945,-0.027581337603902134,-0.02758132499939276,0.0,0.0,0.0,0.0,0.0,0.0,0.0,0.0,0.0,0.0,0.0,0.0,0.0,0.0,0.0,0.0,0.0,0.0,0.0,0.0,0.0,0.0,0.0,0.0,0.0,0.0,0.0,0.0,0.0,0.0,0.0,0.0,0.0,0.0,0.0,0.0,0.0,0.0,0.0,0.0,0.0,0.0,0.0,0.0,0.0,0.0,0.0,0.0
202_STEAM_4,0.013317086572701198,0.013317092357274685,0.013317062369572863,0.013317078710197584,-1.0990520715736807e-09,-1.0966268448875383e-09,-1.139650152026661e-09,-1.1233891899225741e-09,-9.884446039443162e-10,-9.844118298296678e-10,-1.0078156087445223e-09,-1.0137066393600012e-09,-9.269835732350629e-10,-9.208123152859571e-10,-9.55113765854776e-10,-9.463689126158888e-10,-8.304307935746991e-10,-8.234381787541878e-10,-8.197585943392482e-10,-8.361965324417175e-10,0.010099162626994507,0.010099151897686398,0.01009915663743266,0.010099140730426476,-0.017873034398681542,-0.017873031794055305,-0.01787303506081206,-0.017873031963814873,-0.010087030826456372,-0.010087029533875858,-0.010087036170397967,-0.010087031574098775,-0.011964475402863411,-0.011964477408019702,-0.011964465724780382,-0.011964470846870277,-0.00951788317804747,-0.009517871694414481,-0.009517896614535282,-0.009517900143098673,-0.010005659965895447,-0.010005607443163034,-0.010005730529633272,-0.01000575770414628,-0.009785546242260829,-0.009785534281527897,-0.009785576313062316,-0.009785572540112367,-0.009447643249367838,-0.009447643297339714,-0.00944764340595361,-0.009447643421183231,-0.009904603133229606,-0.009904603134624712,-0.009904603131516199,-0.009904603128780049,-0.009218935398499606,-0.009218935400311934,-0.009218935396087757,-0.009218935394053442,-0.007803644907005414,-0.007803645174104867,-0.0078036459331279895,-0.007803648338217307,-0.007785765590394345,-0.00778576564585351,-0.00778576583119861,-0.007785765967191286,-0.005788289484408349,-0.005788289439227962,-0.005788290147762054,-0.005788289779192802,-0.006981311276749169,-0.006981311183664185,-0.006981304469981686,-0.0069813085340865565,-0.00646839766244961,-0.006468399425096083,-0.006468389613494607,-0.0064683964490983206,-0.006946959213899845,-0.006946956455922609,-0.0069469556191028015,-0.0069469614747280865,-0.008059217626890908,-0.008059230529479447,-0.008059226268363417,-0.008059238104963874,-0.012930428345326983,-0.012930425779377919,-0.012930424166904042,-0.012930423487714211,-0.02758132771593591,-0.02758132595922945,-0.027581337603902134,-0.02758132499939276,0.0,0.0,0.0,0.0,0.0,0.0,0.0,0.0,0.0,0.0,0.0,0.0,0.0,0.0,0.0,0.0,0.0,0.0,0.0,0.0,0.0,0.0,0.0,0.0,0.0,0.0,0.0,0.0,0.0,0.0,0.0,0.0,0.0,0.0,0.0,0.0,0.0,0.0,0.0,0.0,0.0,0.0,0.0,0.0,0.0,0.0,0.0,0.0
207_CT_1,0.0,0.0,0.0,0.0,0.0,0.0,0.0,0.0,0.0,0.0,0.0,0.0,0.0,0.0,0.0,0.0,0.0,0.0,0.0,0.0,0.0,0.0,0.0,0.0,0.0,0.0,0.0,0.0,0.0,0.0,0.0,0.0,0.0,0.0,0.0,0.0,0.0,0.0,0.0,0.0,0.0,0.0,0.0,0.0,0.0,0.0,0.0,0.0,0.0,0.0,0.0,0.0,0.0,0.0,0.0,0.0,0.0,0.0,0.0,0.0,0.0,0.0,0.0,0.0,0.0,0.0,0.0,0.0,0.0,0.0,0.0,0.0,0.0,0.0,0.0,0.0,0.0,0.0,0.0,0.0,0.0,0.0,0.0,0.0,0.0,0.0,0.0,0.0,0.0,0.0,0.0,0.0,0.0,0.0,0.0,0.0,0.0,0.0,0.0,0.0,0.0,0.0,0.0,0.0,0.0,0.0,0.0,0.0,0.0,0.0,0.0,0.0,0.0,0.0,0.0,0.0,0.0,0.0,0.0,0.0,0.0,0.0,0.0,0.0,0.0,0.0,0.0,0.0,0.0,0.0,0.0,0.0,0.0,0.0,0.0,0.0,0.0,0.0,0.0,0.0,0.0,0.0,0.0,0.0
207_CT_2,0.0,0.0,0.0,0.0,0.0,0.0,0.0,0.0,0.0,0.0,0.0,0.0,0.0,0.0,0.0,0.0,0.0,0.0,0.0,0.0,0.0,0.0,0.0,0.0,0.0,0.0,0.0,0.0,0.0,0.0,0.0,0.0,0.0,0.0,0.0,0.0,0.0,0.0,0.0,0.0,0.0,0.0,0.0,0.0,0.0,0.0,0.0,0.0,0.0,0.0,0.0,0.0,0.0,0.0,0.0,0.0,0.0,0.0,0.0,0.0,0.0,0.0,0.0,0.0,0.0,0.0,0.0,0.0,0.0,0.0,0.0,0.0,0.0,0.0,0.0,0.0,0.0,0.0,0.0,0.0,0.0,0.0,0.0,0.0,0.0,0.0,0.0,0.0,0.0,0.0,0.0,0.0,0.0,0.0,0.0,0.0,0.0,0.0,0.0,0.0,0.0,0.0,0.0,0.0,0.0,0.0,0.0,0.0,0.0,0.0,0.0,0.0,0.0,0.0,0.0,0.0,0.0,0.0,0.0,0.0,0.0,0.0,0.0,0.0,0.0,0.0,0.0,0.0,0.0,0.0,0.0,0.0,0.0,0.0,0.0,0.0,0.0,0.0,0.0,0.0,0.0,0.0,0.0,0.0
212_CSP_1,-0.22594564600259961,-0.2259461319398456,-0.22594341130019202,-0.2259450557150462,-0.21663788985257987,-0.21663789316433738,-0.21663767393028188,-0.21663789026802546,-0.19641948537054094,-0.1964194901561013,-0.19641930644228955,-0.19641947718466748,-0.18710843161451404,-0.18710843817834433,-0.1871082264196306,-0.18710841967766553,-0.15210395769470314,-0.15210392595333172,-0.152103680047661,-0.15210381724285066,-0.18081607243107256,-0.18081587041083336,-0.18081604313865943,-0.1808159638760284,-0.13564746312410372,-0.1356474370618116,-0.13564748589856093,-0.13564745885312648,-0.09263414259856353,-0.09263410550439066,-0.0926342114846285,-0.09263417786732434,-0.053767679763162504,-0.053767677323257206,-0.05376769625324532,-0.05376768408028647,-0.04425750338796783,-0.04425748976869936,-0.044257441718006274,-0.044257514348950956,-0.05334503702550035,-0.05334484313440772,-0.053345095801047966,-0.05334532588359533,-0.04861982771160885,-0.048619824632328126,-0.04861984411336483,-0.048619892617350814,-0.054955749410380214,-0.05495575043149348,-0.054955753129934184,-0.0549557534766566,-0.056510355036354376,-0.05651035486599388,-0.05651035519296537,-0.05651035513584373,-0.0519853110432131,-0.05198531105498528,-0.05198531103740535,-0.05198531104600582,-0.05600738671090226,-0.056007387835546985,-0.056007391031796236,-0.056007401163906755,-0.05373444599744136,-0.05373444599916407,-0.053734446003898914,-0.053734446010958434,-0.05427381811581679,-0.05427381772981906,-0.054273823800289445,-0.0542738206482032,-0.058677331596045476,-0.05867732695876157,-0.05867731138876339,-0.05867734310996101,-0.061277472398088846,-0.061277468759123224,-0.061277450547015916,-0.06127747794374219,-0.06335732202475686,-0.06335732024180496,-0.06335732327066368,-0.06335732201849203,-0.07911924133552542,-0.07911924173846713,-0.07911924655214692,-0.07911924280545395,-0.08999425960315882,-0.08999426030379015,-0.08999428778632163,-0.0899942717574228,-0.10400459893592921,-0.10400460025653738,-0.10400464220888161,-0.10400462722111183,0.0,0.0,0.0,0.0,0.0,0.0,0.0,0.0,0.0,0.0,0.0,0.0,0.0,0.0,0.0,0.0,0.0,0.0,0.0,0.0,0.0,0.0,0.0,0.0,0.0,0.0,0.0,0.0,0.0,0.0,0.0,0.0,0.0,0.0,0.0,0.0,0.0,0.0,0.0,0.0,0.0,0.0,0.0,0.0,0.0,0.0,0.0,0.0
213_CC_3,0.0,0.0,0.0,0.0,0.0,0.0,0.0,0.0,0.0,0.0,0.0,0.0,0.0,0.0,0.0,0.0,0.0,0.0,0.0,0.0,0.0,0.0,0.0,0.0,0.0,0.0,0.0,0.0,0.0,0.0,0.0,0.0,1.1313172620930345e-13,1.1235457009206584e-13,9.050538096744276e-13,0.0,-0.17833201959173983,-0.17833181839076473,-0.17833183545692055,-0.1783321120087159,-0.04582642474170995,-0.04582619694818524,-0.04582653150966998,-0.0458267498536979,-0.05479537943597912,-0.054795342839822236,-0.05479543247928653,-0.05479541508783877,-0.054983631263306854,-0.054983630938378436,-0.05498363016085772,-0.05498363004399686,-0.05685647148030171,-0.05685647150931139,-0.056856471452120694,-0.056856471466407175,-0.056365628794301736,-0.05636562879401308,-0.05636562879362694,-0.05636562880785698,-0.06177375191479795,-0.06177375151139031,-0.06177375036654542,-0.06177374674364936,-0.06015103708492875,-0.06015103705037633,-0.06015103693587598,-0.06015103684855576,-0.06792930596550761,-0.0679293059976841,-0.06792930548642406,-0.06792930574943867,-0.06738407022972126,-0.06738406538250863,-0.0673840781581494,-0.06738408112530725,-0.07773931483493013,-0.07773930483622105,-0.07773935685003996,-0.07773935026897046,-0.08399500727990639,-0.08399501655499214,-0.08399513267989733,-0.08399501434294933,0.0,0.0,0.0,0.0,0.0,0.0,0.0,0.0,0.0,0.0,0.0,0.0,0.0,0.0,0.0,0.0,0.0,0.0,0.0,0.0,0.0,0.0,0.0,0.0,0.0,0.0,0.0,0.0,0.0,0.0,0.0,0.0,0.0,0.0,0.0,0.0,0.0,0.0,0.0,0.0,0.0,0.0,0.0,0.0,0.0,0.0,0.0,0.0,0.0,0.0,0.0,0.0,0.0,0.0,0.0,0.0,0.0,0.0,0.0,0.0
213_CT_1,0.0,0.0,0.0,0.0,0.0,0.0,0.0,0.0,0.0,0.0,0.0,0.0,0.0,0.0,0.0,0.0,0.0,0.0,0.0,0.0,0.0,0.0,0.0,0.0,0.0,0.0,0.0,0.0,0.0,0.0,0.0,0.0,0.0,0.0,0.0,0.0,0.0,0.0,0.0,0.0,0.0,0.0,0.0,0.0,0.0,0.0,0.0,0.0,0.0,0.0,0.0,0.0,0.0,0.0,0.0,0.0,0.0,0.0,0.0,0.0,0.0,0.0,0.0,0.0,0.0,0.0,0.0,0.0,0.0,0.0,0.0,0.0,0.0,0.0,0.0,0.0,0.0,0.0,0.0,0.0,0.0,0.0,0.0,0.0,0.0,0.0,0.0,0.0,0.0,0.0,0.0,0.0,0.0,0.0,0.0,0.0,0.0,0.0,0.0,0.0,0.0,0.0,0.0,0.0,0.0,0.0,0.0,0.0,0.0,0.0,0.0,0.0,0.0,0.0,0.0,0.0,0.0,0.0,0.0,0.0,0.0,0.0,0.0,0.0,0.0,0.0,0.0,0.0,0.0,0.0,0.0,0.0,0.0,0.0,0.0,0.0,0.0,0.0,0.0,0.0,0.0,0.0,0.0,0.0
213_CT_2,0.0,0.0,0.0,0.0,0.0,0.0,0.0,0.0,0.0,0.0,0.0,0.0,0.0,0.0,0.0,0.0,0.0,0.0,0.0,0.0,0.0,0.0,0.0,0.0,0.0,0.0,0.0,0.0,0.0,0.0,0.0,0.0,0.0,0.0,0.0,0.0,0.0,0.0,0.0,0.0,0.0,0.0,0.0,0.0,0.0,0.0,0.0,0.0,0.0,0.0,0.0,0.0,0.0,0.0,0.0,0.0,0.0,0.0,0.0,0.0,0.0,0.0,0.0,0.0,0.0,0.0,0.0,0.0,0.0,0.0,0.0,0.0,0.0,0.0,0.0,0.0,0.0,0.0,0.0,0.0,0.0,0.0,0.0,0.0,0.0,0.0,0.0,0.0,0.0,0.0,0.0,0.0,0.0,0.0,0.0,0.0,0.0,0.0,0.0,0.0,0.0,0.0,0.0,0.0,0.0,0.0,0.0,0.0,0.0,0.0,0.0,0.0,0.0,0.0,0.0,0.0,0.0,0.0,0.0,0.0,0.0,0.0,0.0,0.0,0.0,0.0,0.0,0.0,0.0,0.0,0.0,0.0,0.0,0.0,0.0,0.0,0.0,0.0,0.0,0.0,0.0,0.0,0.0,0.0
215_CT_4,0.0,0.0,0.0,0.0,0.0,0.0,0.0,0.0,0.0,0.0,0.0,0.0,0.0,0.0,0.0,0.0,0.0,0.0,0.0,0.0,0.0,0.0,0.0,0.0,0.0,0.0,0.0,0.0,0.0,0.0,0.0,0.0,0.0,0.0,0.0,0.0,0.0,0.0,0.0,0.0,0.0,0.0,0.0,0.0,0.0,0.0,0.0,0.0,0.0,0.0,0.0,0.0,0.0,0.0,0.0,0.0,0.0,0.0,0.0,0.0,0.0,0.0,0.0,0.0,0.0,0.0,0.0,0.0,0.0,0.0,0.0,0.0,0.0,0.0,0.0,0.0,0.0,0.0,0.0,0.0,0.0,0.0,0.0,0.0,0.0,0.0,0.0,0.0,0.0,0.0,0.0,0.0,0.0,0.0,0.0,0.0,0.0,0.0,0.0,0.0,0.0,0.0,0.0,0.0,0.0,0.0,0.0,0.0,0.0,0.0,0.0,0.0,0.0,0.0,0.0,0.0,0.0,0.0,0.0,0.0,0.0,0.0,0.0,0.0,0.0,0.0,0.0,0.0,0.0,0.0,0.0,0.0,0.0,0.0,0.0,0.0,0.0,0.0,0.0,0.0,0.0,0.0,0.0,0.0
215_CT_5,0.0,0.0,0.0,0.0,0.0,0.0,0.0,0.0,0.0,0.0,0.0,0.0,0.0,0.0,0.0,0.0,0.0,0.0,0.0,0.0,0.0,0.0,0.0,0.0,0.0,0.0,0.0,0.0,0.0,0.0,0.0,0.0,0.0,0.0,0.0,0.0,0.0,0.0,0.0,0.0,0.0,0.0,0.0,0.0,0.0,0.0,0.0,0.0,0.0,0.0,0.0,0.0,0.0,0.0,0.0,0.0,0.0,0.0,0.0,0.0,0.0,0.0,0.0,0.0,0.0,0.0,0.0,0.0,0.0,0.0,0.0,0.0,0.0,0.0,0.0,0.0,0.0,0.0,0.0,0.0,0.0,0.0,0.0,0.0,0.0,0.0,0.0,0.0,0.0,0.0,0.0,0.0,0.0,0.0,0.0,0.0,0.0,0.0,0.0,0.0,0.0,0.0,0.0,0.0,0.0,0.0,0.0,0.0,0.0,0.0,0.0,0.0,0.0,0.0,0.0,0.0,0.0,0.0,0.0,0.0,0.0,0.0,0.0,0.0,0.0,0.0,0.0,0.0,0.0,0.0,0.0,0.0,0.0,0.0,0.0,0.0,0.0,0.0,0.0,0.0,0.0,0.0,0.0,0.0
216_STEAM_1,-0.1204675384996593,-0.12046603732877043,-0.12047090760220058,-0.12046984834796744,-0.11851367003375679,-0.11851366971659327,-0.11851366350636994,-0.11851365749961976,-0.10745301911438704,-0.1074530254442922,-0.10745291241570287,-0.10745299025932013,-0.10235932157742061,-0.10235933131715635,-0.10235921740286535,-0.10235929729294996,-0.08320984542205428,-0.08320982470678817,-0.08320951244113828,-0.08320969285007891,-0.09525965693432292,-0.09525954058991731,-0.09525999357595039,-0.09525995297288802,-0.06099054375655533,-0.06099053160571255,-0.060990562415871086,-0.06099054701859627,-0.02942646949062644,-0.02942646052205844,-0.029426484499632366,-0.0294264729848844,-0.02685217850592897,-0.02685217897555503,-0.026852162353121045,-0.02685217445385492,-0.020982559426226677,-0.020982548927502842,-0.020982554795950126,-0.020982569339294065,-0.02330659263555812,-0.023306519269302828,-0.02330665033219681,-0.023306701125712596,-0.02203537567944258,-0.022035367571415443,-0.02203540133546822,-0.022035403678951546,-0.022752372259222886,-0.022752372275308685,-0.022752372300378187,-0.022752372310152907,-0.023603474042609263,-0.02360347403691998,-0.023603474044356698,-0.023603474044655962,-0.022062780814867344,-0.02206278080370261,-0.022062780820904626,-0.02206278080814063,-0.019874079664923328,-0.019874079800636324,-0.01987408018500525,-0.019874081418128447,-0.019157129602489775,-0.01915712959477922,-0.019157129567090037,-0.01915712955029578,-0.019552269035100822,-0.019552268990197075,-0.019552269704863345,-0.019552269335068415,-0.020098712249897233,-0.02009871227090082,-0.020098702305854088,-0.020098712430304456,-0.0215493997030346,-0.021549400482026693,-0.021549400341529967,-0.02154940136609463,-0.024553186681474853,-0.0245531851836146,-0.024553183914399757,-0.024553186803416324,-0.026916659641885055,-0.026916661018359322,-0.026916662461483165,-0.0269166610257417,-0.04153957331391045,-0.04153957291375732,-0.04153956927324298,-0.04153957112261251,-0.056544893977792166,-0.05654489395539297,-0.05654490594771011,-0.05654490084207434,0.0,0.0,0.0,0.0,0.0,0.0,0.0,0.0,0.0,0.0,0.0,0.0,0.0,0.0,0.0,0.0,0.0,0.0,0.0,0.0,0.0,0.0,0.0,0.0,0.0,0.0,0.0,0.0,0.0,0.0,0.0,0.0,0.0,0.0,0.0,0.0,0.0,0.0,0.0,0.0,0.0,0.0,0.0,0.0,0.0,0.0,0.0,0.0
218_CC_1,0.0,0.0,0.0,0.0,0.0,0.0,0.0,0.0,0.0,0.0,0.0,0.0,0.0,0.0,0.0,0.0,0.0,0.0,0.0,0.0,0.0,0.0,0.0,0.0,0.0,0.0,0.0,0.0,0.0,0.0,0.0,0.0,0.0,0.0,0.0,0.0,0.0,0.0,0.0,0.0,0.0,0.0,0.0,0.0,-0.18816109065423248,-0.1881610385165815,-0.1881612114698168,-0.18816124418986768,-0.08695720081399361,-0.08695720213558289,-0.08695720530019901,-0.08695720577835629,-0.05736771189861578,-0.05736771189676526,-0.05736771189460477,-0.05736771189083158,-0.06453815464081858,-0.06453815464451673,-0.06453815463774815,-0.06453815464736493,-0.06180223508589722,-0.06180223485191494,-0.06180223418632513,-0.06180223211317237,-0.05958141213995105,-0.05958141206168843,-0.05958141179580512,-0.05958141160280577,-0.060358144708357986,-0.0603581447612388,-0.060358143929171604,-0.06035814436971407,-0.07096995437141773,-0.0709699511661982,-0.07096994601317519,-0.07096996240191347,-0.06927701471543579,-0.06927701210703929,-0.06927703353405024,-0.06927701952029874,-0.07263348654933999,-0.07263349135499508,-0.07263348854721552,-0.0726334918799932,-0.1270032756933681,-0.12700332689261368,-0.12700329011054046,-0.12700367465114387,2.255973186038318e-13,2.258748743599881e-13,4.5297099404706387e-13,0.0,0.0,0.0,0.0,0.0,0.0,0.0,0.0,0.0,0.0,0.0,0.0,0.0,0.0,0.0,0.0,0.0,0.0,0.0,0.0,0.0,0.0,0.0,0.0,0.0,0.0,0.0,0.0,0.0,0.0,0.0,0.0,0.0,0.0,0.0,0.0,0.0,0.0,0.0,0.0,0.0,0.0,0.0,0.0,0.0,0.0,0.0,0.0,0.0,0.0,0.0,0.0,0.0
221_CC_1,0.007874390572597756,0.0078743982554762,0.007874356299059748,0.007874381290328497,-1.5951395759827847e-10,-1.5982770662503754e-10,-1.538200677941859e-10,-1.5915057172603505e-10,-1.3314416236198667e-10,-1.3370660134626178e-10,-1.333404497927404e-10,-1.3180278215038298e-10,-1.2554035588863144e-10,-1.2644907343428713e-10,-1.2258993820069009e-10,-1.23085812240359e-10,-2.5785773516417976e-10,-2.5435720196753664e-10,-2.270432730711036e-10,-2.472667985427823e-10,0.008305383433535596,0.008305377511047096,0.008305381872526496,0.0083053804584069,0.03367479583292465,0.03367477528172391,0.03367486928656849,0.03367483187901894,-0.10228805572920996,-0.10228800987216946,-0.10228814360407501,-0.10228811137150899,-0.02325588918726673,-0.0232547544807733,-0.02325832274015127,-0.023256274127485252,-0.04362987356455794,-0.0436298534334032,-0.04362985876104286,-0.04362988971597128,-0.04915741709155663,-0.0491572075939124,-0.0491575278965426,-0.04915771449583746,-0.04637335023829248,-0.04637332975957276,-0.04637339074269686,-0.046373391876958825,-0.05461175057267653,-0.05461175030947496,-0.054611749674066346,-0.05461174957835019,-0.056880129926098255,-0.056880129950219516,-0.056880129902287635,-0.05688012991969226,-0.05718472444960043,-0.05718472445282119,-0.05718472444685707,-0.05718472445548853,-0.06136095934742436,-0.06136095894699667,-0.06136095781380879,-0.06136095428521573,-0.05940358199742901,-0.059403581939561245,-0.05940358174624194,-0.059403581605598235,-0.0607551324003851,-0.06075513249321007,-0.060755131028513265,-0.06075513179563403,-0.06610567447709537,-0.06610567080043661,-0.06610567564707504,-0.06610568373109556,-0.06884866216727215,-0.0688486560589785,-0.06884869054373555,-0.06884868207993139,-0.06786512763910457,-0.06786513116949033,-0.06786513215239665,-0.06786513864382861,-0.08202155147777446,-0.08202147979513819,-0.08202150599020097,-0.08202120941462489,-0.0071489151185966104,-0.007148905261885163,-0.007148971899809009,-0.007148938741847098,0.0004651699631872397,0.00046521377729324964,0.0004652589826354969,0.0004654328881979738,0.0,0.0,0.0,0.0,0.0,0.0,0.0,0.0,0.0,0.0,0.0,0.0,0.0,0.0,0.0,0.0,0.0,0.0,0.0,0.0,0.0,0.0,0.0,0.0,0.0,0.0,0.0,0.0,0.0,0.0,0.0,0.0,0.0,0.0,0.0,0.0,0.0,0.0,0.0,0.0,0.0,0.0,0.0,0.0,0.0,0.0,0.0,0.0
223_CT_4,0.0,0.0,0.0,0.0,0.0,0.0,0.0,0.0,0.0,0.0,0.0,0.0,0.0,0.0,0.0,0.0,0.0,0.0,0.0,0.0,0.0,0.0,0.0,0.0,0.0,0.0,0.0,0.0,0.0,0.0,0.0,0.0,0.0,0.0,0.0,0.0,0.0,0.0,0.0,0.0,0.0,0.0,0.0,0.0,0.0,0.0,0.0,0.0,0.0,0.0,0.0,0.0,0.0,0.0,0.0,0.0,0.0,0.0,0.0,0.0,0.0,0.0,0.0,0.0,0.0,0.0,0.0,0.0,0.0,0.0,0.0,0.0,0.0,0.0,0.0,0.0,0.0,0.0,0.0,0.0,0.0,0.0,0.0,0.0,0.0,0.0,0.0,0.0,0.0,0.0,0.0,0.0,0.0,0.0,0.0,0.0,0.0,0.0,0.0,0.0,0.0,0.0,0.0,0.0,0.0,0.0,0.0,0.0,0.0,0.0,0.0,0.0,0.0,0.0,0.0,0.0,0.0,0.0,0.0,0.0,0.0,0.0,0.0,0.0,0.0,0.0,0.0,0.0,0.0,0.0,0.0,0.0,0.0,0.0,0.0,0.0,0.0,0.0,0.0,0.0,0.0,0.0,0.0,0.0
223_CT_5,0.0,0.0,0.0,0.0,0.0,0.0,0.0,0.0,0.0,0.0,0.0,0.0,0.0,0.0,0.0,0.0,0.0,0.0,0.0,0.0,0.0,0.0,0.0,0.0,0.0,0.0,0.0,0.0,0.0,0.0,0.0,0.0,0.0,0.0,0.0,0.0,0.0,0.0,0.0,0.0,0.0,0.0,0.0,0.0,0.0,0.0,0.0,0.0,0.0,0.0,0.0,0.0,0.0,0.0,0.0,0.0,0.0,0.0,0.0,0.0,0.0,0.0,0.0,0.0,0.0,0.0,0.0,0.0,0.0,0.0,0.0,0.0,0.0,0.0,0.0,0.0,0.0,0.0,0.0,0.0,0.0,0.0,0.0,0.0,0.0,0.0,0.0,0.0,0.0,0.0,0.0,0.0,0.0,0.0,0.0,0.0,0.0,0.0,0.0,0.0,0.0,0.0,0.0,0.0,0.0,0.0,0.0,0.0,0.0,0.0,0.0,0.0,0.0,0.0,0.0,0.0,0.0,0.0,0.0,0.0,0.0,0.0,0.0,0.0,0.0,0.0,0.0,0.0,0.0,0.0,0.0,0.0,0.0,0.0,0.0,0.0,0.0,0.0,0.0,0.0,0.0,0.0,0.0,0.0
223_CT_6,0.0,0.0,0.0,0.0,0.0,0.0,0.0,0.0,0.0,0.0,0.0,0.0,0.0,0.0,0.0,0.0,0.0,0.0,0.0,0.0,0.0,0.0,0.0,0.0,0.0,0.0,0.0,0.0,0.0,0.0,0.0,0.0,0.0,0.0,0.0,0.0,0.0,0.0,0.0,0.0,0.0,0.0,0.0,0.0,0.0,0.0,0.0,0.0,0.0,0.0,0.0,0.0,0.0,0.0,0.0,0.0,0.0,0.0,0.0,0.0,0.0,0.0,0.0,0.0,0.0,0.0,0.0,0.0,0.0,0.0,0.0,0.0,0.0,0.0,0.0,0.0,0.0,0.0,0.0,0.0,0.0,0.0,0.0,0.0,0.0,0.0,0.0,0.0,0.0,0.0,0.0,0.0,0.0,0.0,0.0,0.0,0.0,0.0,0.0,0.0,0.0,0.0,0.0,0.0,0.0,0.0,0.0,0.0,0.0,0.0,0.0,0.0,0.0,0.0,0.0,0.0,0.0,0.0,0.0,0.0,0.0,0.0,0.0,0.0,0.0,0.0,0.0,0.0,0.0,0.0,0.0,0.0,0.0,0.0,0.0,0.0,0.0,0.0,0.0,0.0,0.0,0.0,0.0,0.0
223_STEAM_1,-0.11986152713757298,-0.11986044930030726,-0.11986362897912928,-0.1198630976288793,-0.11851367744441521,-0.11851367942740948,-0.11851360256172505,-0.11851365165885239,-0.10745302854132799,-0.10745303886362995,-0.10745282412004675,-0.10745297893288622,-0.10235932969840547,-0.10235934419126663,-0.10235915016485642,-0.10235928715023161,-0.08320984140342633,-0.0832098239835442,-0.08320951092304818,-0.08320969824516708,-0.09498671989026217,-0.09498660002665554,-0.094986985498418,-0.09498692647401467,-0.06094473838657255,-0.06094472409984919,-0.06094476204982868,-0.06094474352773516,-0.029100086493682065,-0.029100078019681508,-0.029100099637382915,-0.029100089195971672,-0.02693530791487858,-0.026935308445144024,-0.02693529256836147,-0.02693530435182221,-0.021323507165331712,-0.02132349632623176,-0.02132350279511641,-0.021323517832875765,-0.023312306655880966,-0.023312234545605937,-0.023312363880726217,-0.023312413187318876,-0.022390470438086063,-0.02239046201282624,-0.022390498281931848,-0.02239050027727328,-0.022842155333434477,-0.02284215536579559,-0.022842155429065425,-0.022842155444399943,-0.023663444302317205,-0.023663444293229752,-0.023663444306497805,-0.023663444306986074,-0.022278312376126097,-0.02227831236648037,-0.022278312380543674,-0.022278312370788735,-0.01876102944414426,-0.018761029540679985,-0.018761029813614494,-0.01876103069327608,-0.01931308727921549,-0.019313087281508934,-0.019313087287521125,-0.01931308729487472,-0.019601541194039784,-0.019601541143837498,-0.019601541940380773,-0.019601541528023313,-0.020031059300275267,-0.020031059293007913,-0.020031049257385414,-0.020031059846880438,-0.021418303724435983,-0.021418304361653262,-0.021418304040821567,-0.021418305152826625,-0.024468931710912856,-0.024468930208689538,-0.024468928839334603,-0.02446893147484792,-0.026170883839592485,-0.02617088439043644,-0.02617088621461683,-0.0261708837944532,-0.04185442838280906,-0.041854428009332756,-0.04185442302763942,-0.0418544257265493,-0.05655161565089095,-0.056551616809036975,-0.05655161639051487,-0.056551621538468114,0.0,0.0,0.0,0.0,0.0,0.0,0.0,0.0,0.0,0.0,0.0,0.0,0.0,0.0,0.0,0.0,0.0,0.0,0.0,0.0,0.0,0.0,0.0,0.0,0.0,0.0,0.0,0.0,0.0,0.0,0.0,0.0,0.0,0.0,0.0,0.0,0.0,0.0,0.0,0.0,0.0,0.0,0.0,0.0,0.0,0.0,0.0,0.0
223_STEAM_2,-0.11986322283494655,-0.1198621454493573,-0.1198653229495581,-0.11986479326919997,-0.11851367744441521,-0.11851367942740948,-0.11851360256172505,-0.11851365165885239,-0.10745302854132799,-0.10745303886362995,-0.10745282412004675,-0.10745297893288622,-0.10235932968863565,-0.10235934417448261,-0.10235915025676068,-0.10235928716580897,-0.08320984140776486,-0.08320982398264526,-0.08320951094354978,-0.0832096982413548,-0.09498671989026217,-0.09498660002665554,-0.094986985498418,-0.09498692647401467,-0.060944738388977515,-0.060944724102254266,-0.0609447620522352,-0.06094474353014034,-0.029100086493682065,-0.029100078019681508,-0.029100099637382915,-0.029100089195971672,-0.026674601408605447,-0.026674601941366727,-0.02667458604825157,-0.02667459786198321,-0.021323507165331712,-0.02132349632623176,-0.02132350279511641,-0.021323517832875765,-0.023312306658393844,-0.023312234548117927,-0.023312363883249088,-0.023312413189832494,-0.022390470438086063,-0.02239046201282624,-0.022390498281931848,-0.02239050027727328,-0.022842155333434477,-0.02284215536579559,-0.022842155429065425,-0.022842155444399943,-0.023938289854793682,-0.023938289845475635,-0.023938289859507744,-0.023938289859783708,-0.02227831253407786,-0.0222783125244298,-0.02227831253849466,-0.022278312528739984,-0.01876102944414426,-0.018761029540679985,-0.018761029813614494,-0.01876103069327608,-0.01931308727921549,-0.019313087281508934,-0.019313087287521125,-0.01931308729487472,-0.019601541194039784,-0.019601541143837498,-0.019601541940380773,-0.019601541528023313,-0.020031059300275267,-0.020031059293007913,-0.020031049257385414,-0.020031059846880438,-0.021418303662723903,-0.021418304299941515,-0.02141830397910982,-0.02141830509112415,-0.024468931710912856,-0.024468930208689538,-0.024468928839334603,-0.02446893147484792,-0.026170883839343795,-0.026170884390187638,-0.026170886214367917,-0.026170883794204642,-0.04185442838280906,-0.041854428009332756,-0.04185442302763942,-0.0418544257265493,-0.05655161565089095,-0.056551616809036975,-0.05655161639051487,-0.056551621538468114,0.0,0.0,0.0,0.0,0.0,0.0,0.0,0.0,0.0,0.0,0.0,0.0,0.0,0.0,0.0,0.0,0.0,0.0,0.0,0.0,0.0,0.0,0.0,0.0,0.0,0.0,0.0,0.0,0.0,0.0,0.0,0.0,0.0,0.0,0.0,0.0,0.0,0.0,0.0,0.0,0.0,0.0,0.0,0.0,0.0,0.0,0.0,0.0
223_STEAM_3,-0.2825149377898568,-0.282525852890642,-0.2824772622158598,-0.28249558526073554,-0.19334251806356628,-0.1933425486987974,-0.1933416785048898,-0.19334226640951016,-0.2426358148163642,-0.24263582583967547,-0.24263566204369091,-0.2426357706153543,-0.231133862405125,-0.23113384841398465,-0.23113415262353332,-0.23113395369008485,-0.18789323667660374,-0.187893142011631,-0.1878926063409292,-0.1878928162066318,-0.22552778742940882,-0.22552681077859327,-0.22552721635173967,-0.2255265871157633,-0.17224888440968877,-0.17224888151077256,-0.1722488965192781,-0.17224889206339233,-0.1265737739093442,-0.12657369743504243,-0.12657391695827513,-0.12657383624254775,-0.06612356916837803,-0.06612356787213813,-0.0661235565986864,-0.06612356334307601,-0.050121746580241155,-0.0501217255153843,-0.05012173369795647,-0.050121762501589534,-0.05815122556369057,-0.05815105520606423,-0.05815133258258065,-0.05815146542830767,-0.05339864105106373,-0.053398622766406056,-0.05339868299974526,-0.053398691750987055,-0.06819950211479175,-0.06819950193355728,-0.06819950144557829,-0.06819950138772254,-0.06815038546297514,-0.06815038544608809,-0.06815038547254826,-0.06815038545988043,-0.0689553928536557,-0.06895539286469132,-0.06895539284652408,-0.06895539286058665,-0.07645181705560389,-0.07645181666577627,-0.07645181555976244,-0.07645181200353479,-0.07385609815781025,-0.07385609798706427,-0.07385609740796495,-0.0738560970010895,-0.07470287199861059,-0.07470287208385629,-0.07470287074214133,-0.07470287144187734,-0.08089973781659987,-0.08089973494895819,-0.08089972965542902,-0.08089974553805364,-0.0830304807001978,-0.08303047988941226,-0.08303049997155565,-0.0830304829098443,-0.08270181832576678,-0.0827018229324481,-0.08270181717307534,-0.08270182124573221,-0.10642442244096117,-0.10642441321209262,-0.10642442324224444,-0.10642442416733282,-0.11450792962429479,-0.11450793398345349,-0.11450790077881923,-0.11450792254611934,-0.12866809084154296,-0.12866809618505637,-0.1286680905911588,-0.1286681144231008,0.0,0.0,0.0,0.0,0.0,0.0,0.0,0.0,0.0,0.0,0.0,0.0,0.0,0.0,0.0,0.0,0.0,0.0,0.0,0.0,0.0,0.0,0.0,0.0,0.0,0.0,0.0,0.0,0.0,0.0,0.0,0.0,0.0,0.0,0.0,0.0,0.0,0.0,0.0,0.0,0.0,0.0,0.0,0.0,0.0,0.0,0.0,0.0
301_CT_1,0.0,0.0,0.0,0.0,0.0,0.0,0.0,0.0,0.0,0.0,0.0,0.0,0.0,0.0,0.0,0.0,0.0,0.0,0.0,0.0,0.0,0.0,0.0,0.0,0.0,0.0,0.0,0.0,0.0,0.0,0.0,0.0,0.0,0.0,0.0,0.0,0.0,0.0,0.0,0.0,0.0,0.0,0.0,0.0,0.0,0.0,0.0,0.0,0.0,0.0,0.0,0.0,0.0,0.0,0.0,0.0,0.0,0.0,0.0,0.0,0.0,0.0,0.0,0.0,0.0,0.0,0.0,0.0,0.0,0.0,0.0,0.0,0.0,0.0,0.0,0.0,0.0,0.0,0.0,0.0,0.0,0.0,0.0,0.0,0.0,0.0,0.0,0.0,0.0,0.0,0.0,0.0,0.0,0.0,0.0,0.0,0.0,0.0,0.0,0.0,0.0,0.0,0.0,0.0,0.0,0.0,0.0,0.0,0.0,0.0,0.0,0.0,0.0,0.0,0.0,0.0,0.0,0.0,0.0,0.0,0.0,0.0,0.0,0.0,0.0,0.0,0.0,0.0,0.0,0.0,0.0,0.0,0.0,0.0,0.0,0.0,0.0,0.0,0.0,0.0,0.0,0.0,0.0,0.0
301_CT_2,0.0,0.0,0.0,0.0,0.0,0.0,0.0,0.0,0.0,0.0,0.0,0.0,0.0,0.0,0.0,0.0,0.0,0.0,0.0,0.0,0.0,0.0,0.0,0.0,0.0,0.0,0.0,0.0,0.0,0.0,0.0,0.0,0.0,0.0,0.0,0.0,0.0,0.0,0.0,0.0,0.0,0.0,0.0,0.0,0.0,0.0,0.0,0.0,0.0,0.0,0.0,0.0,0.0,0.0,0.0,0.0,0.0,0.0,0.0,0.0,0.0,0.0,0.0,0.0,0.0,0.0,0.0,0.0,0.0,0.0,0.0,0.0,0.0,0.0,0.0,0.0,0.0,0.0,0.0,0.0,0.0,0.0,0.0,0.0,0.0,0.0,0.0,0.0,0.0,0.0,0.0,0.0,0.0,0.0,0.0,0.0,0.0,0.0,0.0,0.0,0.0,0.0,0.0,0.0,0.0,0.0,0.0,0.0,0.0,0.0,0.0,0.0,0.0,0.0,0.0,0.0,0.0,0.0,0.0,0.0,0.0,0.0,0.0,0.0,0.0,0.0,0.0,0.0,0.0,0.0,0.0,0.0,0.0,0.0,0.0,0.0,0.0,0.0,0.0,0.0,0.0,0.0,0.0,0.0
301_CT_3,0.0,0.0,0.0,0.0,0.0,0.0,0.0,0.0,0.0,0.0,0.0,0.0,0.0,0.0,0.0,0.0,0.0,0.0,0.0,0.0,0.0,0.0,0.0,0.0,0.0,0.0,0.0,0.0,0.0,0.0,0.0,0.0,0.0,0.0,0.0,0.0,0.0,0.0,0.0,0.0,0.0,0.0,0.0,0.0,0.0,0.0,0.0,0.0,0.0,0.0,0.0,0.0,0.0,0.0,0.0,0.0,0.0,0.0,0.0,0.0,0.0,0.0,0.0,0.0,0.0,0.0,0.0,0.0,0.0,0.0,0.0,0.0,0.0,0.0,0.0,0.0,0.0,0.0,0.0,0.0,0.0,0.0,0.0,0.0,0.0,0.0,0.0,0.0,0.0,0.0,0.0,0.0,0.0,0.0,0.0,0.0,0.0,0.0,0.0,0.0,0.0,0.0,0.0,0.0,0.0,0.0,0.0,0.0,0.0,0.0,0.0,0.0,0.0,0.0,0.0,0.0,0.0,0.0,0.0,0.0,0.0,0.0,0.0,0.0,0.0,0.0,0.0,0.0,0.0,0.0,0.0,0.0,0.0,0.0,0.0,0.0,0.0,0.0,0.0,0.0,0.0,0.0,0.0,0.0
301_CT_4,0.0,0.0,0.0,0.0,0.0,0.0,0.0,0.0,0.0,0.0,0.0,0.0,0.0,0.0,0.0,0.0,0.0,0.0,0.0,0.0,0.0,0.0,0.0,0.0,0.0,0.0,0.0,0.0,0.0,0.0,0.0,0.0,0.0,0.0,0.0,0.0,0.0,0.0,0.0,0.0,0.0,0.0,0.0,0.0,0.0,0.0,0.0,0.0,0.0,0.0,0.0,0.0,0.0,0.0,0.0,0.0,0.0,0.0,0.0,0.0,0.0,0.0,0.0,0.0,0.0,0.0,0.0,0.0,0.0,0.0,0.0,0.0,0.0,0.0,0.0,0.0,0.0,0.0,0.0,0.0,0.0,0.0,0.0,0.0,0.0,0.0,0.0,0.0,0.0,0.0,0.0,0.0,0.0,0.0,0.0,0.0,0.0,0.0,0.0,0.0,0.0,0.0,0.0,0.0,0.0,0.0,0.0,0.0,0.0,0.0,0.0,0.0,0.0,0.0,0.0,0.0,0.0,0.0,0.0,0.0,0.0,0.0,0.0,0.0,0.0,0.0,0.0,0.0,0.0,0.0,0.0,0.0,0.0,0.0,0.0,0.0,0.0,0.0,0.0,0.0,0.0,0.0,0.0,0.0
302_CT_1,0.0,0.0,0.0,0.0,0.0,0.0,0.0,0.0,0.0,0.0,0.0,0.0,0.0,0.0,0.0,0.0,0.0,0.0,0.0,0.0,0.0,0.0,0.0,0.0,0.0,0.0,0.0,0.0,0.0,0.0,0.0,0.0,0.0,0.0,0.0,0.0,0.0,0.0,0.0,0.0,0.0,0.0,0.0,0.0,0.0,0.0,0.0,0.0,0.0,0.0,0.0,0.0,0.0,0.0,0.0,0.0,0.0,0.0,0.0,0.0,0.0,0.0,0.0,0.0,0.0,0.0,0.0,0.0,0.0,0.0,0.0,0.0,0.0,0.0,0.0,0.0,0.0,0.0,0.0,0.0,0.0,0.0,0.0,0.0,0.0,0.0,0.0,0.0,0.0,0.0,0.0,0.0,0.0,0.0,0.0,0.0,0.0,0.0,0.0,0.0,0.0,0.0,0.0,0.0,0.0,0.0,0.0,0.0,0.0,0.0,0.0,0.0,0.0,0.0,0.0,0.0,0.0,0.0,0.0,0.0,0.0,0.0,0.0,0.0,0.0,0.0,0.0,0.0,0.0,0.0,0.0,0.0,0.0,0.0,0.0,0.0,0.0,0.0,0.0,0.0,0.0,0.0,0.0,0.0
302_CT_2,0.0,0.0,0.0,0.0,0.0,0.0,0.0,0.0,0.0,0.0,0.0,0.0,0.0,0.0,0.0,0.0,0.0,0.0,0.0,0.0,0.0,0.0,0.0,0.0,0.0,0.0,0.0,0.0,0.0,0.0,0.0,0.0,0.0,0.0,0.0,0.0,0.0,0.0,0.0,0.0,0.0,0.0,0.0,0.0,0.0,0.0,0.0,0.0,0.0,0.0,0.0,0.0,0.0,0.0,0.0,0.0,0.0,0.0,0.0,0.0,0.0,0.0,0.0,0.0,0.0,0.0,0.0,0.0,0.0,0.0,0.0,0.0,0.0,0.0,0.0,0.0,0.0,0.0,0.0,0.0,0.0,0.0,0.0,0.0,0.0,0.0,0.0,0.0,0.0,0.0,0.0,0.0,0.0,0.0,0.0,0.0,0.0,0.0,0.0,0.0,0.0,0.0,0.0,0.0,0.0,0.0,0.0,0.0,0.0,0.0,0.0,0.0,0.0,0.0,0.0,0.0,0.0,0.0,0.0,0.0,0.0,0.0,0.0,0.0,0.0,0.0,0.0,0.0,0.0,0.0,0.0,0.0,0.0,0.0,0.0,0.0,0.0,0.0,0.0,0.0,0.0,0.0,0.0,0.0
302_CT_3,0.0,0.0,0.0,0.0,0.0,0.0,0.0,0.0,0.0,0.0,0.0,0.0,0.0,0.0,0.0,0.0,0.0,0.0,0.0,0.0,0.0,0.0,0.0,0.0,0.0,0.0,0.0,0.0,0.0,0.0,0.0,0.0,0.0,0.0,0.0,0.0,0.0,0.0,0.0,0.0,0.0,0.0,0.0,0.0,0.0,0.0,0.0,0.0,0.0,0.0,0.0,0.0,0.0,0.0,0.0,0.0,0.0,0.0,0.0,0.0,0.0,0.0,0.0,0.0,0.0,0.0,0.0,0.0,0.0,0.0,0.0,0.0,0.0,0.0,0.0,0.0,0.0,0.0,0.0,0.0,0.0,0.0,0.0,0.0,0.0,0.0,0.0,0.0,0.0,0.0,0.0,0.0,0.0,0.0,0.0,0.0,0.0,0.0,0.0,0.0,0.0,0.0,0.0,0.0,0.0,0.0,0.0,0.0,0.0,0.0,0.0,0.0,0.0,0.0,0.0,0.0,0.0,0.0,0.0,0.0,0.0,0.0,0.0,0.0,0.0,0.0,0.0,0.0,0.0,0.0,0.0,0.0,0.0,0.0,0.0,0.0,0.0,0.0,0.0,0.0,0.0,0.0,0.0,0.0
302_CT_4,0.0,0.0,0.0,0.0,0.0,0.0,0.0,0.0,0.0,0.0,0.0,0.0,0.0,0.0,0.0,0.0,0.0,0.0,0.0,0.0,0.0,0.0,0.0,0.0,0.0,0.0,0.0,0.0,0.0,0.0,0.0,0.0,0.0,0.0,0.0,0.0,0.0,0.0,0.0,0.0,0.0,0.0,0.0,0.0,0.0,0.0,0.0,0.0,0.0,0.0,0.0,0.0,0.0,0.0,0.0,0.0,0.0,0.0,0.0,0.0,0.0,0.0,0.0,0.0,0.0,0.0,0.0,0.0,0.0,0.0,0.0,0.0,0.0,0.0,0.0,0.0,0.0,0.0,0.0,0.0,0.0,0.0,0.0,0.0,0.0,0.0,0.0,0.0,0.0,0.0,0.0,0.0,0.0,0.0,0.0,0.0,0.0,0.0,0.0,0.0,0.0,0.0,0.0,0.0,0.0,0.0,0.0,0.0,0.0,0.0,0.0,0.0,0.0,0.0,0.0,0.0,0.0,0.0,0.0,0.0,0.0,0.0,0.0,0.0,0.0,0.0,0.0,0.0,0.0,0.0,0.0,0.0,0.0,0.0,0.0,0.0,0.0,0.0,0.0,0.0,0.0,0.0,0.0,0.0
303_WIND_1,0.0,1.0,0.0,0.0,0.0,1.0,0.0,0.0,0.0,1.0,0.0,0.0,0.0,1.0,0.0,0.0,0.0,1.0,0.0,0.0,0.0,1.0,0.0,0.0,0.0,1.0,0.0,0.0,0.0,1.0,0.0,0.0,0.0,1.0,0.0,0.0,0.0,1.0,0.0,0.0,0.0,1.0,0.0,0.0,0.0,1.0,0.0,0.0,0.0,1.0,0.0,0.0,0.0,1.0,0.0,0.0,0.0,1.0,0.0,0.0,0.0,1.0,0.0,0.0,0.0,1.0,0.0,0.0,0.0,1.0,0.0,0.0,0.0,1.0,0.0,0.0,0.0,1.0,0.0,0.0,0.0,1.0,0.0,0.0,0.0,1.0,0.0,0.0,0.0,1.0,0.0,0.0,0.0,1.0,0.0,0.0,0.0,0.0,0.0,0.0,0.0,0.0,0.0,0.0,0.0,0.0,0.0,0.0,0.0,0.0,0.0,0.0,0.0,0.0,0.0,0.0,0.0,0.0,0.0,0.0,0.0,0.0,0.0,0.0,0.0,0.0,0.0,0.0,0.0,0.0,0.0,0.0,0.0,0.0,0.0,0.0,0.0,0.0,0.0,0.0,0.0,0.0,0.0,0.0
307_CT_1,0.0,0.0,0.0,0.0,0.0,0.0,0.0,0.0,0.0,0.0,0.0,0.0,0.0,0.0,0.0,0.0,0.0,0.0,0.0,0.0,0.0,0.0,0.0,0.0,0.0,0.0,0.0,0.0,0.0,0.0,0.0,0.0,0.0,0.0,0.0,0.0,0.0,0.0,0.0,0.0,0.0,0.0,0.0,0.0,0.0,0.0,0.0,0.0,0.0,0.0,0.0,0.0,0.0,0.0,0.0,0.0,0.0,0.0,0.0,0.0,0.0,0.0,0.0,0.0,0.0,0.0,0.0,0.0,0.0,0.0,0.0,0.0,0.0,0.0,0.0,0.0,0.0,0.0,0.0,0.0,0.0,0.0,0.0,0.0,0.0,0.0,0.0,0.0,0.0,0.0,0.0,0.0,0.0,0.0,0.0,0.0,0.0,0.0,0.0,0.0,0.0,0.0,0.0,0.0,0.0,0.0,0.0,0.0,0.0,0.0,0.0,0.0,0.0,0.0,0.0,0.0,0.0,0.0,0.0,0.0,0.0,0.0,0.0,0.0,0.0,0.0,0.0,0.0,0.0,0.0,0.0,0.0,0.0,0.0,0.0,0.0,0.0,0.0,0.0,0.0,0.0,0.0,0.0,0.0
307_CT_2,0.0,0.0,0.0,0.0,0.0,0.0,0.0,0.0,0.0,0.0,0.0,0.0,0.0,0.0,0.0,0.0,0.0,0.0,0.0,0.0,0.0,0.0,0.0,0.0,0.0,0.0,0.0,0.0,0.0,0.0,0.0,0.0,0.0,0.0,0.0,0.0,0.0,0.0,0.0,0.0,0.0,0.0,0.0,0.0,0.0,0.0,0.0,0.0,0.0,0.0,0.0,0.0,0.0,0.0,0.0,0.0,0.0,0.0,0.0,0.0,0.0,0.0,0.0,0.0,0.0,0.0,0.0,0.0,0.0,0.0,0.0,0.0,0.0,0.0,0.0,0.0,0.0,0.0,0.0,0.0,0.0,0.0,0.0,0.0,0.0,0.0,0.0,0.0,0.0,0.0,0.0,0.0,0.0,0.0,0.0,0.0,0.0,0.0,0.0,0.0,0.0,0.0,0.0,0.0,0.0,0.0,0.0,0.0,0.0,0.0,0.0,0.0,0.0,0.0,0.0,0.0,0.0,0.0,0.0,0.0,0.0,0.0,0.0,0.0,0.0,0.0,0.0,0.0,0.0,0.0,0.0,0.0,0.0,0.0,0.0,0.0,0.0,0.0,0.0,0.0,0.0,0.0,0.0,0.0
309_WIND_1,0.0,0.0,1.0,0.0,0.0,0.0,1.0,0.0,0.0,0.0,1.0,0.0,0.0,0.0,1.0,0.0,0.0,0.0,1.0,0.0,0.0,0.0,1.0,0.0,0.0,0.0,1.0,0.0,0.0,0.0,1.0,0.0,0.0,0.0,1.0,0.0,0.0,0.0,1.0,0.0,0.0,0.0,1.0,0.0,0.0,0.0,1.0,0.0,0.0,0.0,1.0,0.0,0.0,0.0,1.0,0.0,0.0,0.0,1.0,0.0,0.0,0.0,1.0,0.0,0.0,0.0,1.0,0.0,0.0,0.0,1.0,0.0,0.0,0.0,1.0,0.0,0.0,0.0,1.0,0.0,0.0,0.0,1.0,0.0,0.0,0.0,1.0,0.0,0.0,0.0,1.0,0.0,0.0,0.0,1.0,0.0,0.0,0.0,0.0,0.0,0.0,0.0,0.0,0.0,0.0,0.0,0.0,0.0,0.0,0.0,0.0,0.0,0.0,0.0,0.0,0.0,0.0,0.0,0.0,0.0,0.0,0.0,0.0,0.0,0.0,0.0,0.0,0.0,0.0,0.0,0.0,0.0,0.0,0.0,0.0,0.0,0.0,0.0,0.0,0.0,0.0,0.0,0.0,0.0
313_CC_1,0.0,0.0,0.0,0.0,0.0,0.0,0.0,0.0,0.0,0.0,0.0,0.0,0.0,0.0,0.0,0.0,0.0,0.0,0.0,0.0,0.0,0.0,0.0,0.0,0.0,0.0,0.0,0.0,2.2615243011614439e-13,1.1368683772161603e-13,9.00612917575927e-13,0.0,-0.2461304331899981,-0.2461304738069272,-0.24613036178319803,-0.2461304268768258,-0.043589464111318144,-0.0435894458469106,-0.04358945297851324,-0.04358947785948102,-0.05028674382264364,-0.05028659949947234,-0.050286836071522956,-0.05028694819460665,-0.04740633620858814,-0.04740631910235793,-0.04740637610037712,-0.047406383914753485,-0.05664366913996455,-0.056643668993801466,-0.0566436686005769,-0.05664366855520445,-0.057159379906048136,-0.05715937989438036,-0.057159379914031305,-0.05715937991932078,-0.057551001880923824,-0.05755100188649287,-0.05755100187671536,-0.05755100188677281,-0.062082100069856705,-0.06208209994562408,-0.06208209958961852,-0.06208209841332705,-0.060690648203780784,-0.06069064814173014,-0.06069064793056356,-0.06069064778718827,-0.060678216954069164,-0.06067821696911346,-0.06067821673533835,-0.0606782168529535,-0.06651428185586461,-0.06651427958634526,-0.06651427256403508,-0.06651428817374286,-0.07202267558094921,-0.07202267393264072,-0.07202269222052315,-0.07202267788217011,-0.07011556867995122,-0.07011557207946517,-0.07011556746239167,-0.07011557113861891,-0.1019100806816684,-0.10191007186833001,-0.1019100669191133,-0.10191007713593521,-0.10114290582745,-0.10114290845170071,-0.10114288902942459,-0.1011429015331943,2.255973186038318e-13,5.6288307348495437e-14,4.5297099404706387e-13,0.0,0.0,0.0,0.0,0.0,0.0,0.0,0.0,0.0,0.0,0.0,0.0,0.0,0.0,0.0,0.0,0.0,0.0,0.0,0.0,0.0,0.0,0.0,0.0,0.0,0.0,0.0,0.0,0.0,0.0,0.0,0.0,0.0,0.0,0.0,0.0,0.0,0.0,0.0,0.0,0.0,0.0,0.0,0.0,0.0,0.0,0.0,0.0,0.0
315_CT_6,0.0,0.0,0.0,0.0,0.0,0.0,0.0,0.0,0.0,0.0,0.0,0.0,0.0,0.0,0.0,0.0,0.0,0.0,0.0,0.0,0.0,0.0,0.0,0.0,0.0,0.0,0.0,0.0,0.0,0.0,0.0,0.0,0.0,0.0,0.0,0.0,0.0,0.0,0.0,0.0,0.0,0.0,0.0,0.0,0.0,0.0,0.0,0.0,0.0,0.0,0.0,0.0,0.0,0.0,0.0,0.0,-0.006771534778225688,-0.006771534780385502,-0.006771534776349286,-0.006771534776973188,-0.0057988406225064765,-0.005798840847198172,-0.005798841487349327,-0.005798843498210505,-0.005906181954682371,-0.005906182014181652,-0.005906182214912403,-0.005906182359577693,0.0,0.0,0.0,0.0,0.0,0.0,0.0,0.0,0.0,0.0,0.0,0.0,0.0,0.0,0.0,0.0,0.0,0.0,0.0,0.0,0.0,0.0,0.0,0.0,0.0,0.0,0.0,0.0,0.0,0.0,0.0,0.0,0.0,0.0,0.0,0.0,0.0,0.0,0.0,0.0,0.0,0.0,0.0,0.0,0.0,0.0,0.0,0.0,0.0,0.0,0.0,0.0,0.0,0.0,0.0,0.0,0.0,0.0,0.0,0.0,0.0,0.0,0.0,0.0,0.0,0.0,0.0,0.0,0.0,0.0,0.0,0.0,0.0,0.0,0.0,0.0
315_CT_7,0.0,0.0,0.0,0.0,0.0,0.0,0.0,0.0,0.0,0.0,0.0,0.0,0.0,0.0,0.0,0.0,0.0,0.0,0.0,0.0,0.0,0.0,0.0,0.0,0.0,0.0,0.0,0.0,0.0,0.0,0.0,0.0,0.0,0.0,0.0,0.0,0.0,0.0,0.0,0.0,0.0,0.0,0.0,0.0,0.0,0.0,0.0,0.0,0.0,0.0,0.0,0.0,0.0,0.0,0.0,0.0,0.0,0.0,0.0,0.0,0.0,0.0,0.0,0.0,0.0,0.0,0.0,0.0,0.0,0.0,0.0,0.0,0.0,0.0,0.0,0.0,0.0,0.0,0.0,0.0,0.0,0.0,0.0,0.0,0.0,0.0,0.0,0.0,0.0,0.0,0.0,0.0,0.0,0.0,0.0,0.0,0.0,0.0,0.0,0.0,0.0,0.0,0.0,0.0,0.0,0.0,0.0,0.0,0.0,0.0,0.0,0.0,0.0,0.0,0.0,0.0,0.0,0.0,0.0,0.0,0.0,0.0,0.0,0.0,0.0,0.0,0.0,0.0,0.0,0.0,0.0,0.0,0.0,0.0,0.0,0.0,0.0,0.0,0.0,0.0,0.0,0.0,0.0,0.0
315_CT_8,0.0,0.0,0.0,0.0,0.0,0.0,0.0,0.0,0.0,0.0,0.0,0.0,0.0,0.0,0.0,0.0,0.0,0.0,0.0,0.0,0.0,0.0,0.0,0.0,0.0,0.0,0.0,0.0,0.0,0.0,0.0,0.0,0.0,0.0,0.0,0.0,0.0,0.0,0.0,0.0,0.0,0.0,0.0,0.0,0.0,0.0,0.0,0.0,0.0,0.0,0.0,0.0,0.0,0.0,0.0,0.0,0.0,0.0,0.0,0.0,0.0,0.0,0.0,0.0,0.0,0.0,0.0,0.0,0.0,0.0,0.0,0.0,0.0,0.0,0.0,0.0,0.0,0.0,0.0,0.0,0.0,0.0,0.0,0.0,0.0,0.0,0.0,0.0,0.0,0.0,0.0,0.0,0.0,0.0,0.0,0.0,0.0,0.0,0.0,0.0,0.0,0.0,0.0,0.0,0.0,0.0,0.0,0.0,0.0,0.0,0.0,0.0,0.0,0.0,0.0,0.0,0.0,0.0,0.0,0.0,0.0,0.0,0.0,0.0,0.0,0.0,0.0,0.0,0.0,0.0,0.0,0.0,0.0,0.0,0.0,0.0,0.0,0.0,0.0,0.0,0.0,0.0,0.0,0.0
315_STEAM_1,0.0,0.0,0.0,0.0,0.0,0.0,0.0,0.0,0.0,0.0,0.0,0.0,0.0,0.0,0.0,0.0,0.0,0.0,0.0,0.0,0.0,0.0,0.0,0.0,0.0,0.0,0.0,0.0,0.0,0.0,0.0,0.0,0.0,0.0,0.0,0.0,0.0,0.0,0.0,0.0,0.0,0.0,0.0,0.0,0.0,0.0,0.0,0.0,0.0,0.0,0.0,0.0,0.0,0.0,0.0,0.0,0.0,0.0,0.0,0.0,0.0,0.0,0.0,0.0,0.0,0.0,0.0,0.0,0.0,0.0,0.0,0.0,0.0,0.0,0.0,0.0,0.0,0.0,0.0,0.0,0.0,0.0,0.0,0.0,0.0,0.0,0.0,0.0,0.0,0.0,0.0,0.0,0.0,0.0,0.0,0.0,0.0,0.0,0.0,0.0,0.0,0.0,0.0,0.0,0.0,0.0,0.0,0.0,0.0,0.0,0.0,0.0,0.0,0.0,0.0,0.0,0.0,0.0,0.0,0.0,0.0,0.0,0.0,0.0,0.0,0.0,0.0,0.0,0.0,0.0,0.0,0.0,0.0,0.0,0.0,0.0,0.0,0.0,0.0,0.0,0.0,0.0,0.0,0.0
315_STEAM_2,0.0,0.0,0.0,0.0,0.0,0.0,0.0,0.0,0.0,0.0,0.0,0.0,0.0,0.0,0.0,0.0,0.0,0.0,0.0,0.0,0.0,0.0,0.0,0.0,0.0,0.0,0.0,0.0,0.0,0.0,0.0,0.0,0.0,0.0,0.0,0.0,0.0,0.0,0.0,0.0,0.0,0.0,0.0,0.0,0.0,0.0,0.0,0.0,0.0,0.0,0.0,0.0,0.0,0.0,0.0,0.0,0.0,0.0,0.0,0.0,0.0,0.0,0.0,0.0,0.0,0.0,0.0,0.0,0.0,0.0,0.0,0.0,0.0,0.0,0.0,0.0,0.0,0.0,0.0,0.0,0.0,0.0,0.0,0.0,0.0,0.0,0.0,0.0,0.0,0.0,0.0,0.0,0.0,0.0,0.0,0.0,0.0,0.0,0.0,0.0,0.0,0.0,0.0,0.0,0.0,0.0,0.0,0.0,0.0,0.0,0.0,0.0,0.0,0.0,0.0,0.0,0.0,0.0,0.0,0.0,0.0,0.0,0.0,0.0,0.0,0.0,0.0,0.0,0.0,0.0,0.0,0.0,0.0,0.0,0.0,0.0,0.0,0.0,0.0,0.0,0.0,0.0,0.0,0.0
315_STEAM_3,0.0,0.0,0.0,0.0,0.0,0.0,0.0,0.0,0.0,0.0,0.0,0.0,0.0,0.0,0.0,0.0,0.0,0.0,0.0,0.0,0.0,0.0,0.0,0.0,0.0,0.0,0.0,0.0,0.0,0.0,0.0,0.0,0.0,0.0,0.0,0.0,0.0,0.0,0.0,0.0,0.0,0.0,0.0,0.0,0.0,0.0,0.0,0.0,0.0,0.0,0.0,0.0,0.0,0.0,0.0,0.0,0.0,0.0,0.0,0.0,0.0,0.0,0.0,0.0,0.0,0.0,0.0,0.0,0.0,0.0,0.0,0.0,0.0,0.0,0.0,0.0,0.0,0.0,0.0,0.0,0.0,0.0,0.0,0.0,0.0,0.0,0.0,0.0,0.0,0.0,0.0,0.0,0.0,0.0,0.0,0.0,0.0,0.0,0.0,0.0,0.0,0.0,0.0,0.0,0.0,0.0,0.0,0.0,0.0,0.0,0.0,0.0,0.0,0.0,0.0,0.0,0.0,0.0,0.0,0.0,0.0,0.0,0.0,0.0,0.0,0.0,0.0,0.0,0.0,0.0,0.0,0.0,0.0,0.0,0.0,0.0,0.0,0.0,0.0,0.0,0.0,0.0,0.0,0.0
315_STEAM_4,0.0,0.0,0.0,0.0,0.0,0.0,0.0,0.0,0.0,0.0,0.0,0.0,0.0,0.0,0.0,0.0,0.0,0.0,0.0,0.0,0.0,0.0,0.0,0.0,0.0,0.0,0.0,0.0,0.0,0.0,0.0,0.0,0.0,0.0,0.0,0.0,0.0,0.0,0.0,0.0,0.0,0.0,0.0,0.0,0.0,0.0,0.0,0.0,0.0,0.0,0.0,0.0,0.0,0.0,0.0,0.0,0.0,0.0,0.0,0.0,0.0,0.0,0.0,0.0,0.0,0.0,0.0,0.0,0.0,0.0,0.0,0.0,0.0,0.0,0.0,0.0,0.0,0.0,0.0,0.0,0.0,0.0,0.0,0.0,0.0,0.0,0.0,0.0,0.0,0.0,0.0,0.0,0.0,0.0,0.0,0.0,0.0,0.0,0.0,0.0,0.0,0.0,0.0,0.0,0.0,0.0,0.0,0.0,0.0,0.0,0.0,0.0,0.0,0.0,0.0,0.0,0.0,0.0,0.0,0.0,0.0,0.0,0.0,0.0,0.0,0.0,0.0,0.0,0.0,0.0,0.0,0.0,0.0,0.0,0.0,0.0,0.0,0.0,0.0,0.0,0.0,0.0,0.0,0.0
315_STEAM_5,0.0,0.0,0.0,0.0,0.0,0.0,0.0,0.0,0.0,0.0,0.0,0.0,0.0,0.0,0.0,0.0,0.0,0.0,0.0,0.0,0.0,0.0,0.0,0.0,0.0,0.0,0.0,0.0,0.0,0.0,0.0,0.0,0.0,0.0,0.0,0.0,0.0,0.0,0.0,0.0,0.0,0.0,0.0,0.0,0.0,0.0,0.0,0.0,0.0,0.0,0.0,0.0,0.0,0.0,0.0,0.0,0.0,0.0,0.0,0.0,0.0,0.0,0.0,0.0,0.0,0.0,0.0,0.0,0.0,0.0,0.0,0.0,0.0,0.0,0.0,0.0,0.0,0.0,0.0,0.0,0.0,0.0,0.0,0.0,0.0,0.0,0.0,0.0,0.0,0.0,0.0,0.0,0.0,0.0,0.0,0.0,0.0,0.0,0.0,0.0,0.0,0.0,0.0,0.0,0.0,0.0,0.0,0.0,0.0,0.0,0.0,0.0,0.0,0.0,0.0,0.0,0.0,0.0,0.0,0.0,0.0,0.0,0.0,0.0,0.0,0.0,0.0,0.0,0.0,0.0,0.0,0.0,0.0,0.0,0.0,0.0,0.0,0.0,0.0,0.0,0.0,0.0,0.0,0.0
316_STEAM_1,0.014376456315773334,0.01437645925767811,0.014376446070975213,0.014376448553097429,-1.0326238752966788e-09,-1.0310766684895611e-09,-1.0583889320514572e-09,-1.0468784764325516e-09,-9.207712925451972e-10,-9.195351147184283e-10,-9.485545682252905e-10,-9.362717923988588e-10,-8.57466431192222e-10,-8.558420638848929e-10,-8.797518269432203e-10,-8.682179467304329e-10,-5.779797751515048e-10,-5.746716991161804e-10,-5.552163173661029e-10,-5.684419072948077e-10,0.012999480095805593,0.012999449498599103,0.012999493070764867,0.012999467985397126,-0.060724680400410014,-0.06072467318969321,-0.060724688516860414,-0.06072467901585665,-0.029517753735889996,-0.029517743994538548,-0.029517772267609654,-0.029517758625241752,-0.026313310091924225,-0.02631330965510248,-0.026313290701884817,-0.0263133041217348,-0.020310009893220682,-0.020310000172393816,-0.02031000495830959,-0.02031001833606597,-0.02275266104018675,-0.022752587007611846,-0.022752718677247596,-0.022752771134237133,-0.021298364103625622,-0.02129835655358292,-0.021298386073363762,-0.021298388810246496,-0.021985873363050634,-0.021985873300547354,-0.021985873137336576,-0.021985873116084846,-0.0234644274576275,-0.02346442746070565,-0.023464427453534054,-0.02346442745380121,-0.022421620726754077,-0.022421620719064173,-0.022421620731943426,-0.02242162072056948,-0.01952170390092267,-0.01952170398301256,-0.01952170421438293,-0.019521704949855456,-0.019118350173586096,-0.01911835016306057,-0.01911835012587182,-0.019118350102131417,-0.01946743511378285,-0.019467435086140683,-0.019467435525509558,-0.019467435298509868,-0.019905629441049344,-0.01990562971915666,-0.019905619872284674,-0.0199056280105007,-0.02122967456336189,-0.021229675761753053,-0.021229675806632597,-0.021229677184449118,-0.024559010787154112,-0.024559009207966748,-0.024559008148364092,-0.024559012101839254,-0.02617538003231823,-0.02617539062171889,-0.02617538475064718,-0.026175424095796613,-0.0415191928961306,-0.0415191926212021,-0.04151919205662713,-0.04151919180105633,-0.056497308015313275,-0.05649730247110665,-0.05649736904924452,-0.056497318683622774,0.0,0.0,0.0,0.0,0.0,0.0,0.0,0.0,0.0,0.0,0.0,0.0,0.0,0.0,0.0,0.0,0.0,0.0,0.0,0.0,0.0,0.0,0.0,0.0,0.0,0.0,0.0,0.0,0.0,0.0,0.0,0.0,0.0,0.0,0.0,0.0,0.0,0.0,0.0,0.0,0.0,0.0,0.0,0.0,0.0,0.0,0.0,0.0
317_WIND_1,0.0,0.0,0.0,1.0,0.0,0.0,0.0,1.0,0.0,0.0,0.0,1.0,0.0,0.0,0.0,1.0,0.0,0.0,0.0,1.0,0.0,0.0,0.0,1.0,0.0,0.0,0.0,1.0,0.0,0.0,0.0,1.0,0.0,0.0,0.0,1.0,0.0,0.0,0.0,1.0,0.0,0.0,0.0,1.0,0.0,0.0,0.0,1.0,0.0,0.0,0.0,1.0,0.0,0.0,0.0,1.0,0.0,0.0,0.0,1.0,0.0,0.0,0.0,1.0,0.0,0.0,0.0,1.0,0.0,0.0,0.0,1.0,0.0,0.0,0.0,1.0,0.0,0.0,0.0,1.0,0.0,0.0,0.0,1.0,0.0,0.0,0.0,1.0,0.0,0.0,0.0,1.0,0.0,0.0,0.0,1.0,0.0,0.0,0.0,0.0,0.0,0.0,0.0,0.0,0.0,0.0,0.0,0.0,0.0,0.0,0.0,0.0,0.0,0.0,0.0,0.0,0.0,0.0,0.0,0.0,0.0,0.0,0.0,0.0,0.0,0.0,0.0,0.0,0.0,0.0,0.0,0.0,0.0,0.0,0.0,0.0,0.0,0.0,0.0,0.0,0.0,0.0,0.0,0.0
318_CC_1,0.0,0.0,0.0,0.0,0.0,0.0,0.0,0.0,0.0,0.0,0.0,0.0,0.0,0.0,0.0,0.0,0.0,0.0,0.0,0.0,0.0,0.0,0.0,0.0,0.0,0.0,0.0,0.0,0.0,0.0,0.0,0.0,0.0,0.0,0.0,0.0,1.127986593019159e-13,1.1235457009206584e-13,8.943956686380261e-13,0.0,-0.19224382074537538,-0.19224230357242078,-0.19224475502783367,-0.1922454190216694,-0.05325230789260427,-0.05325221191490592,-0.053252284031617414,-0.0532520237154022,-0.05271804143319314,-0.05271804125517887,-0.05271804083414455,-0.05271804076995052,-0.06337148694072059,-0.06337148698067452,-0.06337148690421213,-0.06337148691887619,-0.05734509091842371,-0.057345090922484854,-0.057345090915398966,-0.057345090924110144,-0.06193737083660933,-0.061937370450448115,-0.0619373693562002,-0.06193736593368648,-0.06775366330386723,-0.06775366350824163,-0.0677536642032539,-0.06775366469518063,-0.059236478367545864,-0.05923647845116453,-0.059236477130715226,-0.05923647781816081,-0.07128572737298855,-0.07128571445346643,-0.07128579809118207,-0.07128575075535841,-0.09690833607445071,-0.09690833535740262,-0.09690845250607616,-0.09690824934472592,1.127986593019159e-13,5.700995231450179e-14,4.5230486023228877e-13,0.0,0.0,0.0,0.0,0.0,0.0,0.0,0.0,0.0,0.0,0.0,0.0,0.0,0.0,0.0,0.0,0.0,0.0,0.0,0.0,0.0,0.0,0.0,0.0,0.0,0.0,0.0,0.0,0.0,0.0,0.0,0.0,0.0,0.0,0.0,0.0,0.0,0.0,0.0,0.0,0.0,0.0,0.0,0.0,0.0,0.0,0.0,0.0,0.0,0.0,0.0,0.0,0.0,0.0,0.0,0.0,0.0,0.0,0.0,0.0,0.0
321_CC_1,0.007298808656603706,0.0072988149336924435,0.007298782976790541,0.0072987993191239485,-1.9824919483824033e-10,-1.9884827118232806e-10,-1.872635380095744e-10,-1.9620497341356459e-10,-1.7134038632349302e-10,-1.7233170446218082e-10,-1.5123458041443882e-10,-1.6230885014554977e-10,-1.8859791506287138e-10,-1.896807155787883e-10,-1.7032419918905362e-10,-1.8050316163892287e-10,-2.1666474170345396e-10,-2.1300017305492247e-10,-1.7643930760868898e-10,-1.9884804047809108e-10,0.009161114590866548,0.009161109263627232,0.009161114695352524,0.00916111360267764,0.031791201520105616,0.03179079014696251,0.031793790349847306,0.031792661799550176,-0.10264230677219843,-0.1026422499959101,-0.102642413696306,-0.10264236675636276,-0.056102663107770456,-0.056102651874055276,-0.05610266775073036,-0.05610266169366701,-0.04397489310491487,-0.04397487322507887,-0.043974879340431094,-0.04397490879402283,-0.04864504296248673,-0.048644865527551984,-0.04864514532436193,-0.04864529450978164,-0.046593921987383324,-0.04659390319234635,-0.04659396164030216,-0.046593965682083384,-0.05552787767780187,-0.055527877416689186,-0.05552787677539062,-0.05552787668414767,-0.056616223703540025,-0.05661622372307962,-0.05661622368428443,-0.05661622368473875,-0.056445006948329435,-0.056445006948421916,-0.05644500694726151,-0.056445006954195596,-0.05939632358565128,-0.05939632323363797,-0.05939632223833824,-0.05939631911160243,-0.06011365880044228,-0.06011365874778424,-0.06011365857211359,-0.06011365845095899,-0.060462826814059456,-0.060462826904041256,-0.060462825491038874,-0.060462826230248706,-0.06612746157142624,-0.06612745814009235,-0.06612745851539392,-0.06612747028893487,-0.06842523467478911,-0.06842522981639321,-0.06842525960710466,-0.06842524875020842,-0.07020178165476332,-0.07020178486484124,-0.07020178753103234,-0.07020179204461317,-0.08781660531568958,-0.08781660699398053,-0.08781660209255615,-0.08781661997510555,-0.09779872486020347,-0.09779873637111008,-0.09779874878108608,-0.09779874373042924,0.0008669891664925267,0.0008670243521883281,0.0008672153969992991,0.0008672784711164199,0.0,0.0,0.0,0.0,0.0,0.0,0.0,0.0,0.0,0.0,0.0,0.0,0.0,0.0,0.0,0.0,0.0,0.0,0.0,0.0,0.0,0.0,0.0,0.0,0.0,0.0,0.0,0.0,0.0,0.0,0.0,0.0,0.0,0.0,0.0,0.0,0.0,0.0,0.0,0.0,0.0,0.0,0.0,0.0,0.0,0.0,0.0,0.0
322_CT_5,0.0,0.0,0.0,0.0,0.0,0.0,0.0,0.0,0.0,0.0,0.0,0.0,0.0,0.0,0.0,0.0,0.0,0.0,0.0,0.0,0.0,0.0,0.0,0.0,0.0,0.0,0.0,0.0,0.0,0.0,0.0,0.0,0.0,0.0,0.0,0.0,0.0,0.0,0.0,0.0,0.0,0.0,0.0,0.0,0.0,0.0,0.0,0.0,0.0,0.0,0.0,0.0,0.0,0.0,0.0,0.0,0.0,0.0,0.0,0.0,0.0,0.0,0.0,0.0,0.0,0.0,0.0,0.0,0.0,0.0,0.0,0.0,0.0,0.0,0.0,0.0,0.0,0.0,0.0,0.0,0.0,0.0,0.0,0.0,0.0,0.0,0.0,0.0,0.0,0.0,0.0,0.0,0.0,0.0,0.0,0.0,0.0,0.0,0.0,0.0,0.0,0.0,0.0,0.0,0.0,0.0,0.0,0.0,0.0,0.0,0.0,0.0,0.0,0.0,0.0,0.0,0.0,0.0,0.0,0.0,0.0,0.0,0.0,0.0,0.0,0.0,0.0,0.0,0.0,0.0,0.0,0.0,0.0,0.0,0.0,0.0,0.0,0.0,0.0,0.0,0.0,0.0,0.0,0.0
322_CT_6,0.0,0.0,0.0,0.0,0.0,0.0,0.0,0.0,0.0,0.0,0.0,0.0,0.0,0.0,0.0,0.0,0.0,0.0,0.0,0.0,0.0,0.0,0.0,0.0,0.0,0.0,0.0,0.0,0.0,0.0,0.0,0.0,0.0,0.0,0.0,0.0,0.0,0.0,0.0,0.0,0.0,0.0,0.0,0.0,0.0,0.0,0.0,0.0,0.0,0.0,0.0,0.0,0.0,0.0,0.0,0.0,0.0,0.0,0.0,0.0,0.0,0.0,0.0,0.0,0.0,0.0,0.0,0.0,0.0,0.0,0.0,0.0,0.0,0.0,0.0,0.0,0.0,0.0,0.0,0.0,0.0,0.0,0.0,0.0,0.0,0.0,0.0,0.0,0.0,0.0,0.0,0.0,0.0,0.0,0.0,0.0,0.0,0.0,0.0,0.0,0.0,0.0,0.0,0.0,0.0,0.0,0.0,0.0,0.0,0.0,0.0,0.0,0.0,0.0,0.0,0.0,0.0,0.0,0.0,0.0,0.0,0.0,0.0,0.0,0.0,0.0,0.0,0.0,0.0,0.0,0.0,0.0,0.0,0.0,0.0,0.0,0.0,0.0,0.0,0.0,0.0,0.0,0.0,0.0
323_CC_1,1.1257661469699087e-13,1.1535217225855376e-13,9.023892744153272e-13,0.0,1.1524114995609125e-13,1.1146639167236572e-13,9.041656312547275e-13,0.0,1.1435297153639112e-13,1.156852391659413e-13,8.86402062860725e-13,0.0,1.1302070390684094e-13,1.1257661469699087e-13,9.103828801926284e-13,0.0,1.0985656828665924e-13,1.1124434706744069e-13,4.600764214046649e-13,0.0,1.1368683772161603e-13,1.0658141036401503e-13,4.360956040727615e-13,0.0,1.1390888232654106e-13,1.1213252548714081e-13,4.476419235288631e-13,0.0,2.2670754162845697e-13,1.1546319456101628e-13,9.015010959956271e-13,0.0,1.1191048088221578e-13,1.1302070390684094e-13,9.032774528350274e-13,0.0,-0.15006026736644784,-0.15019957374142123,-0.1502507175365304,-0.15000507517436923,-0.06736324391514392,-0.06737763087777116,-0.06739803220950691,-0.06737149263182088,-0.043067397001198326,-0.04305321678724772,-0.043075927450098916,-0.04305155816266212,-0.05501085427425434,-0.055010853934505555,-0.05501085313255061,-0.055010853013417314,-0.0562566355418046,-0.0562566355789067,-0.056256635507095254,-0.05625663550778207,-0.05714259564226637,-0.05714259564531954,-0.05714259563976709,-0.05714259564807578,-0.06150805690912209,-0.0615080564934134,-0.06150805530965142,-0.0615080515243857,-0.06407497787811556,-0.06407497804236673,-0.06407497860180511,-0.0640749789909335,-0.06082661554104296,-0.0608266156661883,-0.0608266136930502,-0.06082661471491959,-0.024625564486010276,-0.024633468721880214,-0.02440862417012868,-0.024614665948532163,0.005722479366141897,0.005811195357918297,0.004973525537721901,0.005002907852381698,-0.019657045122926764,-0.020309762425217814,-0.02164823072003652,-0.016655653924270392,0.022129021885755273,0.02212893245765274,0.022129002374417173,0.022128442064419857,0.005854564585414224,0.0058545682401531796,0.005854563184902517,0.005854569410662771,0.00027661480847473996,0.0002766429634526446,0.00027634722870040207,0.0002765675728834433,0.0,0.0,0.0,0.0,0.0,0.0,0.0,0.0,0.0,0.0,0.0,0.0,0.0,0.0,0.0,0.0,0.0,0.0,0.0,0.0,0.0,0.0,0.0,0.0,0.0,0.0,0.0,0.0,0.0,0.0,0.0,0.0,0.0,0.0,0.0,0.0,0.0,0.0,0.0,0.0,0.0,0.0,0.0,0.0,0.0,0.0,0.0,0.0
323_CC_2,0.0013750190737658041,0.0013750176857332264,0.0013750300708101904,0.0013750176104262,-2.50108822541506e-11,-2.5526025737576674e-11,-8.920864047468058e-12,-2.1755474991382765e-11,-1.1806100541633668e-10,-1.190914034054913e-10,-7.226130804838249e-11,-1.1162309735675097e-10,-1.359053980465319e-10,-1.3826140232708894e-10,-5.3216098194752703e-11,-1.1912276540674553e-10,-1.9429513553603783e-10,-1.7712598054941964e-10,-9.536904599372065e-11,-1.3485239437948359e-10,0.0024669275283600856,0.002466935486697297,0.0024669197229387763,0.002466925577009327,0.00864235447564754,0.008642352532536757,0.008642366048634997,0.008642359762170317,-0.06894525781489835,-0.06894568766155995,-0.06894445560164275,-0.06894488930119644,0.08365884878502516,0.08365785415608284,0.083660796046372,0.08365913791616693,-0.07572890013463252,-0.07559010345014294,-0.07553873684780488,-0.07578368542944502,-0.04763988886210713,-0.04762949890889345,-0.04760238437927278,-0.04762632379843988,-0.04965809083884154,-0.04967269342747471,-0.04964876710567978,-0.0496732886102389,-0.05501089013156035,-0.05501088979130131,-0.05501088898751316,-0.05501088886715121,-0.05625681741760813,-0.056256817454701125,-0.05625681738289323,-0.05625681740760819,-0.05714259564226637,-0.05714259564531954,-0.05714259563976709,-0.05714259564807578,-0.06150807895882471,-0.06150807854315177,-0.061508077358575,-0.061508073542173254,-0.06407482860749991,-0.06407482877178511,-0.06407482933106134,-0.06407482972757168,-0.07075590176030067,-0.07075590176701196,-0.0707559016507342,-0.0707559017107931,-0.02529046731117557,-0.02528261116877606,-0.025507511070201883,-0.025301267909177548,0.006574813036593907,0.006486073849622631,0.007324039618159528,0.007294417151187866,-0.011048805992033006,-0.010396074549435308,-0.009057505930508913,-0.01405014924603859,2.2570834090629432e-13,5.6621374255882984e-14,4.516387264175137e-13,0.0,2.255973186038318e-13,5.6288307348495437e-14,4.516387264175137e-13,0.0,2.2515322939398175e-13,5.67323965583455e-14,4.5208281562736374e-13,0.0,0.0,0.0,0.0,0.0,0.0,0.0,0.0,0.0,0.0,0.0,0.0,0.0,0.0,0.0,0.0,0.0,0.0,0.0,0.0,0.0,0.0,0.0,0.0,0.0,0.0,0.0,0.0,0.0,0.0,0.0,0.0,0.0,0.0,0.0,0.0,0.0,0.0,0.0,0.0,0.0,0.0,0.0,0.0,0.0,0.0,0.0,0.0,0.0
